# Blender 5.1.1
# www.blender.org
mtllib Block.mtl
o Object_11
v -0.010125 1.466464 0.154476
v -0.005075 1.471621 0.154641
v -0.005075 1.471621 0.154641
v 0.000000 1.466449 0.154807
v -0.005075 1.476567 0.154641
v 0.000000 1.476567 0.154806
v 0.000000 1.466449 0.154807
v 0.005075 1.471621 0.154641
v 0.010125 1.466464 0.154476
v 0.005075 1.476567 0.154641
v -0.010125 2.180569 -0.154476
v -0.000000 2.180569 -0.154807
v -0.000000 2.193474 -0.149244
v 0.010125 2.180569 -0.154476
v 0.009761 2.193474 -0.148924
v 0.008916 2.199034 -0.136040
v -0.000000 2.199034 -0.136332
v -0.009761 2.193474 -0.148924
v -0.020206 2.180569 -0.153483
v -0.142739 2.193474 -0.043300
v -0.136453 2.180569 -0.072937
v -0.131549 2.193474 -0.070315
v -0.122815 2.180569 -0.094241
v -0.118401 2.193474 -0.090854
v -0.109464 2.180569 -0.109465
v -0.105530 2.193474 -0.105531
v -0.094239 2.180569 -0.122817
v -0.090853 2.193474 -0.118403
v -0.072935 2.180569 -0.136455
v -0.070314 2.193474 -0.131551
v -0.044913 2.180569 -0.148062
v -0.043299 2.193474 -0.142741
v -0.019480 2.193474 -0.147967
v -0.008916 2.199034 -0.136040
v 0.000000 2.199034 0.000000
v 0.008916 2.199034 0.136040
v 0.017795 2.199034 0.135166
v 0.039553 2.199034 0.130392
v 0.064231 2.199034 0.120170
v 0.082992 2.199034 0.108159
v 0.096400 2.199034 0.096401
v 0.108158 2.199034 0.082994
v 0.120168 2.199034 0.064232
v 0.130390 2.199034 0.039554
v 0.135163 2.199034 0.017795
v 0.147965 2.193474 0.019480
v 0.142739 2.193474 0.043300
v 0.131549 2.193474 0.070315
v 0.118401 2.193474 0.090854
v 0.105530 2.193474 0.105531
v 0.090853 2.193474 0.118403
v 0.070314 2.193474 0.131551
v 0.043299 2.193474 0.142741
v 0.019480 2.193474 0.147967
v 0.122815 2.180569 0.094241
v 0.109464 2.180569 0.109465
v 0.094239 2.180569 0.122817
v 0.072935 2.180569 0.136455
v 0.044913 2.180569 0.148062
v 0.020206 2.180569 0.153483
v 0.009761 2.193474 0.148924
v 0.000000 2.199034 0.136332
v -0.008916 2.199034 0.136040
v -0.017795 2.199034 0.135166
v -0.009761 2.193474 0.148924
v 0.000000 2.180569 0.154807
v -0.010125 2.180569 0.154476
v 0.000000 2.193474 0.149244
v 0.010125 2.180569 0.154476
v 0.039553 2.199034 -0.130392
v 0.017795 2.199034 -0.135165
v 0.019480 2.193474 -0.147967
v 0.064231 2.199034 -0.120170
v 0.082992 2.199034 -0.108159
v 0.096400 2.199034 -0.096401
v 0.108158 2.199034 -0.082994
v 0.120168 2.199034 -0.064232
v 0.130390 2.199034 -0.039554
v 0.135163 2.199034 -0.017795
v 0.136038 2.199034 -0.008917
v 0.147965 2.193474 -0.019480
v 0.142739 2.193474 -0.043300
v 0.131549 2.193474 -0.070315
v 0.118401 2.193474 -0.090854
v 0.105530 2.193474 -0.105531
v 0.090853 2.193474 -0.118403
v 0.070314 2.193474 -0.131551
v 0.043299 2.193474 -0.142741
v 0.020206 2.180569 -0.153483
v 0.044913 2.180569 -0.148062
v 0.072935 2.180569 -0.136455
v 0.094239 2.180569 -0.122817
v 0.109464 2.180569 -0.109465
v 0.122815 2.180569 -0.094241
v 0.136453 2.180569 -0.072937
v 0.148060 2.180569 -0.044914
v 0.153481 2.180569 -0.020206
v 0.148922 2.193474 -0.009761
v 0.136330 2.199034 0.000000
v 0.136038 2.199034 0.008917
v 0.148922 2.193474 0.009761
v 0.154473 2.180569 0.010125
v 0.153481 2.180569 0.020206
v 0.148060 2.180569 0.044914
v 0.136453 2.180569 0.072937
v 0.154805 2.180569 0.000000
v 0.149242 2.193474 0.000000
v 0.154473 2.180569 -0.010125
v -0.136038 2.199034 -0.008917
v -0.149242 2.193474 0.000000
v -0.148922 2.193474 -0.009761
v -0.136330 2.199034 0.000000
v -0.135163 2.199034 -0.017795
v -0.130390 2.199034 -0.039554
v -0.120168 2.199034 -0.064232
v -0.108158 2.199034 -0.082994
v -0.096400 2.199034 -0.096401
v -0.082992 2.199034 -0.108159
v -0.064231 2.199034 -0.120170
v -0.039553 2.199034 -0.130392
v -0.017795 2.199034 -0.135165
v -0.147965 2.193474 -0.019480
v -0.131549 2.193474 0.070315
v -0.136453 2.180569 0.072937
v -0.148060 2.180569 0.044914
v -0.142739 2.193474 0.043300
v -0.130390 2.199034 0.039554
v -0.135163 2.199034 0.017795
v -0.136038 2.199034 0.008917
v -0.148922 2.193474 0.009761
v -0.154473 2.180569 0.010125
v -0.154805 2.180569 0.000000
v -0.154473 2.180569 -0.010125
v -0.153481 2.180569 -0.020206
v -0.148060 2.180569 -0.044914
v -0.153481 2.180569 0.020206
v -0.147965 2.193474 0.019480
v -0.120168 2.199034 0.064232
v -0.108158 2.199034 0.082994
v -0.096400 2.199034 0.096401
v -0.105530 2.193474 0.105531
v -0.090853 2.193474 0.118403
v -0.082992 2.199034 0.108159
v -0.070314 2.193474 0.131551
v -0.064231 2.199034 0.120170
v -0.043299 2.193474 0.142741
v -0.039553 2.199034 0.130392
v -0.019480 2.193474 0.147967
v -0.118401 2.193474 0.090854
v -0.020206 2.180569 0.153483
v -0.044913 2.180569 0.148062
v -0.072935 2.180569 0.136455
v -0.094239 2.180569 0.122817
v -0.109464 2.180569 0.109465
v -0.122815 2.180569 0.094241
v 0.349359 1.569667 -0.083561
v 0.349359 1.569667 -0.083561
v 0.349359 1.569667 -0.083561
v 0.349359 1.537430 -0.090247
v 0.349359 1.537430 -0.090247
v 0.349359 1.537430 -0.090247
v 0.349359 1.564729 -0.067283
v 0.349365 1.466460 -0.114977
v 0.349365 1.466460 -0.114977
v 0.349365 1.466460 -0.090247
v 0.349359 1.582680 -0.114977
v -0.259790 1.810748 0.339261
v -0.154806 1.815823 0.339261
v -0.154639 1.810748 0.339261
v -0.259958 1.815823 0.339261
v -0.154639 1.820899 0.339261
v -0.259790 1.820899 0.339261
v 0.400000 2.179918 -0.363014
v 0.400000 2.179918 -0.363014
v 0.399998 2.179918 -0.164718
v 0.363436 2.215823 -0.164718
v 0.363436 2.215823 -0.164718
v 0.363436 2.215818 -0.363014
v -0.349607 1.815823 0.364644
v -0.364758 1.905649 0.349494
v -0.349607 1.905775 0.364644
v -0.364758 1.815823 0.349494
v -0.349607 1.725849 0.364644
v -0.364758 1.725879 0.349494
v -0.399997 1.651110 -0.363014
v -0.399998 1.451408 -0.363014
v -0.364438 1.451408 -0.400000
v -0.364438 1.651110 -0.400000
v -0.400000 2.179918 -0.363014
v -0.400000 2.179918 -0.363014
v -0.399997 1.980537 -0.363014
v -0.364438 1.980537 -0.400000
v -0.364438 1.980537 -0.400000
v -0.364438 2.179918 -0.400000
v 0.349359 1.569667 0.083561
v 0.349359 1.564729 0.067283
v 0.349359 1.537430 0.090234
v 0.349359 1.537430 0.090234
v 0.349359 1.582680 0.114977
v 0.349359 1.582680 0.114977
v 0.349359 1.582680 0.114977
v 0.349365 1.466460 0.090234
v 0.349365 1.466460 0.090234
v 0.349365 1.466460 0.114976
v 0.363436 1.980537 0.399996
v 0.363436 1.980537 0.399996
v 0.349365 1.930797 0.349338
v 0.233147 1.930797 0.349364
v 0.233147 1.930797 0.349364
v 0.285296 1.980537 0.400000
v 0.285296 1.651110 0.400000
v 0.285296 1.651110 0.400000
v 0.233147 1.700850 0.349364
v 0.349365 1.700850 0.349338
v 0.349365 1.700850 0.349338
v 0.363436 1.651110 0.399996
v -0.005075 1.556038 0.344206
v -0.010233 1.556206 0.349364
v -0.010125 1.661352 0.349364
v -0.005075 1.661187 0.344206
v -0.259790 1.820899 0.344206
v -0.259621 1.826056 0.349364
v -0.154473 1.825948 0.349364
v -0.154639 1.820899 0.344206
v 0.005075 1.661187 0.344206
v 0.010125 1.661352 0.349364
v 0.010233 1.556206 0.349364
v 0.005075 1.556038 0.344206
v 0.005075 2.075609 0.344206
v 0.010233 2.075440 0.349364
v 0.010125 1.970294 0.349364
v 0.005075 1.970460 0.344206
v -0.259790 1.820899 0.344206
v -0.154639 1.820899 0.344206
v -0.154639 1.820899 0.339261
v -0.259790 1.820899 0.339261
v -0.154639 1.810748 0.344206
v -0.259790 1.810748 0.344206
v -0.259790 1.810748 0.339261
v -0.154639 1.810748 0.339261
v 0.005075 1.661187 0.344206
v 0.005075 1.556038 0.344206
v 0.005075 1.556038 0.339261
v 0.005075 1.661187 0.339261
v -0.005075 1.556038 0.344206
v -0.005075 1.661187 0.344206
v -0.005075 1.661187 0.339261
v -0.005075 1.556038 0.339261
v -0.005075 1.970460 0.344206
v -0.005075 2.075609 0.344206
v -0.005075 2.075609 0.339261
v -0.005075 1.970460 0.339261
v 0.005075 2.075609 0.344206
v 0.005075 1.970460 0.344206
v 0.005075 1.970460 0.339261
v 0.005075 2.075609 0.339261
v 0.154639 1.820899 0.344206
v 0.259790 1.820899 0.344206
v 0.259790 1.820899 0.339261
v 0.154639 1.820899 0.339261
v 0.259790 1.810748 0.344206
v 0.154639 1.810748 0.344206
v 0.154639 1.810748 0.339261
v 0.259790 1.810748 0.339261
v 0.399994 2.101115 -0.164718
v 0.349359 2.048967 -0.114977
v 0.349365 2.165190 -0.114977
v 0.399998 2.179918 -0.164718
v 0.399998 2.179918 0.164718
v 0.349365 2.165190 0.114976
v 0.349359 2.048967 0.114977
v 0.399994 2.101115 0.164718
v 0.154639 1.820899 0.344206
v 0.154473 1.825948 0.349364
v 0.259621 1.826056 0.349364
v 0.259790 1.820899 0.344206
v 0.259790 1.810748 0.344206
v 0.259621 1.805590 0.349364
v 0.154473 1.805699 0.349364
v 0.154639 1.810748 0.344206
v -0.005075 1.970460 0.344206
v -0.010125 1.970294 0.349364
v -0.010233 2.075440 0.349364
v -0.005075 2.075609 0.344206
v -0.154639 1.810748 0.344206
v -0.154473 1.805699 0.349364
v -0.259621 1.805590 0.349364
v -0.259790 1.810748 0.344206
v 0.399994 1.980537 0.285300
v 0.349359 1.930797 0.233151
v 0.349365 1.930797 0.349338
v 0.399998 1.980537 0.364434
v 0.364576 1.725997 -0.349694
v 0.349365 1.725845 -0.349366
v 0.349359 1.726113 -0.277344
v 0.364899 1.726114 -0.291551
v 0.349365 1.905960 0.349338
v 0.349365 1.905960 0.349338
v 0.349359 1.905852 0.276577
v 0.364899 1.905687 0.291210
v 0.364899 1.905687 0.291210
v 0.364888 1.905771 0.349219
v 0.364899 1.888670 0.271876
v 0.364899 1.905687 0.291210
v 0.349359 1.905852 0.276577
v 0.349359 1.883104 0.251102
v 0.364899 1.742976 0.271876
v 0.364899 1.742976 0.271876
v 0.349359 1.748543 0.251102
v 0.349359 1.726113 0.277611
v 0.349359 1.726113 0.277611
v 0.364899 1.726115 0.291789
v 0.164716 1.415829 0.285300
v 0.164716 1.415829 0.285300
v 0.114976 1.466464 0.233151
v 0.114975 1.466493 0.349338
v 0.114975 1.466493 0.349338
v 0.164716 1.415836 0.364434
v 0.363436 1.415828 0.164718
v 0.349365 1.466460 0.114976
v 0.233147 1.466464 0.114977
v 0.285296 1.415829 0.164718
v 0.285296 1.415829 -0.164718
v 0.233147 1.466464 -0.114977
v 0.349365 1.466460 -0.114977
v 0.363436 1.415828 -0.164718
v -0.349539 1.905942 -0.364922
v -0.364804 1.905647 -0.349657
v -0.364804 1.815823 -0.349657
v -0.349539 1.815823 -0.364922
v -0.364804 1.725877 -0.349657
v -0.349539 1.725661 -0.364922
v -0.000000 2.164826 -0.364539
v -0.089865 2.180365 -0.349000
v -0.089865 2.164826 -0.364539
v -0.000000 2.180365 -0.349000
v 0.089711 2.164826 -0.364539
v 0.089711 2.180365 -0.349000
v 0.348729 2.181033 -0.090247
v 0.365298 2.164464 -0.090247
v 0.365298 2.164464 0.000000
v 0.348729 2.181033 0.000000
v 0.365298 2.164464 0.090235
v 0.348729 2.181033 0.090235
v 0.005075 1.471621 -0.154641
v 0.005075 1.471621 -0.259794
v 0.005075 1.476567 -0.259794
v 0.005075 1.476567 -0.154641
v 0.364899 1.544275 -0.072763
v 0.349359 1.564729 -0.067283
v 0.349359 1.537430 -0.090247
v 0.364899 1.523860 -0.090247
v 0.364899 1.523860 -0.090247
v 0.349359 1.537430 -0.090247
v 0.349365 1.466460 -0.090247
v 0.364879 1.467512 -0.090247
v -0.164716 1.415829 -0.285300
v -0.114976 1.466464 -0.233151
v -0.114975 1.466465 -0.349366
v -0.164716 1.415831 -0.363014
v 0.164716 1.415831 -0.363014
v 0.114975 1.466465 -0.349366
v 0.114976 1.466464 -0.233151
v 0.164716 1.415829 -0.285300
v 0.364879 1.467512 0.090234
v 0.349365 1.466460 0.090234
v 0.349359 1.537430 0.090234
v 0.364899 1.523860 0.090234
v -0.364438 1.415828 -0.164718
v -0.349365 1.466460 -0.114977
v -0.233147 1.466464 -0.114977
v -0.285296 1.415829 -0.164718
v -0.005075 1.471621 -0.259794
v -0.005075 1.471621 -0.154641
v -0.005075 1.476567 -0.154641
v -0.005075 1.476567 -0.259794
v -0.154639 1.471621 -0.005076
v -0.259790 1.471621 -0.005076
v -0.259790 1.476567 -0.005076
v -0.154639 1.476567 -0.005076
v -0.344201 1.661187 0.005076
v -0.349359 1.661352 0.010125
v -0.349359 1.556206 0.010233
v -0.344201 1.556038 0.005076
v -0.344201 1.810748 -0.154641
v -0.349359 1.805699 -0.154476
v -0.349359 1.805590 -0.259625
v -0.344201 1.810748 -0.259794
v -0.344201 2.075609 0.005076
v -0.349359 2.075440 0.010233
v -0.349359 1.970294 0.010125
v -0.344201 1.970460 0.005076
v -0.344201 1.970460 -0.005076
v -0.349359 1.970294 -0.010125
v -0.349359 2.075440 -0.010233
v -0.344201 2.075609 -0.005076
v -0.349359 2.075440 0.010233
v -0.344201 2.075609 0.005076
v -0.344228 2.075763 0.000000
v -0.349393 2.075759 0.000000
v -0.339256 2.075609 0.005076
v -0.339256 2.075763 0.000000
v -0.344201 2.075609 -0.005076
v -0.349393 2.075759 0.000000
v -0.349359 2.075440 -0.010233
v -0.339256 2.075609 -0.005076
v -0.344201 2.075609 0.005076
v -0.344201 1.970460 0.005076
v -0.339256 1.970460 0.005076
v -0.339256 2.075609 0.005076
v -0.344201 1.970460 -0.005076
v -0.339256 1.970460 -0.005076
v -0.339256 1.970630 0.000000
v -0.349374 1.970626 0.000000
v -0.344201 1.970460 0.005076
v -0.349359 1.970294 0.010125
v -0.349359 1.970294 -0.010125
v -0.339256 1.970460 0.005076
v -0.344201 1.970460 -0.005076
v -0.344201 2.075609 -0.005076
v -0.339256 2.075609 -0.005076
v -0.339256 1.970460 -0.005076
v -0.349359 1.826056 -0.259625
v -0.344201 1.820899 -0.259794
v -0.344228 1.815823 -0.259942
v -0.349363 1.815823 -0.259948
v -0.339256 1.820899 -0.259794
v -0.339256 1.815823 -0.259942
v -0.344201 1.810748 -0.259794
v -0.349363 1.815823 -0.259948
v -0.349359 1.805590 -0.259625
v -0.339256 1.810748 -0.259794
v -0.344201 1.820899 -0.259794
v -0.344201 1.820899 -0.154641
v -0.339256 1.820899 -0.154641
v -0.339256 1.820899 -0.259794
v -0.344201 1.810748 -0.154641
v -0.339256 1.810748 -0.154641
v -0.339256 1.815823 -0.154807
v -0.349374 1.815823 -0.154807
v -0.344201 1.820899 -0.154641
v -0.349359 1.825948 -0.154476
v -0.349359 1.805699 -0.154476
v -0.339256 1.820899 -0.154641
v -0.344201 1.810748 -0.154641
v -0.344201 1.810748 -0.259794
v -0.339256 1.810748 -0.259794
v -0.339256 1.810748 -0.154641
v -0.349359 1.805590 0.259625
v -0.344201 1.810748 0.259794
v -0.344228 1.815823 0.259957
v -0.349363 1.815823 0.259952
v -0.339256 1.810748 0.259794
v -0.339256 1.815823 0.259957
v -0.344201 1.820899 0.259794
v -0.344201 1.820899 0.259794
v -0.349363 1.815823 0.259952
v -0.349363 1.815823 0.259952
v -0.349359 1.826056 0.259625
v -0.339256 1.820899 0.259794
v -0.344201 1.810748 0.259794
v -0.344201 1.810748 0.154641
v -0.339256 1.810748 0.154641
v -0.339256 1.810748 0.259794
v -0.344201 1.820899 0.154641
v -0.339256 1.820899 0.154641
v -0.339256 1.815823 0.154806
v -0.349374 1.815823 0.154807
v -0.344201 1.810748 0.154641
v -0.349359 1.805699 0.154476
v -0.349359 1.825948 0.154476
v -0.339256 1.810748 0.154641
v -0.344201 1.820899 0.154641
v -0.344201 1.820899 0.259794
v -0.339256 1.820899 0.259794
v -0.339256 1.820899 0.154641
v -0.344201 1.661187 0.005076
v -0.339256 1.661187 0.005076
v -0.339256 1.661019 0.000000
v -0.349374 1.661021 0.000000
v -0.344201 1.661187 -0.005076
v -0.349359 1.661352 -0.010125
v -0.349359 1.661352 0.010125
v -0.339256 1.661187 -0.005076
v -0.344201 1.661187 0.005076
v -0.344201 1.556038 0.005076
v -0.339256 1.556038 0.005076
v -0.339256 1.661187 0.005076
v -0.349359 1.556206 -0.010233
v -0.344201 1.556038 -0.005076
v -0.344228 1.555869 -0.000000
v -0.349393 1.555861 -0.000000
v -0.339256 1.556038 -0.005076
v -0.339256 1.555869 -0.000000
v -0.344201 1.556038 0.005076
v -0.349393 1.555861 -0.000000
v -0.349359 1.556206 0.010233
v -0.339256 1.556038 0.005076
v -0.344201 1.556038 -0.005076
v -0.344201 1.661187 -0.005076
v -0.339256 1.661187 -0.005076
v -0.339256 1.556038 -0.005076
v -0.344201 1.820899 -0.259794
v -0.349359 1.826056 -0.259625
v -0.349359 1.825948 -0.154476
v -0.344201 1.820899 -0.154641
v -0.344201 1.820899 0.154641
v -0.349359 1.825948 0.154476
v -0.349359 1.826056 0.259625
v -0.344201 1.820899 0.259794
v -0.344201 1.556038 -0.005076
v -0.349359 1.556206 -0.010233
v -0.349359 1.661352 -0.010125
v -0.344201 1.661187 -0.005076
v -0.344201 1.810748 0.259794
v -0.349359 1.805590 0.259625
v -0.349359 1.805699 0.154476
v -0.344201 1.810748 0.154641
v -0.399994 2.101115 0.164718
v -0.349359 2.048967 0.114977
v -0.349365 2.165189 0.114976
v -0.399997 2.179918 0.164718
v -0.399997 2.179918 -0.164718
v -0.349365 2.165189 -0.114977
v -0.349359 2.048967 -0.114977
v -0.399994 2.101115 -0.164718
v -0.399997 1.651110 -0.363014
v -0.349365 1.700849 -0.349366
v -0.349359 1.700850 -0.233151
v -0.399994 1.651110 -0.285300
v -0.399994 1.980537 -0.285300
v -0.349359 1.930797 -0.233151
v -0.349365 1.930796 -0.349366
v -0.399997 1.980537 -0.363014
v -0.399994 1.530532 -0.164718
v -0.349359 1.582680 -0.114977
v -0.349365 1.466460 -0.114977
v -0.399998 1.451408 -0.164718
v -0.399998 1.451408 0.164718
v -0.349365 1.466460 0.114976
v -0.349359 1.582680 0.114977
v -0.399994 1.530532 0.164718
v -0.399994 1.651110 0.285300
v -0.349359 1.700850 0.233151
v -0.349365 1.700850 0.349338
v -0.399997 1.651110 0.364434
v -0.364899 2.087372 -0.072763
v -0.349359 2.066918 -0.067283
v -0.349359 2.094216 -0.090247
v -0.364899 2.107787 -0.090247
v -0.364977 2.165677 0.090235
v -0.350217 2.180438 0.090235
v -0.349365 2.165189 0.090235
v -0.349359 2.094216 0.090235
v -0.364899 2.107787 0.090235
v -0.285296 1.651110 -0.400000
v -0.364438 1.651110 -0.400000
v -0.364438 1.451408 -0.400000
v -0.261356 1.615281 -0.400000
v -0.232943 1.582884 -0.400000
v -0.200545 1.554472 -0.400000
v -0.164716 1.530532 -0.400000
v -0.164716 1.451408 -0.400000
v -0.164716 2.101115 -0.400000
v -0.164716 2.179918 -0.400000
v -0.364438 2.179918 -0.400000
v -0.200545 2.077175 -0.400000
v -0.232943 2.048763 -0.400000
v -0.261356 2.016366 -0.400000
v -0.285296 1.980537 -0.400000
v -0.364438 1.980537 -0.400000
v -0.005075 1.661187 0.339261
v 0.000000 1.555874 0.339261
v -0.005075 1.556038 0.339261
v 0.000000 1.661022 0.339261
v 0.005075 1.556038 0.339261
v 0.005075 1.661187 0.339261
v -0.364899 1.725960 -0.291551
v -0.349359 1.725794 -0.277344
v -0.349365 1.725687 -0.349366
v -0.364804 1.725877 -0.349657
v -0.399997 1.980537 0.364434
v -0.349365 1.930797 0.349338
v -0.349359 1.930797 0.233151
v -0.399994 1.980537 0.285300
v -0.364899 1.905532 0.291789
v -0.349359 1.905534 0.277611
v -0.349365 1.905801 0.349338
v -0.364758 1.905649 0.349494
v -0.349607 1.905775 0.364644
v 0.005075 1.970460 0.339261
v 0.000000 2.075758 0.339261
v 0.005075 2.075609 0.339261
v 0.000000 1.970626 0.339261
v -0.005075 2.075609 0.339261
v -0.005075 1.970460 0.339261
v -0.349359 1.905534 0.277611
v -0.364899 1.905532 0.291789
v -0.364899 1.888670 0.271876
v -0.364899 1.888670 0.271876
v -0.349359 1.883104 0.251102
v -0.364899 1.742976 0.271876
v -0.364899 1.725960 0.291210
v -0.349359 1.725794 0.276577
v -0.349359 1.748543 0.251102
v -0.364804 1.905647 -0.349657
v -0.349365 1.905794 -0.349366
v -0.349359 1.905534 -0.277344
v -0.364899 1.905533 -0.291551
v 0.164716 1.530532 -0.400000
v 0.164716 1.451408 -0.400000
v 0.363436 1.451408 -0.400000
v 0.200545 1.554472 -0.400000
v 0.232943 1.582884 -0.400000
v 0.261356 1.615281 -0.400000
v 0.285296 1.651110 -0.400000
v 0.363436 1.651110 -0.400000
v -0.285296 1.415829 0.164718
v -0.233147 1.466464 0.114977
v -0.349365 1.466460 0.114976
v -0.364438 1.415828 0.164718
v 0.089711 2.165276 0.364865
v 0.089711 2.165276 0.364865
v 0.089712 2.165185 0.349338
v 0.089712 2.093159 0.349364
v 0.089712 2.093159 0.349364
v 0.089711 2.107365 0.364905
v 0.344201 1.970460 0.005076
v 0.349359 1.970294 0.010125
v 0.349359 2.075440 0.010233
v 0.344201 2.075609 0.005076
v 0.344201 1.820899 -0.154641
v 0.349359 1.825948 -0.154476
v 0.349359 1.826056 -0.259625
v 0.344201 1.820899 -0.259794
v -0.364758 1.725879 0.349494
v -0.349607 1.725849 0.364644
v -0.349365 1.725693 0.349338
v -0.364899 1.725960 0.291210
v -0.349359 1.725794 0.276577
v 0.154639 1.810748 0.339261
v 0.259944 1.815823 0.339261
v 0.259790 1.810748 0.339261
v 0.154809 1.815823 0.339261
v 0.259790 1.820899 0.339261
v 0.154639 1.820899 0.339261
v -0.364899 1.544275 0.072763
v -0.349359 1.564729 0.067283
v -0.349359 1.538496 0.090235
v -0.364899 1.523627 0.090234
v 0.344201 1.556038 0.005076
v 0.349359 1.556206 0.010233
v 0.349359 1.661352 0.010125
v 0.344201 1.661187 0.005076
v 0.344201 1.661187 -0.005076
v 0.349359 1.661352 -0.010125
v 0.349359 1.556206 -0.010233
v 0.344201 1.556038 -0.005076
v 0.005075 1.471621 0.259794
v 0.010233 1.466464 0.259625
v 0.010125 1.466464 0.154476
v 0.005075 1.471621 0.154641
v 0.259790 1.471621 -0.005076
v 0.259621 1.466464 -0.010233
v 0.154473 1.466464 -0.010125
v 0.154639 1.471621 -0.005076
v -0.005075 1.471621 0.154641
v -0.010125 1.466464 0.154476
v -0.010233 1.466464 0.259625
v -0.005075 1.471621 0.259794
v -0.005075 1.471621 -0.259794
v -0.010233 1.466464 -0.259625
v -0.010125 1.466464 -0.154476
v -0.005075 1.471621 -0.154641
v -0.364899 1.523627 0.090234
v -0.349359 1.538496 0.090235
v -0.349365 1.466460 0.090234
v -0.364867 1.466619 0.090234
v -0.364867 1.466619 -0.090247
v -0.349365 1.466460 -0.090247
v -0.349359 1.538496 -0.090247
v -0.364899 1.523627 -0.090247
v 0.349359 1.556206 0.010233
v 0.344201 1.556038 0.005076
v 0.344228 1.555884 -0.000000
v 0.349393 1.555888 -0.000000
v 0.339256 1.556038 0.005076
v 0.339256 1.555884 -0.000000
v 0.344201 1.556038 -0.005076
v 0.349393 1.555888 -0.000000
v 0.349359 1.556206 -0.010233
v 0.339256 1.556038 -0.005076
v 0.344201 1.556038 0.005076
v 0.344201 1.661187 0.005076
v 0.339256 1.661187 0.005076
v 0.339256 1.556038 0.005076
v 0.344201 1.661187 -0.005076
v 0.339256 1.661187 -0.005076
v 0.339256 1.661017 0.000000
v 0.349374 1.661021 0.000000
v 0.344201 1.661187 0.005076
v 0.349359 1.661352 0.010125
v 0.349359 1.661352 -0.010125
v 0.339256 1.661187 0.005076
v 0.344201 1.661187 -0.005076
v 0.344201 1.556038 -0.005076
v 0.339256 1.556038 -0.005076
v 0.339256 1.661187 -0.005076
v 0.349359 1.805590 -0.259625
v 0.344201 1.810748 -0.259794
v 0.344228 1.815823 -0.259942
v 0.349363 1.815823 -0.259948
v 0.339256 1.810748 -0.259794
v 0.339256 1.815823 -0.259942
v 0.344201 1.820899 -0.259794
v 0.349363 1.815823 -0.259948
v 0.349359 1.826056 -0.259625
v 0.339256 1.820899 -0.259794
v 0.344201 1.810748 -0.259794
v 0.344201 1.810748 -0.154641
v 0.339256 1.810748 -0.154641
v 0.339256 1.810748 -0.259794
v 0.344201 1.820899 -0.154641
v 0.339256 1.820899 -0.154641
v 0.339256 1.815823 -0.154807
v 0.349374 1.815823 -0.154807
v 0.344201 1.810748 -0.154641
v 0.349359 1.805699 -0.154476
v 0.349359 1.825948 -0.154476
v 0.339256 1.810748 -0.154641
v 0.344201 1.820899 -0.154641
v 0.344201 1.820899 -0.259794
v 0.339256 1.820899 -0.259794
v 0.339256 1.820899 -0.154641
v 0.349359 1.826056 0.259625
v 0.344201 1.820899 0.259794
v 0.344228 1.815823 0.259957
v 0.349363 1.815823 0.259952
v 0.339256 1.820899 0.259794
v 0.339256 1.815823 0.259957
v 0.344201 1.810748 0.259794
v 0.349363 1.815823 0.259952
v 0.349359 1.805590 0.259625
v 0.339256 1.810748 0.259794
v 0.344201 1.820899 0.259794
v 0.344201 1.820899 0.154641
v 0.339256 1.820899 0.154641
v 0.339256 1.820899 0.259794
v 0.344201 1.810748 0.154641
v 0.339256 1.810748 0.154641
v 0.339256 1.815823 0.154806
v 0.349374 1.815823 0.154807
v 0.344201 1.820899 0.154641
v 0.349359 1.825948 0.154476
v 0.349359 1.805699 0.154476
v 0.339256 1.820899 0.154641
v 0.399998 1.651110 0.364434
v 0.349365 1.700850 0.349338
v 0.349359 1.700850 0.233151
v 0.399994 1.651110 0.285300
v 0.344201 1.810748 0.154641
v 0.344201 1.810748 0.259794
v 0.339256 1.810748 0.259794
v 0.339256 1.810748 0.154641
v 0.344201 1.970460 0.005076
v 0.339256 1.970460 0.005076
v 0.339256 1.970627 0.000000
v 0.349374 1.970626 0.000000
v 0.344201 1.970460 -0.005076
v 0.349359 1.970294 -0.010125
v 0.349359 1.970294 0.010125
v 0.339256 1.970460 -0.005076
v 0.344201 1.970460 0.005076
v 0.344201 2.075609 0.005076
v 0.339256 2.075609 0.005076
v 0.339256 1.970460 0.005076
v 0.364899 1.726115 0.291789
v 0.349359 1.726113 0.277611
v 0.349365 1.725852 0.349338
v 0.364888 1.726000 0.349219
v -0.164716 1.415836 0.364434
v -0.164716 1.415836 0.364434
v -0.114975 1.466493 0.349338
v -0.114976 1.466464 0.233151
v -0.114976 1.466464 0.233151
v -0.164716 1.415829 0.285300
v -0.164716 2.179918 0.399996
v -0.164716 2.179918 0.399996
v -0.114976 2.165185 0.349338
v -0.114976 2.048967 0.349364
v -0.114976 2.048967 0.349364
v -0.164716 2.101115 0.400000
v 0.164716 2.101115 0.400000
v 0.164716 2.101115 0.400000
v 0.114976 2.048967 0.349364
v 0.114975 2.165185 0.349338
v 0.114975 2.165185 0.349338
v 0.164716 2.179918 0.399996
v -0.072848 2.087691 0.364905
v -0.067282 2.066918 0.349364
v -0.090030 2.093159 0.349364
v -0.089865 2.107365 0.364905
v -0.349359 1.700850 0.233151
v -0.399994 1.651110 0.285300
v -0.349359 1.685847 0.225132
v -0.349359 1.657575 0.206240
v -0.399994 1.615281 0.261360
v -0.349359 1.632010 0.183819
v -0.399994 1.582884 0.232947
v -0.349359 1.609590 0.158254
v -0.399994 1.554472 0.200548
v -0.349359 1.590698 0.129980
v -0.399994 1.530532 0.164718
v -0.349359 1.582680 0.114977
v -0.349359 1.582680 -0.114977
v -0.399994 1.530532 -0.164718
v -0.349359 1.590698 -0.129980
v -0.349359 1.609590 -0.158254
v -0.399994 1.554472 -0.200548
v -0.349359 1.632010 -0.183819
v -0.399994 1.582884 -0.232947
v -0.349359 1.657575 -0.206240
v -0.399994 1.615281 -0.261360
v -0.349359 1.685847 -0.225132
v -0.399994 1.651110 -0.285300
v -0.349359 1.700850 -0.233151
v -0.349359 1.732265 0.246164
v -0.349359 1.748543 0.251102
v -0.349359 1.725794 0.276577
v -0.349359 1.725794 0.276577
v -0.349359 1.700850 0.233151
v -0.349359 1.700850 0.233151
v -0.349359 1.700850 0.233151
v -0.349365 1.725693 0.349338
v -0.349365 1.725693 0.349338
v -0.349365 1.700850 0.349338
v -0.349359 2.048967 0.114977
v -0.399994 2.101115 0.164718
v -0.349359 2.040948 0.129980
v -0.349359 2.022057 0.158254
v -0.399994 2.077175 0.200548
v -0.349359 1.999637 0.183819
v -0.399994 2.048763 0.232947
v -0.349359 1.974072 0.206240
v -0.399994 2.016366 0.261360
v -0.349359 1.945799 0.225132
v -0.399994 1.980537 0.285300
v -0.349359 1.930797 0.233151
v -0.349359 1.930797 -0.233151
v -0.399994 1.980537 -0.285300
v -0.349359 1.945799 -0.225132
v -0.349359 1.974072 -0.206240
v -0.399994 2.016366 -0.261360
v -0.349359 1.999637 -0.183819
v -0.399994 2.048763 -0.232947
v -0.349359 2.022057 -0.158253
v -0.399994 2.077175 -0.200548
v -0.349359 2.040948 -0.129980
v -0.399994 2.101115 -0.164718
v -0.349359 2.048967 -0.114977
v -0.285296 1.980537 0.400000
v -0.285296 1.980537 0.400000
v -0.233147 1.930797 0.349364
v -0.349365 1.930797 0.349338
v -0.349365 1.930797 0.349338
v -0.364438 1.980537 0.399996
v -0.364438 1.651110 0.399996
v -0.364438 1.651110 0.399996
v -0.349365 1.700850 0.349338
v -0.233147 1.700850 0.349364
v -0.233147 1.700850 0.349364
v -0.285296 1.651110 0.400000
v 0.005075 1.471621 0.259794
v 0.005075 1.471621 0.154641
v 0.005075 1.476567 0.154641
v 0.005075 1.476567 0.259794
v -0.349359 1.770911 -0.148062
v -0.349359 1.700850 -0.233151
v -0.349359 1.732265 -0.246164
v -0.349359 1.748543 -0.251102
v -0.349359 1.795618 -0.153483
v -0.349359 1.781893 -0.257736
v -0.349359 1.805699 -0.154476
v -0.349359 1.805590 -0.259625
v -0.349359 1.662345 -0.020206
v -0.349359 1.661352 -0.010125
v -0.349359 1.556206 -0.010233
v -0.349359 1.558095 -0.033932
v -0.349359 1.667766 -0.044914
v -0.349359 1.564729 -0.067283
v -0.349359 1.569667 -0.083561
v -0.349359 1.679373 -0.072937
v -0.349359 1.582680 -0.114977
v -0.349359 1.590698 -0.129980
v -0.349359 1.693010 -0.094241
v -0.349359 1.609590 -0.158254
v -0.349359 1.706361 -0.109465
v -0.349359 1.632010 -0.183819
v -0.349359 1.721586 -0.122817
v -0.349359 1.657575 -0.206240
v -0.349359 1.742889 -0.136455
v -0.349359 1.685847 -0.225132
v -0.154639 1.810748 0.344206
v -0.154639 1.810748 0.339261
v -0.154806 1.815823 0.339261
v -0.154473 1.805699 0.349364
v -0.154805 1.815823 0.349379
v -0.154639 1.820899 0.344206
v -0.154639 1.820899 0.339261
v -0.154473 1.825948 0.349364
v 0.005075 1.661187 0.344206
v 0.005075 1.661187 0.339261
v 0.000000 1.661022 0.339261
v 0.010125 1.661352 0.349364
v 0.000000 1.661021 0.349379
v -0.005075 1.661187 0.344206
v -0.005075 1.661187 0.339261
v -0.010125 1.661352 0.349364
v -0.005075 1.970460 0.344206
v -0.005075 1.970460 0.339261
v 0.000000 1.970626 0.339261
v -0.010125 1.970294 0.349364
v 0.000000 1.970626 0.349379
v 0.005075 1.970460 0.344206
v 0.005075 1.970460 0.339261
v 0.010125 1.970294 0.349364
v 0.154639 1.820899 0.344206
v 0.154639 1.820899 0.339261
v 0.154809 1.815823 0.339261
v 0.154473 1.825948 0.349364
v 0.154805 1.815823 0.349379
v 0.154639 1.810748 0.344206
v 0.154639 1.810748 0.339261
v 0.154473 1.805699 0.349364
v 0.010233 2.075440 0.349364
v 0.000000 2.075758 0.344234
v 0.000000 2.075764 0.349368
v 0.005075 2.075609 0.344206
v 0.000000 2.075758 0.339261
v 0.005075 2.075609 0.339261
v -0.005075 2.075609 0.344206
v -0.010233 2.075440 0.349364
v 0.000000 2.075764 0.349368
v -0.005075 2.075609 0.339261
v 0.089871 1.466493 0.349338
v 0.090030 1.466464 0.276577
v 0.089865 1.450924 0.291210
v 0.089831 1.450954 0.348618
v 0.399994 1.530532 0.164718
v 0.399994 1.530532 0.164718
v 0.349359 1.582680 0.114977
v 0.349365 1.466460 0.114976
v 0.349365 1.466460 0.114976
v 0.399997 1.451408 0.164718
v -0.399998 1.451408 -0.363014
v -0.399997 1.651110 -0.363014
v -0.399994 1.651110 -0.285300
v -0.399994 1.615281 -0.261360
v -0.399994 1.582884 -0.232947
v -0.399994 1.554472 -0.200548
v -0.399994 1.530532 -0.164718
v -0.399998 1.451408 -0.164718
v -0.399994 1.651110 0.285300
v -0.399997 1.651110 0.364434
v -0.400000 1.451408 0.364434
v -0.399994 1.615281 0.261360
v -0.399994 1.582884 0.232947
v -0.399994 1.554472 0.200548
v -0.399994 1.530532 0.164718
v -0.399998 1.451408 0.164718
v -0.259621 1.826056 0.349364
v -0.259958 1.815823 0.344234
v -0.259966 1.815823 0.349398
v -0.259790 1.820899 0.344206
v -0.259958 1.815823 0.339261
v -0.259790 1.820899 0.339261
v -0.259790 1.810748 0.344206
v -0.259621 1.805590 0.349364
v -0.259966 1.815823 0.349398
v -0.259790 1.810748 0.339261
v -0.399997 2.179918 0.164718
v -0.400000 2.179918 0.364434
v -0.399994 2.101115 0.164718
v -0.399994 2.077175 0.200548
v -0.399994 2.048763 0.232947
v -0.399994 2.016366 0.261360
v -0.399994 1.980537 0.285300
v -0.399997 1.980537 0.364434
v -0.010233 1.556206 0.349364
v 0.000000 1.555874 0.344234
v 0.000000 1.555879 0.349368
v -0.005075 1.556038 0.344206
v 0.000000 1.555874 0.339261
v -0.005075 1.556038 0.339261
v 0.005075 1.556038 0.344206
v 0.010233 1.556206 0.349364
v 0.000000 1.555879 0.349368
v 0.005075 1.556038 0.339261
v -0.400000 2.179918 -0.363014
v -0.399997 2.179918 -0.164718
v -0.399994 2.101115 -0.164718
v -0.399994 2.077175 -0.200548
v -0.399994 2.048763 -0.232947
v -0.399994 2.016366 -0.261360
v -0.399994 1.980537 -0.285300
v -0.399997 1.980537 -0.363014
v -0.349359 1.569667 -0.083561
v -0.349359 1.564729 -0.067283
v -0.349359 1.538496 -0.090247
v -0.349359 1.538496 -0.090247
v -0.349359 1.538496 -0.090247
v -0.349359 1.582680 -0.114977
v -0.349359 1.582680 -0.114977
v -0.349359 1.582680 -0.114977
v -0.349365 1.466460 -0.090247
v -0.349365 1.466460 -0.090247
v -0.349365 1.466460 -0.114977
v 0.259621 1.826056 -0.349364
v 0.259790 1.820899 -0.344206
v 0.259944 1.815823 -0.344234
v 0.259940 1.815823 -0.349398
v 0.259790 1.810748 -0.344206
v 0.259621 1.805590 -0.349364
v 0.259940 1.815823 -0.349398
v 0.259944 1.815823 -0.339261
v 0.259790 1.820899 -0.339261
v 0.259790 1.810748 -0.339261
v 0.259790 1.820899 -0.344206
v 0.154639 1.820899 -0.344206
v 0.154639 1.820899 -0.339261
v 0.259790 1.820899 -0.339261
v 0.154639 1.810748 -0.344206
v 0.154639 1.810748 -0.339261
v 0.154809 1.815823 -0.339261
v 0.154805 1.815823 -0.349379
v 0.154639 1.820899 -0.344206
v 0.154473 1.825948 -0.349364
v 0.154473 1.805699 -0.349364
v 0.154639 1.820899 -0.339261
v 0.154639 1.810748 -0.344206
v 0.259790 1.810748 -0.344206
v 0.259790 1.810748 -0.339261
v 0.154639 1.810748 -0.339261
v 0.010233 1.556206 -0.349364
v 0.005075 1.556038 -0.344206
v -0.000000 1.555889 -0.344234
v -0.000000 1.555883 -0.349368
v 0.005075 1.556038 -0.339261
v -0.000000 1.555889 -0.339261
v -0.005075 1.556038 -0.344206
v -0.000000 1.555883 -0.349368
v -0.010233 1.556206 -0.349364
v -0.005075 1.556038 -0.339261
v 0.005075 1.556038 -0.344206
v 0.005075 1.661187 -0.344206
v 0.005075 1.661187 -0.339261
v 0.005075 1.556038 -0.339261
v -0.005075 1.661187 -0.344206
v -0.005075 1.661187 -0.339261
v -0.000000 1.661021 -0.339261
v -0.000000 1.661021 -0.349379
v 0.005075 1.661187 -0.344206
v 0.010125 1.661352 -0.349364
v -0.010125 1.661352 -0.349364
v 0.005075 1.661187 -0.339261
v -0.005075 1.661187 -0.344206
v -0.005075 1.556038 -0.344206
v -0.005075 1.556038 -0.339261
v -0.005075 1.661187 -0.339261
v -0.010233 2.075440 -0.349364
v -0.005075 2.075609 -0.344206
v -0.000000 2.075772 -0.344234
v -0.000000 2.075767 -0.349368
v -0.005075 2.075609 -0.339261
v -0.000000 2.075772 -0.339261
v 0.005075 2.075609 -0.344206
v -0.000000 2.075767 -0.349368
v 0.010233 2.075440 -0.349364
v 0.005075 2.075609 -0.339261
v -0.005075 2.075609 -0.344206
v -0.005075 1.970460 -0.344206
v -0.005075 1.970460 -0.339261
v -0.005075 2.075609 -0.339261
v 0.005075 1.970460 -0.344206
v 0.005075 1.970460 -0.339261
v -0.000000 1.970624 -0.339261
v -0.000000 1.970626 -0.349379
v -0.005075 1.970460 -0.344206
v -0.010125 1.970294 -0.349364
v 0.010125 1.970294 -0.349364
v -0.005075 1.970460 -0.339261
v 0.005075 1.970460 -0.344206
v 0.005075 2.075609 -0.344206
v 0.005075 2.075609 -0.339261
v 0.005075 1.970460 -0.339261
v -0.154639 1.820899 -0.344206
v -0.154639 1.820899 -0.339261
v -0.154806 1.815823 -0.339261
v -0.154805 1.815823 -0.349379
v -0.154639 1.810748 -0.344206
v -0.154473 1.805699 -0.349364
v -0.154473 1.825948 -0.349364
v -0.154639 1.810748 -0.339261
v -0.154639 1.820899 -0.344206
v -0.259790 1.820899 -0.344206
v -0.259790 1.820899 -0.339261
v -0.154639 1.820899 -0.339261
v -0.090030 1.538487 -0.349364
v -0.114975 1.466465 -0.349366
v -0.089871 1.466465 -0.349366
v -0.114976 1.582680 -0.349364
v -0.083560 1.569667 -0.349364
v -0.067282 1.564729 -0.349364
v -0.083560 2.061980 -0.349364
v -0.067282 2.066918 -0.349364
v -0.090030 2.092392 -0.349364
v -0.114976 2.048967 -0.349364
v -0.090030 2.165157 -0.349366
v -0.114976 2.165157 -0.349366
v -0.292200 1.906055 -0.364905
v -0.277332 1.906055 -0.349364
v -0.349365 1.905794 -0.349366
v -0.349539 1.905942 -0.364922
v -0.364804 1.905647 -0.349657
v 0.259621 1.805590 0.349364
v 0.259944 1.815823 0.344234
v 0.259940 1.815823 0.349398
v 0.259790 1.810748 0.344206
v 0.259944 1.815823 0.339261
v 0.259790 1.810748 0.339261
v 0.259790 1.820899 0.344206
v 0.259621 1.826056 0.349364
v 0.259940 1.815823 0.349398
v 0.259790 1.820899 0.339261
v -0.114976 2.048967 -0.349364
v -0.164716 2.101115 -0.400000
v -0.129978 2.040948 -0.349364
v -0.158251 2.022057 -0.349364
v -0.200545 2.077175 -0.400000
v -0.183817 1.999637 -0.349364
v -0.232943 2.048763 -0.400000
v -0.206237 1.974072 -0.349364
v -0.261356 2.016366 -0.400000
v -0.225128 1.945799 -0.349364
v -0.285296 1.980537 -0.400000
v -0.233147 1.930797 -0.349364
v 0.005075 1.471621 -0.154641
v 0.010125 1.466464 -0.154476
v 0.010233 1.466464 -0.259625
v 0.005075 1.471621 -0.259794
v 0.154639 1.471621 0.005076
v 0.154473 1.466464 0.010125
v 0.259621 1.466464 0.010233
v 0.259790 1.471621 0.005076
v 0.364899 2.108019 0.090235
v 0.349359 2.093151 0.090235
v 0.349365 2.165190 0.090235
v 0.365298 2.164464 0.090235
v 0.348729 2.181033 0.090235
v -0.364438 1.415828 -0.164718
v -0.399998 1.451408 -0.164718
v -0.349365 1.466460 -0.114977
v 0.072935 1.679373 -0.349364
v 0.044913 1.667766 -0.349364
v 0.083560 1.569667 -0.349364
v 0.067282 1.564729 -0.349364
v 0.033931 1.558095 -0.349364
v 0.020206 1.662345 -0.349364
v 0.010233 1.556206 -0.349364
v 0.010125 1.661352 -0.349364
v 0.257732 1.781893 -0.349364
v 0.259621 1.805590 -0.349364
v 0.154473 1.805699 -0.349364
v 0.153481 1.795618 -0.349364
v 0.148060 1.770911 -0.349364
v 0.251098 1.748543 -0.349364
v 0.246160 1.732265 -0.349364
v 0.233147 1.700850 -0.349364
v 0.136453 1.742889 -0.349364
v 0.225128 1.685847 -0.349364
v 0.206237 1.657575 -0.349364
v 0.122815 1.721586 -0.349364
v 0.183817 1.632010 -0.349364
v 0.109464 1.706361 -0.349364
v 0.158251 1.609590 -0.349364
v 0.094239 1.693010 -0.349364
v 0.129978 1.590698 -0.349364
v 0.114976 1.582680 -0.349364
v 0.000000 1.467417 0.365082
v 0.089710 1.524043 0.364905
v 0.089744 1.467417 0.365082
v 0.072848 1.543955 0.364905
v 0.036738 1.536773 0.364905
v 0.000000 1.534365 0.364905
v -0.036738 1.536773 0.364905
v -0.072848 1.543955 0.364905
v -0.089831 1.467417 0.365082
v -0.089865 1.524622 0.364905
v 0.259790 1.471621 0.005076
v 0.259790 1.471621 0.005076
v 0.259790 1.471621 0.005076
v 0.259621 1.466464 0.010233
v 0.259966 1.466429 -0.000000
v 0.259966 1.466429 -0.000000
v 0.259958 1.471594 -0.000000
v 0.259790 1.471621 -0.005076
v 0.259790 1.476567 -0.005076
v 0.259958 1.476567 -0.000000
v 0.259958 1.471594 -0.000000
v 0.259790 1.476567 0.005076
v 0.259621 1.466464 -0.010233
v 0.259966 1.466429 -0.000000
v 0.164716 1.451408 0.399996
v 0.164716 1.415836 0.364434
v 0.114975 1.466493 0.349338
v -0.136453 1.742889 -0.349364
v -0.148060 1.770911 -0.349364
v -0.246160 1.732265 -0.349364
v -0.251098 1.748543 -0.349364
v -0.257732 1.781893 -0.349364
v -0.153481 1.795618 -0.349364
v -0.259621 1.805590 -0.349364
v -0.154473 1.805699 -0.349364
v -0.010125 1.661352 -0.349364
v -0.033931 1.558095 -0.349364
v -0.010233 1.556206 -0.349364
v -0.020206 1.662345 -0.349364
v -0.067282 1.564729 -0.349364
v -0.044913 1.667766 -0.349364
v -0.083560 1.569667 -0.349364
v -0.114976 1.582680 -0.349364
v -0.072935 1.679373 -0.349364
v -0.129978 1.590698 -0.349364
v -0.158251 1.609590 -0.349364
v -0.094239 1.693010 -0.349364
v -0.183817 1.632010 -0.349364
v -0.109464 1.706361 -0.349364
v -0.206237 1.657575 -0.349364
v -0.122815 1.721586 -0.349364
v -0.225128 1.685847 -0.349364
v -0.233147 1.700850 -0.349364
v 0.089865 1.450924 -0.291551
v 0.090030 1.466464 -0.277344
v 0.089871 1.466465 -0.349366
v 0.089831 1.450891 -0.349473
v -0.072848 1.450924 0.271876
v -0.072848 1.450924 0.271876
v -0.067282 1.466464 0.251102
v -0.089712 1.466464 0.277611
v -0.089712 1.466464 0.277611
v -0.089710 1.450924 0.291789
v 0.364576 1.905767 -0.349697
v 0.349543 1.905975 -0.364730
v 0.349552 1.815824 -0.364730
v 0.349552 1.815824 -0.364730
v 0.349552 1.815824 -0.364730
v 0.364576 1.815824 -0.349706
v 0.364576 1.815824 -0.349706
v 0.364576 1.725997 -0.349694
v 0.364576 1.725997 -0.349694
v 0.349545 1.725695 -0.364730
v -0.164716 1.451408 -0.400000
v -0.164716 1.415831 -0.363014
v -0.114975 1.466465 -0.349366
v 0.020206 1.662345 -0.364745
v 0.044913 1.667766 -0.349364
v 0.044913 1.667766 -0.364745
v 0.020206 1.662345 -0.349364
v 0.010125 1.661352 -0.364745
v 0.010125 1.661352 -0.349364
v -0.000000 1.661021 -0.364745
v -0.000000 1.661021 -0.349379
v 0.154473 1.805699 -0.349364
v 0.154805 1.815823 -0.349379
v 0.154805 1.815823 -0.364745
v 0.154473 1.805699 -0.364745
v 0.153481 1.795618 -0.364745
v 0.153481 1.795618 -0.349364
v 0.148060 1.770911 -0.364745
v 0.148060 1.770911 -0.349364
v 0.136453 1.742889 -0.364745
v 0.136453 1.742889 -0.349364
v 0.122815 1.721586 -0.364745
v 0.122815 1.721586 -0.349364
v 0.109464 1.706361 -0.364745
v 0.109464 1.706361 -0.349364
v 0.094239 1.693010 -0.364745
v 0.094239 1.693010 -0.349364
v 0.072935 1.679373 -0.364745
v 0.072935 1.679373 -0.349364
v 0.072935 1.952274 -0.364745
v 0.044913 1.963881 -0.349364
v 0.044913 1.963881 -0.364745
v 0.072935 1.952274 -0.349364
v 0.094239 1.938637 -0.364745
v 0.094239 1.938637 -0.349364
v 0.109464 1.925285 -0.364745
v 0.109464 1.925285 -0.349364
v 0.122815 1.910061 -0.364745
v 0.122815 1.910061 -0.349364
v 0.136453 1.888758 -0.364745
v 0.136453 1.888758 -0.349364
v 0.148060 1.860736 -0.364745
v 0.148060 1.860736 -0.349364
v 0.153481 1.836029 -0.364745
v 0.153481 1.836029 -0.349364
v 0.154473 1.825948 -0.364745
v 0.154473 1.825948 -0.349364
v -0.094239 1.938637 -0.364745
v -0.109464 1.925285 -0.349364
v -0.109464 1.925285 -0.364745
v -0.094239 1.938637 -0.349364
v -0.072935 1.952274 -0.364745
v -0.072935 1.952274 -0.349364
v -0.044913 1.963881 -0.364745
v -0.044913 1.963881 -0.349364
v -0.020206 1.969302 -0.364745
v -0.020206 1.969302 -0.349364
v -0.010125 1.970294 -0.364745
v -0.010125 1.970294 -0.349364
v -0.000000 1.970626 -0.364745
v -0.000000 1.970626 -0.349379
v 0.010125 1.970294 -0.349364
v 0.010125 1.970294 -0.364745
v 0.020206 1.969302 -0.364745
v 0.020206 1.969302 -0.349364
v -0.153481 1.795618 -0.364745
v -0.148060 1.770911 -0.349364
v -0.148060 1.770911 -0.364745
v -0.153481 1.795618 -0.349364
v -0.154473 1.805699 -0.364745
v -0.154473 1.805699 -0.349364
v -0.154805 1.815823 -0.364745
v -0.154805 1.815823 -0.349379
v -0.154473 1.825948 -0.349364
v -0.154473 1.825948 -0.364745
v -0.153481 1.836029 -0.364745
v -0.153481 1.836029 -0.349364
v -0.148060 1.860736 -0.349364
v -0.148060 1.860736 -0.364745
v -0.136453 1.888758 -0.349364
v -0.136453 1.888758 -0.364745
v -0.122815 1.910061 -0.349364
v -0.122815 1.910061 -0.364745
v -0.010125 1.661352 -0.349364
v -0.000000 1.661021 -0.349379
v -0.000000 1.661021 -0.364745
v -0.010125 1.661352 -0.364745
v -0.020206 1.662345 -0.364745
v -0.020206 1.662345 -0.349364
v -0.044913 1.667766 -0.364745
v -0.044913 1.667766 -0.349364
v -0.072935 1.679373 -0.364745
v -0.072935 1.679373 -0.349364
v -0.094239 1.693010 -0.364745
v -0.094239 1.693010 -0.349364
v -0.109464 1.706361 -0.364745
v -0.109464 1.706361 -0.349364
v -0.122815 1.721586 -0.364745
v -0.122815 1.721586 -0.349364
v -0.136453 1.742889 -0.364745
v -0.136453 1.742889 -0.349364
v -0.164716 1.415836 0.364434
v -0.164716 1.451408 0.399996
v -0.114975 1.466493 0.349338
v 0.349359 1.582680 0.114977
v 0.399994 1.530532 0.164718
v 0.349359 1.590698 0.129980
v 0.349359 1.609590 0.158254
v 0.399994 1.554472 0.200548
v 0.349359 1.632010 0.183819
v 0.399994 1.582884 0.232947
v 0.349359 1.657575 0.206240
v 0.399994 1.615281 0.261360
v 0.349359 1.685847 0.225132
v 0.399994 1.651110 0.285300
v 0.349359 1.700850 0.233151
v 0.349359 1.700850 -0.233151
v 0.399994 1.651110 -0.285300
v 0.349359 1.685847 -0.225132
v 0.349359 1.657575 -0.206240
v 0.399994 1.615281 -0.261360
v 0.349359 1.632010 -0.183819
v 0.399994 1.582884 -0.232947
v 0.349359 1.609590 -0.158254
v 0.399994 1.554472 -0.200548
v 0.349359 1.590698 -0.129980
v 0.399994 1.530532 -0.164718
v 0.349359 1.582680 -0.114977
v 0.399998 1.980537 0.364434
v 0.400000 2.179918 0.364434
v 0.399994 1.980537 0.285300
v 0.399994 2.016366 0.261360
v 0.399994 2.048763 0.232947
v 0.399994 2.077175 0.200548
v 0.399994 2.101115 0.164718
v 0.399998 2.179918 0.164718
v 0.363436 1.415828 0.164718
v 0.399997 1.451408 0.164718
v 0.349365 1.466460 0.114976
v 0.399998 1.651110 -0.363014
v 0.399998 1.451408 -0.363014
v 0.399994 1.651110 -0.285300
v 0.399994 1.615281 -0.261360
v 0.399994 1.582884 -0.232947
v 0.399994 1.554472 -0.200548
v 0.399994 1.530532 -0.164718
v 0.399997 1.451408 -0.164718
v 0.083560 2.061980 0.349364
v 0.067282 2.066918 0.349364
v 0.089712 2.093159 0.349364
v 0.114976 2.048967 0.349364
v 0.114976 2.048967 0.349364
v 0.089712 2.165185 0.349338
v 0.114975 2.165185 0.349338
v -0.349607 1.905775 0.364644
v -0.349365 1.905801 0.349338
v -0.277332 1.906068 0.349364
v -0.292200 1.906068 0.364905
v -0.292200 1.725592 0.364905
v -0.277332 1.725592 0.349364
v -0.349365 1.725693 0.349338
v -0.349607 1.725849 0.364644
v -0.008916 1.679788 -0.383210
v -0.019480 1.667861 -0.377650
v -0.009761 1.666904 -0.377650
v -0.000000 1.679496 -0.383210
v -0.000000 1.666584 -0.377650
v -0.090853 1.697424 -0.377650
v -0.109464 1.706361 -0.364745
v -0.094239 1.693010 -0.364745
v -0.070314 1.684276 -0.377650
v -0.072935 1.679373 -0.364745
v -0.043299 1.673087 -0.377650
v -0.044913 1.667766 -0.364745
v -0.017795 1.680662 -0.383210
v -0.000000 1.815823 -0.383210
v 0.008916 1.679788 -0.383210
v 0.009761 1.666904 -0.377650
v 0.017795 1.680662 -0.383210
v 0.019480 1.667861 -0.377650
v 0.039553 1.685436 -0.383210
v 0.043299 1.673087 -0.377650
v 0.064231 1.695657 -0.383210
v 0.039553 1.946211 -0.383210
v 0.017795 1.950985 -0.383210
v 0.064231 1.935989 -0.383210
v 0.082992 1.923979 -0.383210
v 0.096400 1.912222 -0.383210
v 0.108158 1.898814 -0.383210
v 0.120168 1.880053 -0.383210
v 0.130390 1.855376 -0.383210
v 0.135163 1.833618 -0.383210
v 0.136038 1.824740 -0.383210
v 0.136330 1.815823 -0.383210
v 0.136038 1.806907 -0.383210
v 0.135163 1.798029 -0.383210
v 0.130390 1.776271 -0.383210
v 0.120168 1.751593 -0.383210
v 0.108158 1.732832 -0.383210
v 0.096400 1.719425 -0.383210
v 0.082992 1.707667 -0.383210
v 0.070314 1.684276 -0.377650
v 0.090853 1.697424 -0.377650
v 0.105530 1.710295 -0.377650
v 0.118401 1.724972 -0.377650
v 0.131549 1.745510 -0.377650
v 0.142739 1.772525 -0.377650
v 0.147965 1.796344 -0.377650
v 0.148922 1.806063 -0.377650
v 0.149242 1.815823 -0.377650
v 0.109464 1.706361 -0.364745
v 0.122815 1.721586 -0.364745
v 0.136453 1.742889 -0.364745
v 0.148060 1.770911 -0.364745
v 0.153481 1.795618 -0.364745
v 0.154473 1.805699 -0.364745
v 0.154805 1.815823 -0.364745
v 0.148922 1.825584 -0.377650
v 0.154473 1.825948 -0.364745
v 0.147965 1.835303 -0.377650
v 0.153481 1.836029 -0.364745
v 0.142739 1.859122 -0.377650
v 0.148060 1.860736 -0.364745
v 0.131549 1.886137 -0.377650
v 0.118401 1.906675 -0.377650
v 0.105530 1.921352 -0.377650
v 0.090853 1.934223 -0.377650
v 0.070314 1.947370 -0.377650
v 0.043299 1.958560 -0.377650
v 0.136453 1.888758 -0.364745
v 0.122815 1.910061 -0.364745
v 0.109464 1.925285 -0.364745
v 0.094239 1.938637 -0.364745
v 0.072935 1.952274 -0.364745
v 0.044913 1.963881 -0.364745
v 0.019480 1.963786 -0.377650
v 0.020206 1.969302 -0.364745
v 0.009761 1.964743 -0.377650
v 0.010125 1.970294 -0.364745
v -0.000000 1.965063 -0.377650
v -0.000000 1.970626 -0.364745
v -0.009761 1.964743 -0.377650
v 0.008916 1.951859 -0.383210
v -0.000000 1.952151 -0.383210
v -0.008916 1.951859 -0.383210
v -0.017795 1.950985 -0.383210
v -0.019480 1.963786 -0.377650
v -0.039553 1.946211 -0.383210
v -0.043299 1.958560 -0.377650
v -0.064231 1.935989 -0.383210
v -0.070314 1.947370 -0.377650
v -0.082992 1.923979 -0.383210
v -0.090853 1.934223 -0.377650
v -0.096400 1.912222 -0.383210
v -0.105530 1.921352 -0.377650
v -0.108158 1.898814 -0.383210
v -0.010125 1.970294 -0.364745
v -0.020206 1.969302 -0.364745
v -0.044913 1.963881 -0.364745
v -0.072935 1.952274 -0.364745
v -0.094239 1.938637 -0.364745
v -0.109464 1.925285 -0.364745
v -0.118401 1.906675 -0.377650
v -0.122815 1.910061 -0.364745
v -0.131549 1.886137 -0.377650
v -0.136453 1.888758 -0.364745
v -0.142739 1.859122 -0.377650
v -0.148060 1.860736 -0.364745
v -0.147965 1.835303 -0.377650
v -0.120168 1.880053 -0.383210
v -0.130390 1.855376 -0.383210
v -0.135163 1.833618 -0.383210
v -0.136038 1.824740 -0.383210
v -0.148922 1.825584 -0.377650
v -0.136330 1.815823 -0.383210
v -0.149242 1.815823 -0.377650
v -0.136038 1.806907 -0.383210
v -0.148922 1.806063 -0.377650
v -0.135163 1.798029 -0.383210
v -0.147965 1.796344 -0.377650
v -0.130390 1.776271 -0.383210
v -0.142739 1.772525 -0.377650
v -0.120168 1.751593 -0.383210
v -0.153481 1.836029 -0.364745
v -0.154473 1.825948 -0.364745
v -0.154805 1.815823 -0.364745
v -0.154473 1.805699 -0.364745
v -0.153481 1.795618 -0.364745
v -0.148060 1.770911 -0.364745
v -0.131549 1.745510 -0.377650
v -0.136453 1.742889 -0.364745
v -0.118401 1.724972 -0.377650
v -0.122815 1.721586 -0.364745
v -0.105530 1.710295 -0.377650
v -0.108158 1.732832 -0.383210
v -0.096400 1.719425 -0.383210
v -0.082992 1.707667 -0.383210
v -0.064231 1.695657 -0.383210
v -0.039553 1.685436 -0.383210
v 0.154473 1.466464 0.010125
v 0.154639 1.471621 0.005076
v 0.154639 1.471621 0.005076
v 0.154805 1.466449 -0.000000
v 0.154639 1.471621 -0.005076
v 0.154473 1.466464 -0.010125
v 0.154805 1.466449 -0.000000
v 0.154806 1.476567 -0.000000
v 0.154639 1.476567 0.005076
v 0.154639 1.476567 -0.005076
v 0.399997 1.451408 -0.164718
v 0.363436 1.415828 -0.164718
v 0.349365 1.466460 -0.114977
v -0.364438 1.451408 -0.400000
v -0.364438 1.415829 -0.363014
v -0.164716 1.415831 -0.363014
v -0.164716 1.451408 -0.400000
v -0.164716 2.215823 0.285300
v -0.164716 2.215819 0.364434
v -0.364438 2.215819 0.364434
v -0.200545 2.215823 0.261360
v -0.232943 2.215823 0.232947
v -0.261356 2.215823 0.200548
v -0.285296 2.215823 0.164718
v -0.364438 2.215823 0.164718
v 0.399998 1.980537 -0.363014
v 0.363436 1.980537 -0.400000
v 0.349365 1.930797 -0.349366
v -0.154639 2.160032 0.005076
v -0.154473 2.165189 0.010125
v -0.259621 2.165189 0.010233
v -0.259790 2.160032 0.005076
v -0.005075 2.160032 -0.154641
v -0.010125 2.165189 -0.154476
v -0.010233 2.165189 -0.259625
v -0.005075 2.160032 -0.259794
v 0.259790 2.160032 0.005076
v 0.259621 2.165189 0.010233
v 0.154473 2.165189 0.010125
v 0.154639 2.160032 0.005076
v 0.154639 2.160032 -0.005076
v 0.154473 2.165189 -0.010125
v 0.259621 2.165189 -0.010233
v 0.259790 2.160032 -0.005076
v 0.259621 2.165189 0.010233
v 0.259790 2.160032 0.005076
v 0.259944 2.160059 0.000000
v 0.259940 2.165223 0.000000
v 0.259790 2.155086 0.005076
v 0.259944 2.155086 0.000000
v 0.259790 2.160032 -0.005076
v 0.259940 2.165223 0.000000
v 0.259621 2.165189 -0.010233
v 0.259790 2.155086 -0.005076
v 0.259790 2.160032 0.005076
v 0.154639 2.160032 0.005076
v 0.154639 2.155086 0.005076
v 0.259790 2.155086 0.005076
v 0.154639 2.160032 -0.005076
v 0.154639 2.155086 -0.005076
v 0.154809 2.155086 0.000000
v 0.154805 2.165204 0.000000
v 0.154639 2.160032 0.005076
v 0.154473 2.165189 0.010125
v 0.154473 2.165189 -0.010125
v 0.154639 2.155086 0.005076
v 0.154639 2.160032 -0.005076
v 0.259790 2.160032 -0.005076
v 0.259790 2.155086 -0.005076
v 0.154639 2.155086 -0.005076
v 0.010233 2.165189 -0.259625
v 0.005075 2.160032 -0.259794
v -0.000000 2.160059 -0.259942
v -0.000000 2.165193 -0.259948
v 0.005075 2.155086 -0.259794
v -0.000000 2.155086 -0.259942
v -0.005075 2.160032 -0.259794
v -0.000000 2.165193 -0.259948
v -0.010233 2.165189 -0.259625
v -0.005075 2.155086 -0.259794
v 0.005075 2.160032 -0.259794
v 0.005075 2.160032 -0.154641
v 0.005075 2.155086 -0.154641
v 0.005075 2.155086 -0.259794
v -0.005075 2.160032 -0.154641
v -0.005075 2.155086 -0.154641
v -0.000000 2.155086 -0.154807
v -0.000000 2.165204 -0.154807
v 0.005075 2.160032 -0.154641
v 0.010125 2.165189 -0.154476
v -0.010125 2.165189 -0.154476
v 0.005075 2.155086 -0.154641
v -0.005075 2.160032 -0.154641
v -0.005075 2.160032 -0.259794
v -0.005075 2.155086 -0.259794
v -0.005075 2.155086 -0.154641
v -0.010233 2.165189 0.259625
v -0.005075 2.160032 0.259794
v 0.000000 2.160059 0.259957
v 0.000000 2.165193 0.259952
v -0.005075 2.155086 0.259794
v 0.000000 2.155086 0.259957
v 0.005075 2.160032 0.259794
v 0.000000 2.165193 0.259952
v 0.010233 2.165189 0.259625
v 0.005075 2.155086 0.259794
v -0.005075 2.160032 0.259794
v -0.005075 2.160032 0.154641
v -0.005075 2.155086 0.154641
v -0.005075 2.155086 0.259794
v 0.005075 2.160032 0.154641
v 0.005075 2.155086 0.154641
v 0.000000 2.155086 0.154806
v 0.000000 2.165204 0.154807
v -0.005075 2.160032 0.154641
v -0.010125 2.165189 0.154476
v 0.010125 2.165189 0.154476
v -0.005075 2.155086 0.154641
v 0.005075 2.160032 0.154641
v 0.005075 2.160032 0.259794
v 0.005075 2.155086 0.259794
v 0.005075 2.155086 0.154641
v -0.154639 2.160032 0.005076
v -0.154639 2.155086 0.005076
v -0.154806 2.155086 0.000000
v -0.154805 2.165204 0.000000
v -0.154639 2.160032 -0.005076
v -0.154473 2.165189 -0.010125
v -0.154473 2.165189 0.010125
v -0.154639 2.155086 -0.005076
v -0.154639 2.160032 0.005076
v -0.259790 2.160032 0.005076
v -0.259790 2.155086 0.005076
v -0.154639 2.155086 0.005076
v 0.089712 2.165189 0.277611
v 0.089712 2.165189 0.277611
v 0.089712 2.165189 0.277611
v 0.114975 2.165185 0.349338
v 0.114975 2.165185 0.349338
v 0.089712 2.165185 0.349338
v 0.114976 2.165189 0.233151
v 0.114976 2.165189 0.233151
v 0.083560 2.165189 0.246164
v 0.067282 2.165189 0.251102
v 0.363436 2.215818 0.364434
v 0.285296 2.215823 0.164718
v 0.363436 2.215823 0.164718
v 0.261356 2.215823 0.200548
v 0.232943 2.215823 0.232947
v 0.200545 2.215823 0.261360
v 0.164716 2.215823 0.285300
v 0.164716 2.215819 0.364434
v 0.399998 1.651110 0.364434
v 0.363436 1.651110 0.399996
v 0.349365 1.700850 0.349338
v 0.291968 1.906068 0.364905
v 0.291968 1.906068 0.364905
v 0.349221 1.905985 0.364886
v 0.349221 1.815823 0.364886
v 0.349221 1.815823 0.364886
v 0.349221 1.815823 0.364886
v 0.349221 1.815823 0.364886
v 0.349221 1.815823 0.364886
v 0.271553 1.888585 0.364905
v 0.271553 1.888585 0.364905
v 0.278727 1.852518 0.364905
v 0.278727 1.852518 0.364905
v 0.281132 1.815823 0.364905
v 0.278727 1.779129 0.364905
v 0.278727 1.779129 0.364905
v 0.271553 1.743062 0.364905
v 0.271553 1.743062 0.364905
v 0.349221 1.725704 0.364886
v 0.291968 1.725592 0.364905
v -0.090030 2.165189 -0.277344
v -0.090030 2.165189 -0.277344
v -0.114976 2.165157 -0.349366
v -0.090030 2.165157 -0.349366
v -0.114976 2.165189 -0.233151
v -0.114976 2.165189 -0.233151
v -0.083560 2.165189 -0.246164
v -0.067282 2.165189 -0.251102
v -0.083560 2.165189 0.246164
v -0.067282 2.165189 0.251102
v -0.090030 2.165189 0.276577
v -0.090030 2.165189 0.276577
v -0.114976 2.165189 0.233151
v -0.114976 2.165189 0.233151
v -0.090030 2.165185 0.349338
v -0.090030 2.165185 0.349338
v -0.114976 2.165185 0.349338
v 0.349221 1.905985 0.364886
v 0.364888 1.905771 0.349219
v 0.364888 1.815823 0.349219
v 0.349221 1.815823 0.364886
v 0.364888 1.726000 0.349219
v 0.349221 1.725704 0.364886
v -0.292200 2.180729 0.090235
v -0.277332 2.165189 0.090235
v -0.349365 2.165189 0.090235
v -0.350217 2.180438 0.090235
v -0.350217 2.180438 -0.090247
v -0.349365 2.165189 -0.090247
v -0.277332 2.165189 -0.090247
v -0.292200 2.180729 -0.090247
v -0.277332 2.165189 0.090235
v -0.349365 2.165189 0.114976
v -0.349365 2.165189 0.090235
v -0.233147 2.165189 0.114977
v -0.246160 2.165189 0.083561
v -0.251098 2.165189 0.067283
v 0.278397 1.906068 0.349364
v 0.349365 1.930797 0.349338
v 0.349365 1.905960 0.349338
v 0.233147 1.930797 0.349364
v 0.246160 1.899382 0.349364
v 0.251098 1.883104 0.349364
v -0.259790 1.471621 0.005076
v -0.154639 1.471621 0.005076
v -0.154639 1.476567 0.005076
v -0.259790 1.476567 0.005076
v -0.246160 1.466464 0.083561
v -0.251098 1.466464 0.067283
v -0.278397 1.466464 0.090234
v -0.278397 1.466464 0.090234
v -0.233147 1.466464 0.114977
v -0.233147 1.466464 0.114977
v -0.349365 1.466460 0.090234
v -0.349365 1.466460 0.090234
v -0.349365 1.466460 0.114976
v -0.089865 2.107365 0.364905
v -0.090030 2.093159 0.349364
v -0.090030 2.165185 0.349338
v -0.089865 2.165276 0.364865
v 0.005075 1.471621 -0.259794
v 0.005075 1.471621 -0.259794
v -0.000000 1.466460 -0.259948
v -0.000000 1.471594 -0.259942
v 0.010233 1.466464 -0.259625
v -0.000000 1.471594 -0.259942
v -0.000000 1.476567 -0.259942
v 0.005075 1.476567 -0.259794
v -0.005075 1.471621 -0.259794
v -0.005075 1.476567 -0.259794
v -0.010233 1.466464 -0.259625
v -0.000000 1.466460 -0.259948
v 0.399998 2.179918 0.164718
v 0.363436 2.215823 0.164718
v 0.349365 2.165190 0.114976
v -0.259621 1.466464 0.010233
v -0.259790 1.471621 0.005076
v -0.259790 1.471621 0.005076
v -0.259944 1.471594 -0.000000
v -0.259940 1.466429 -0.000000
v -0.259790 1.471621 -0.005076
v -0.259621 1.466464 -0.010233
v -0.259940 1.466429 -0.000000
v -0.259944 1.471594 -0.000000
v -0.259944 1.476567 -0.000000
v -0.259790 1.476567 0.005076
v -0.259790 1.476567 -0.005076
v 0.164716 1.451408 0.399996
v 0.164716 1.451408 0.399996
v 0.114975 1.466493 0.349338
v 0.114976 1.582680 0.349364
v 0.114976 1.582680 0.349364
v 0.164716 1.530532 0.400000
v 0.400000 2.179918 0.364434
v 0.400000 2.179918 0.364434
v 0.399998 1.980537 0.364434
v 0.363436 1.980537 0.399996
v 0.363436 1.980537 0.399996
v 0.363436 2.179918 0.399995
v 0.399998 1.651110 0.364434
v 0.399998 1.651110 0.364434
v 0.400000 1.451408 0.364434
v 0.363436 1.451408 0.399995
v 0.363436 1.451408 0.399995
v 0.363436 1.651110 0.399996
v -0.005075 1.471621 0.259794
v -0.005075 1.471621 0.259794
v 0.000000 1.466460 0.259952
v 0.000000 1.471594 0.259957
v -0.010233 1.466464 0.259625
v 0.000000 1.471594 0.259957
v 0.000000 1.471594 0.259957
v 0.000000 1.471594 0.259957
v 0.000000 1.476567 0.259957
v -0.005075 1.476567 0.259794
v 0.005075 1.471621 0.259794
v 0.005075 1.471621 0.259794
v 0.005075 1.476567 0.259794
v 0.010233 1.466464 0.259625
v 0.010233 1.466464 0.259625
v 0.000000 1.466460 0.259952
v 0.363436 1.980537 0.399996
v 0.399998 1.980537 0.364434
v 0.349365 1.930797 0.349338
v 0.364899 1.523860 -0.090247
v 0.364899 1.523860 -0.090247
v 0.364879 1.467512 -0.090247
v 0.364879 1.467512 -0.000000
v 0.364879 1.467512 -0.000000
v 0.364879 1.467512 -0.000000
v 0.364879 1.467512 -0.000000
v 0.364899 1.544275 -0.072763
v 0.364899 1.537101 -0.036696
v 0.364899 1.537101 -0.036696
v 0.364899 1.534696 -0.000000
v 0.364899 1.537101 0.036696
v 0.364899 1.537101 0.036696
v 0.364899 1.544275 0.072763
v 0.364899 1.544275 0.072763
v 0.364879 1.467512 0.090234
v 0.364899 1.523860 0.090234
v -0.164716 1.415836 0.364434
v -0.364438 1.415836 0.364434
v -0.364438 1.451408 0.399995
v -0.164716 1.451408 0.399996
v 0.291968 1.906068 0.364905
v 0.291968 1.906068 0.364905
v 0.278397 1.906068 0.349364
v 0.349365 1.905960 0.349338
v 0.349365 1.905960 0.349338
v 0.349365 1.905960 0.349338
v 0.349221 1.905985 0.364886
v 0.349221 1.905985 0.364886
v 0.364888 1.905771 0.349219
v -0.154639 1.471621 0.005076
v -0.154639 1.471621 0.005076
v -0.154473 1.466464 0.010125
v -0.154805 1.466449 -0.000000
v -0.154473 1.466464 -0.010125
v -0.154639 1.471621 -0.005076
v -0.154805 1.466449 -0.000000
v -0.154809 1.476567 -0.000000
v -0.154639 1.476567 0.005076
v -0.154639 1.476567 -0.005076
v 0.164716 2.215819 0.364434
v 0.164716 2.179918 0.399996
v 0.114975 2.165185 0.349338
v 0.246160 1.466464 -0.083561
v 0.251098 1.466464 -0.067283
v 0.277332 1.466464 -0.090247
v 0.277332 1.466464 -0.090247
v 0.233147 1.466464 -0.114977
v 0.233147 1.466464 -0.114977
v 0.349365 1.466460 -0.090247
v 0.349365 1.466460 -0.090247
v 0.349365 1.466460 -0.114977
v 0.147965 1.438179 0.019480
v 0.148922 1.438179 0.009761
v 0.136038 1.432619 0.008917
v 0.135163 1.432619 0.017795
v 0.148922 1.438179 -0.009761
v 0.154805 1.451084 -0.000000
v 0.154473 1.451084 -0.010125
v 0.149242 1.438179 -0.000000
v 0.154473 1.451084 0.010125
v 0.153481 1.451084 0.020206
v 0.142739 1.438179 0.043300
v 0.130390 1.432619 0.039554
v -0.000000 1.432619 -0.000000
v 0.136330 1.432619 -0.000000
v 0.136038 1.432619 -0.008917
v 0.135163 1.432619 -0.017795
v 0.147965 1.438179 -0.019480
v 0.148060 1.451246 0.044914
v -0.096400 1.432619 -0.096401
v -0.108158 1.432619 -0.082994
v -0.082992 1.432619 -0.108159
v -0.064231 1.432619 -0.120170
v -0.039553 1.432619 -0.130392
v -0.017795 1.432619 -0.135166
v -0.008916 1.432619 -0.136040
v -0.000000 1.432619 -0.136332
v 0.008916 1.432619 -0.136040
v 0.017795 1.432619 -0.135166
v 0.039553 1.432619 -0.130392
v 0.064231 1.432619 -0.120170
v 0.082992 1.432619 -0.108159
v 0.096400 1.432619 -0.096401
v 0.108158 1.432619 -0.082994
v 0.120168 1.432619 -0.064232
v 0.130390 1.432619 -0.039554
v 0.142739 1.438179 -0.043300
v 0.131549 1.438179 -0.070315
v 0.118401 1.438179 -0.090854
v 0.105530 1.438179 -0.105531
v 0.090853 1.438179 -0.118403
v 0.070314 1.438179 -0.131551
v 0.043299 1.438179 -0.142741
v 0.019480 1.438179 -0.147967
v 0.009761 1.438179 -0.148924
v 0.044913 1.451084 -0.148062
v 0.020206 1.451084 -0.153483
v 0.072935 1.451084 -0.136455
v 0.094239 1.451084 -0.122817
v 0.109464 1.451084 -0.109465
v 0.122815 1.451084 -0.094241
v 0.136453 1.451084 -0.072937
v 0.148060 1.451084 -0.044914
v 0.153481 1.451084 -0.020206
v -0.118401 1.438179 -0.090854
v -0.109464 1.451084 -0.109465
v -0.122815 1.451084 -0.094241
v -0.105530 1.438179 -0.105531
v -0.094239 1.451084 -0.122817
v -0.090853 1.438179 -0.118403
v -0.072935 1.451084 -0.136455
v -0.070314 1.438179 -0.131551
v -0.044913 1.451084 -0.148062
v -0.043299 1.438179 -0.142741
v -0.020206 1.451084 -0.153483
v -0.019480 1.438179 -0.147967
v -0.010125 1.451084 -0.154476
v -0.009761 1.438179 -0.148924
v -0.000000 1.451084 -0.154807
v -0.000000 1.438179 -0.149244
v 0.010125 1.451084 -0.154476
v -0.120168 1.432619 -0.064232
v 0.000000 1.432619 0.136332
v -0.008916 1.432619 0.136040
v 0.008916 1.432619 0.136040
v 0.017795 1.432619 0.135166
v 0.039553 1.432619 0.130392
v 0.064231 1.432619 0.120170
v 0.082992 1.432619 0.108159
v 0.096400 1.432619 0.096401
v 0.108158 1.432619 0.082994
v 0.120168 1.432619 0.064232
v 0.131549 1.438179 0.070315
v 0.118401 1.438179 0.090854
v 0.105530 1.438179 0.105531
v 0.090853 1.438179 0.118403
v 0.070314 1.438179 0.131551
v 0.043299 1.438179 0.142741
v 0.019480 1.438179 0.147967
v 0.009761 1.438179 0.148924
v 0.000000 1.438179 0.149244
v -0.009761 1.438179 0.148924
v 0.136453 1.451084 0.072937
v 0.122815 1.451084 0.094241
v 0.109464 1.451084 0.109465
v 0.094239 1.451084 0.122817
v 0.072935 1.451084 0.136455
v 0.044913 1.451084 0.148062
v 0.020206 1.451084 0.153483
v 0.010125 1.451084 0.154476
v -0.147965 1.438179 0.019480
v -0.130390 1.432619 0.039554
v -0.135163 1.432619 0.017795
v -0.148922 1.438179 0.009761
v -0.136038 1.432619 0.008917
v -0.149242 1.438179 -0.000000
v -0.136330 1.432619 -0.000000
v -0.136038 1.432619 -0.008917
v -0.120168 1.432619 0.064232
v -0.108158 1.432619 0.082994
v -0.096400 1.432619 0.096401
v -0.082992 1.432619 0.108159
v -0.064231 1.432619 0.120170
v -0.039553 1.432619 0.130392
v -0.017795 1.432619 0.135166
v -0.019480 1.438179 0.147967
v -0.043299 1.438179 0.142741
v -0.070314 1.438179 0.131551
v -0.090853 1.438179 0.118403
v -0.105530 1.438179 0.105531
v -0.118401 1.438179 0.090854
v -0.131549 1.438179 0.070315
v -0.142739 1.438179 0.043300
v 0.000000 1.451084 0.154807
v -0.010125 1.451084 0.154476
v -0.020206 1.451084 0.153483
v -0.044913 1.451084 0.148062
v -0.072935 1.451084 0.136455
v -0.094239 1.451084 0.122817
v -0.109464 1.451084 0.109465
v -0.122815 1.451084 0.094241
v -0.136453 1.451084 0.072937
v -0.148060 1.451084 0.044914
v -0.153481 1.451084 0.020206
v -0.154473 1.451084 0.010125
v -0.154805 1.451084 -0.000000
v -0.148922 1.438179 -0.009761
v -0.135163 1.432619 -0.017795
v -0.130390 1.432619 -0.039554
v -0.131549 1.438179 -0.070315
v -0.154473 1.451084 -0.010125
v -0.136453 1.451084 -0.072937
v -0.148060 1.451084 -0.044914
v -0.142739 1.438179 -0.043300
v -0.147965 1.438179 -0.019480
v -0.153481 1.451084 -0.020206
v 0.114975 2.165157 -0.349366
v 0.114975 2.165157 -0.349366
v 0.089712 2.165157 -0.349366
v 0.089712 2.093426 -0.349364
v 0.089712 2.093426 -0.349364
v 0.083560 2.061980 -0.349364
v 0.083560 2.061980 -0.349364
v 0.114976 2.048967 -0.349364
v 0.067282 2.066918 -0.349364
v -0.364438 1.651110 0.399996
v -0.399997 1.651110 0.364434
v -0.349365 1.700850 0.349338
v -0.364438 1.651110 0.399996
v -0.364438 1.451408 0.399995
v -0.400000 1.451408 0.364434
v -0.399997 1.651110 0.364434
v 0.246160 1.732265 0.349364
v 0.251098 1.748543 0.349364
v 0.278397 1.725592 0.349364
v 0.233147 1.700850 0.349364
v 0.233147 1.700850 0.349364
v 0.349365 1.725852 0.349338
v 0.349365 1.700850 0.349338
v -0.271553 1.743062 0.364905
v -0.251098 1.748543 0.349364
v -0.277332 1.725592 0.349364
v -0.292200 1.725592 0.364905
v 0.000000 2.180813 0.349329
v -0.089865 2.165276 0.364865
v -0.089865 2.180813 0.349329
v 0.000000 2.165276 0.364865
v 0.089711 2.180813 0.349329
v 0.089711 2.165276 0.364865
v 0.164716 1.451408 0.399996
v 0.363436 1.451408 0.399995
v 0.363436 1.415836 0.364434
v 0.164716 1.415836 0.364434
v 0.399998 1.980537 -0.363014
v 0.399998 1.980537 -0.363014
v 0.400000 2.179918 -0.363014
v 0.363436 2.179918 -0.400000
v 0.363436 2.179918 -0.400000
v 0.363436 1.980537 -0.400000
v 0.363436 1.451408 -0.400000
v 0.399998 1.451408 -0.363014
v 0.399998 1.651110 -0.363014
v 0.363436 1.651110 -0.400000
v -0.364977 2.165677 -0.090247
v -0.350217 2.180438 -0.090247
v -0.350217 2.180438 0.000000
v -0.364977 2.165677 0.000000
v -0.350217 2.180438 0.090235
v -0.364977 2.165677 0.090235
v 0.164716 1.415831 -0.363014
v 0.363436 1.415829 -0.363014
v 0.363436 1.451408 -0.400000
v 0.164716 1.451408 -0.400000
v -0.364438 1.415836 0.364434
v -0.364438 1.415836 0.364434
v -0.364438 1.415828 0.164718
v -0.399998 1.451408 0.164718
v -0.399998 1.451408 0.164718
v -0.400000 1.451408 0.364434
v -0.364438 1.415828 -0.164718
v -0.364438 1.415829 -0.363014
v -0.399998 1.451408 -0.363014
v -0.399998 1.451408 -0.164718
v -0.291968 1.450924 -0.090247
v -0.278397 1.466464 -0.090247
v -0.349365 1.466460 -0.090247
v -0.349203 1.450954 -0.090247
v -0.364867 1.466619 -0.090247
v -0.399997 1.980537 0.364434
v -0.364438 1.980537 0.399996
v -0.349365 1.930797 0.349338
v -0.399997 2.179918 -0.164718
v -0.400000 2.179918 -0.363014
v -0.364438 2.215818 -0.363014
v -0.364438 2.215823 -0.164718
v -0.400000 2.179918 0.364434
v -0.399997 2.179918 0.164718
v -0.364438 2.215823 0.164718
v -0.364438 2.215819 0.364434
v 0.164716 2.179918 -0.400000
v 0.164716 2.179918 -0.400000
v 0.363436 2.179918 -0.400000
v 0.363436 2.215818 -0.363014
v 0.363436 2.215818 -0.363014
v 0.164716 2.215815 -0.363014
v -0.164716 2.179918 0.399996
v -0.364438 2.179918 0.399995
v -0.364438 2.215819 0.364434
v -0.164716 2.215819 0.364434
v -0.114976 2.165189 0.233151
v -0.164716 2.215823 0.285300
v -0.129978 2.165189 0.225132
v -0.158251 2.165189 0.206240
v -0.200545 2.215823 0.261360
v -0.183817 2.165189 0.183819
v -0.232943 2.215823 0.232947
v -0.206237 2.165189 0.158254
v -0.261356 2.215823 0.200548
v -0.225128 2.165189 0.129980
v -0.285296 2.215823 0.164718
v -0.233147 2.165189 0.114977
v -0.010233 1.466464 0.259625
v -0.010125 1.466464 0.154476
v -0.020206 1.466464 0.153483
v -0.033931 1.466464 0.257736
v -0.044913 1.466464 0.148062
v -0.067282 1.466464 0.251102
v -0.083560 1.466464 0.246164
v -0.114976 1.466464 0.233151
v -0.072935 1.466464 0.136455
v -0.129978 1.466464 0.225132
v -0.094239 1.466464 0.122817
v -0.158251 1.466464 0.206240
v -0.109464 1.466464 0.109465
v -0.183817 1.466464 0.183819
v -0.122815 1.466464 0.094241
v -0.206237 1.466464 0.158254
v -0.136453 1.466464 0.072937
v -0.225128 1.466464 0.129980
v -0.233147 1.466464 0.114977
v -0.148060 1.466464 0.044914
v -0.246160 1.466464 0.083561
v -0.251098 1.466464 0.067283
v -0.257732 1.466464 0.033932
v -0.153481 1.466464 0.020206
v -0.154473 1.466464 0.010125
v -0.259621 1.466464 0.010233
v -0.233147 2.165189 -0.114977
v -0.285296 2.215823 -0.164718
v -0.225128 2.165189 -0.129980
v -0.206237 2.165189 -0.158254
v -0.261356 2.215823 -0.200548
v -0.183817 2.165189 -0.183819
v -0.232982 2.215821 -0.232940
v -0.158251 2.165189 -0.206240
v -0.200547 2.215828 -0.261360
v -0.129978 2.165189 -0.225132
v -0.164716 2.215823 -0.285300
v -0.114976 2.165189 -0.233151
v 0.349359 2.075440 -0.010233
v 0.344201 2.075609 -0.005076
v 0.344228 2.075778 0.000000
v 0.349393 2.075786 0.000000
v 0.339256 2.075609 -0.005076
v 0.339256 2.075778 0.000000
v 0.344201 2.075609 0.005076
v 0.344201 2.075609 0.005076
v 0.349393 2.075786 0.000000
v 0.349393 2.075786 0.000000
v 0.349359 2.075440 0.010233
v 0.339256 2.075609 0.005076
v 0.344201 2.075609 -0.005076
v 0.344201 1.970460 -0.005076
v 0.339256 1.970460 -0.005076
v 0.339256 2.075609 -0.005076
v -0.089744 1.450891 -0.349473
v -0.089871 1.466465 -0.349366
v -0.089712 1.466464 -0.277344
v -0.089711 1.450924 -0.291551
v 0.259790 1.471621 -0.005076
v 0.154639 1.471621 -0.005076
v 0.154639 1.476567 -0.005076
v 0.259790 1.476567 -0.005076
v 0.344201 1.810748 -0.259794
v 0.349359 1.805590 -0.259625
v 0.349359 1.805699 -0.154476
v 0.344201 1.810748 -0.154641
v 0.344201 1.810748 0.154641
v 0.349359 1.805699 0.154476
v 0.349359 1.805590 0.259625
v 0.344201 1.810748 0.259794
v 0.344201 2.075609 -0.005076
v 0.349359 2.075440 -0.010233
v 0.349359 1.970294 -0.010125
v 0.344201 1.970460 -0.005076
v 0.154639 1.471621 0.005076
v 0.259790 1.471621 0.005076
v 0.259790 1.476567 0.005076
v 0.154639 1.476567 0.005076
v -0.005075 1.471621 0.154641
v -0.005075 1.471621 0.259794
v -0.005075 1.476567 0.259794
v -0.005075 1.476567 0.154641
v 0.344201 1.820899 0.259794
v 0.349359 1.826056 0.259625
v 0.349359 1.825948 0.154476
v 0.344201 1.820899 0.154641
v 0.148060 2.165189 -0.044914
v 0.233147 2.165189 -0.114977
v 0.246160 2.165189 -0.083561
v 0.251098 2.165189 -0.067283
v 0.257732 2.165189 -0.033932
v 0.153481 2.165189 -0.020206
v 0.154473 2.165189 -0.010125
v 0.259621 2.165189 -0.010233
v 0.020206 2.165189 -0.153483
v 0.010125 2.165189 -0.154476
v 0.010233 2.165189 -0.259625
v 0.033931 2.165189 -0.257736
v 0.044913 2.165189 -0.148062
v 0.067282 2.165189 -0.251102
v 0.083560 2.165189 -0.246164
v 0.072935 2.165189 -0.136455
v 0.114976 2.165189 -0.233151
v 0.129978 2.165189 -0.225132
v 0.094239 2.165189 -0.122817
v 0.158251 2.165189 -0.206240
v 0.109464 2.165189 -0.109465
v 0.183817 2.165189 -0.183819
v 0.122815 2.165189 -0.094241
v 0.206237 2.165189 -0.158254
v 0.136453 2.165189 -0.072937
v 0.225128 2.165189 -0.129980
v -0.339256 1.661187 -0.005076
v -0.339256 1.555869 -0.000000
v -0.339256 1.556038 -0.005076
v -0.339256 1.661019 0.000000
v -0.339256 1.556038 0.005076
v -0.339256 1.661187 0.005076
v -0.349359 2.061980 0.083561
v -0.349359 2.066918 0.067283
v -0.349359 2.094216 0.090235
v -0.349359 2.094216 0.090235
v -0.349359 2.048967 0.114977
v -0.349359 2.048967 0.114977
v -0.349359 2.048967 0.114977
v -0.349365 2.165189 0.090235
v -0.349365 2.165189 0.090235
v -0.349365 2.165189 0.114976
v -0.349359 1.888758 -0.136455
v -0.349359 1.860736 -0.148062
v -0.349359 1.899382 -0.246164
v -0.349359 1.883104 -0.251102
v -0.349359 1.849754 -0.257736
v -0.349359 1.836029 -0.153483
v -0.349359 1.826056 -0.259625
v -0.349359 1.825948 -0.154476
v -0.349359 2.073551 -0.033932
v -0.349359 2.075440 -0.010233
v -0.349359 1.970294 -0.010125
v -0.349359 1.969302 -0.020206
v -0.349359 1.963881 -0.044914
v -0.349359 2.066918 -0.067283
v -0.349359 2.061980 -0.083561
v -0.349359 2.048967 -0.114977
v -0.349359 1.952274 -0.072937
v -0.349359 2.040948 -0.129980
v -0.349359 2.022057 -0.158253
v -0.349359 1.938637 -0.094241
v -0.349359 1.999637 -0.183819
v -0.349359 1.925285 -0.109465
v -0.349359 1.974072 -0.206240
v -0.349359 1.910061 -0.122817
v -0.349359 1.945799 -0.225132
v -0.349359 1.930797 -0.233151
v 0.364899 1.888670 -0.271876
v 0.349359 1.883104 -0.251102
v 0.349359 1.905852 -0.277344
v 0.364899 1.905687 -0.291551
v 0.399994 1.651110 -0.285300
v 0.349359 1.700850 -0.233151
v 0.349365 1.700850 -0.349366
v 0.399998 1.651110 -0.363014
v 0.072848 1.450924 0.271876
v 0.089865 1.450924 0.291210
v 0.090030 1.466464 0.276577
v 0.067282 1.466464 0.251102
v 0.399998 1.980537 -0.363014
v 0.349365 1.930797 -0.349366
v 0.349359 1.930797 -0.233151
v 0.399994 1.980537 -0.285300
v -0.364899 1.742976 0.271876
v -0.364758 1.725879 0.349494
v -0.364899 1.725960 0.291210
v -0.364758 1.815823 0.349494
v -0.364758 1.815823 0.349494
v -0.364758 1.815823 0.349494
v -0.364758 1.815823 0.349494
v -0.364899 1.779086 0.279059
v -0.364899 1.815823 0.281467
v -0.364899 1.815823 0.281467
v -0.364899 1.852561 0.279059
v -0.364899 1.888670 0.271876
v -0.364899 1.905532 0.291789
v -0.364758 1.905649 0.349494
v -0.164716 1.530532 0.400000
v -0.164716 1.530532 0.400000
v -0.114976 1.582680 0.349364
v -0.114975 1.466493 0.349338
v -0.114975 1.466493 0.349338
v -0.164716 1.451408 0.399996
v -0.364899 2.107787 -0.090247
v -0.364977 2.165677 -0.090247
v -0.364977 2.165677 0.000000
v -0.364977 2.165677 0.000000
v -0.364977 2.165677 0.000000
v -0.364977 2.165677 0.000000
v -0.364977 2.165677 0.000000
v -0.364977 2.165677 0.000000
v -0.364899 2.087372 -0.072763
v -0.364899 2.087372 -0.072763
v -0.364899 2.094546 -0.036696
v -0.364899 2.094546 -0.036696
v -0.364899 2.096951 0.000000
v -0.364899 2.096951 0.000000
v -0.364899 2.094546 0.036696
v -0.364899 2.094546 0.036696
v -0.364899 2.087372 0.072763
v -0.364899 2.087372 0.072763
v -0.364977 2.165677 0.090235
v -0.364899 2.107787 0.090235
v -0.364899 1.523627 0.090234
v -0.364867 1.466619 0.090234
v -0.364867 1.466619 -0.000000
v -0.364867 1.466619 -0.000000
v -0.364867 1.466619 -0.000000
v -0.364867 1.466619 -0.000000
v -0.364899 1.544275 0.072763
v -0.364899 1.544275 0.072763
v -0.364899 1.537101 0.036696
v -0.364899 1.537101 0.036696
v -0.364899 1.534696 -0.000000
v -0.364899 1.537101 -0.036696
v -0.364899 1.537101 -0.036696
v -0.364899 1.544275 -0.072763
v -0.364867 1.466619 -0.090247
v -0.364899 1.523627 -0.090247
v -0.364899 1.725960 -0.291551
v -0.364804 1.725877 -0.349657
v -0.364804 1.815823 -0.349657
v -0.364804 1.815823 -0.349657
v -0.364804 1.815823 -0.349657
v -0.364804 1.815823 -0.349657
v -0.364899 1.742977 -0.271876
v -0.364899 1.779086 -0.279059
v -0.364899 1.815823 -0.281467
v -0.364899 1.815823 -0.281467
v -0.364899 1.852561 -0.279059
v -0.364899 1.852561 -0.279059
v -0.364899 1.888670 -0.271876
v -0.364899 1.888670 -0.271876
v -0.364899 1.888670 -0.271876
v -0.364804 1.905647 -0.349657
v -0.364804 1.905647 -0.349657
v -0.364899 1.905533 -0.291551
v -0.154639 1.471621 -0.005076
v -0.154473 1.466464 -0.010125
v -0.259621 1.466464 -0.010233
v -0.259790 1.471621 -0.005076
v -0.259790 1.471621 0.005076
v -0.259621 1.466464 0.010233
v -0.154473 1.466464 0.010125
v -0.154639 1.471621 0.005076
v -0.072848 1.543955 0.364905
v -0.089865 1.524622 0.364905
v -0.090030 1.539254 0.349364
v -0.067282 1.564729 0.349364
v -0.154639 1.820899 -0.344206
v -0.154473 1.825948 -0.349364
v -0.259621 1.826056 -0.349364
v -0.259790 1.820899 -0.344206
v -0.005075 1.661187 -0.344206
v -0.010125 1.661352 -0.349364
v -0.010233 1.556206 -0.349364
v -0.005075 1.556038 -0.344206
v 0.259790 1.820899 -0.344206
v 0.259621 1.826056 -0.349364
v 0.154473 1.825948 -0.349364
v 0.154639 1.820899 -0.344206
v 0.154639 1.810748 -0.344206
v 0.154473 1.805699 -0.349364
v 0.259621 1.805590 -0.349364
v 0.259790 1.810748 -0.344206
v -0.259621 1.805590 -0.349364
v -0.259790 1.810748 -0.344206
v -0.259958 1.815823 -0.344234
v -0.259966 1.815823 -0.349398
v -0.259790 1.810748 -0.339261
v -0.259958 1.815823 -0.339261
v -0.259790 1.820899 -0.344206
v -0.259966 1.815823 -0.349398
v -0.259621 1.826056 -0.349364
v -0.259790 1.820899 -0.339261
v -0.259790 1.810748 -0.344206
v -0.154639 1.810748 -0.344206
v -0.154639 1.810748 -0.339261
v -0.259790 1.810748 -0.339261
v 0.005075 1.556038 -0.344206
v 0.010233 1.556206 -0.349364
v 0.010125 1.661352 -0.349364
v 0.005075 1.661187 -0.344206
v 0.005075 1.970460 -0.344206
v 0.010125 1.970294 -0.349364
v 0.010233 2.075440 -0.349364
v 0.005075 2.075609 -0.344206
v -0.259790 1.810748 -0.344206
v -0.259621 1.805590 -0.349364
v -0.154473 1.805699 -0.349364
v -0.154639 1.810748 -0.344206
v -0.005075 2.075609 -0.344206
v -0.010233 2.075440 -0.349364
v -0.010125 1.970294 -0.349364
v -0.005075 1.970460 -0.344206
v 0.285296 1.980537 -0.400000
v 0.233147 1.930797 -0.349364
v 0.349365 1.930797 -0.349366
v 0.363436 1.980537 -0.400000
v 0.363436 1.651110 -0.400000
v 0.349365 1.700850 -0.349366
v 0.233147 1.700850 -0.349364
v 0.285296 1.651110 -0.400000
v -0.164716 1.451408 -0.400000
v -0.114975 1.466465 -0.349366
v -0.114976 1.582680 -0.349364
v -0.164716 1.530532 -0.400000
v 0.164716 1.530532 -0.400000
v 0.114976 1.582680 -0.349364
v 0.114975 1.466465 -0.349366
v 0.164716 1.451408 -0.400000
v 0.083560 1.569667 -0.349364
v 0.067282 1.564729 -0.349364
v 0.089712 1.538487 -0.349364
v 0.114976 1.582680 -0.349364
v 0.089871 1.466465 -0.349366
v 0.114975 1.466465 -0.349366
v -0.285296 1.651110 -0.400000
v -0.233147 1.700850 -0.349364
v -0.349365 1.700849 -0.349366
v -0.364438 1.651110 -0.400000
v -0.364438 1.980537 -0.400000
v -0.349365 1.930796 -0.349366
v -0.233147 1.930797 -0.349364
v -0.285296 1.980537 -0.400000
v -0.164716 2.101115 -0.400000
v -0.114976 2.048967 -0.349364
v -0.114976 2.165157 -0.349366
v -0.164716 2.179918 -0.400000
v 0.271553 1.743062 -0.364905
v 0.251098 1.748543 -0.349364
v 0.278397 1.725579 -0.349364
v 0.291968 1.725579 -0.364905
v 0.246160 1.899382 -0.349364
v 0.251098 1.883104 -0.349364
v 0.278397 1.906055 -0.349364
v 0.233147 1.930797 -0.349364
v 0.349365 1.905954 -0.349366
v 0.349365 1.930797 -0.349366
v -0.364438 2.179918 0.399995
v -0.364438 2.179918 0.399995
v -0.364438 2.179918 0.399995
v -0.164716 2.179918 0.399996
v -0.164716 2.101115 0.400000
v -0.164716 2.101115 0.400000
v -0.200545 2.077175 0.400000
v -0.232943 2.048763 0.400000
v -0.261356 2.016366 0.400000
v -0.285296 1.980537 0.400000
v -0.285296 1.980537 0.400000
v -0.364438 1.980537 0.399996
v 0.399998 1.451408 -0.363014
v 0.363436 1.415829 -0.363014
v 0.363436 1.415828 -0.164718
v 0.399997 1.451408 -0.164718
v -0.164716 1.530532 0.400000
v -0.164716 1.530532 0.400000
v -0.164716 1.451408 0.399996
v -0.364438 1.451408 0.399995
v -0.364438 1.451408 0.399995
v -0.364438 1.451408 0.399995
v -0.200545 1.554472 0.400000
v -0.232943 1.582884 0.400000
v -0.261356 1.615281 0.400000
v -0.285296 1.651110 0.400000
v -0.285296 1.651110 0.400000
v -0.364438 1.651110 0.399996
v -0.339256 1.820899 0.259794
v -0.339256 1.815823 0.154806
v -0.339256 1.820899 0.154641
v -0.339256 1.815823 0.259957
v -0.339256 1.810748 0.154641
v -0.339256 1.810748 0.259794
v -0.089865 1.524281 -0.364905
v -0.090030 1.538487 -0.349364
v -0.089871 1.466465 -0.349366
v -0.089831 1.466474 -0.365056
v -0.089744 1.450891 -0.349473
v -0.339256 1.810748 -0.259794
v -0.339256 1.815823 -0.154807
v -0.339256 1.810748 -0.154641
v -0.339256 1.815823 -0.259942
v -0.339256 1.820899 -0.154641
v -0.339256 1.820899 -0.259794
v 0.164716 2.179918 -0.400000
v 0.114975 2.165157 -0.349366
v 0.114976 2.048967 -0.349364
v 0.164716 2.101115 -0.400000
v 0.089710 2.107604 -0.364905
v 0.089712 2.093426 -0.349364
v 0.089712 2.165157 -0.349366
v 0.089711 2.164826 -0.364539
v 0.089711 2.180365 -0.349000
v -0.339256 2.075609 -0.005076
v -0.339256 1.970630 0.000000
v -0.339256 1.970460 -0.005076
v -0.339256 2.075763 0.000000
v -0.339256 1.970460 0.005076
v -0.339256 2.075609 0.005076
v 0.089712 1.538221 0.349364
v 0.089712 1.538221 0.349364
v 0.089710 1.524043 0.364905
v 0.072848 1.543955 0.364905
v 0.072848 1.543955 0.364905
v 0.067282 1.564729 0.349364
v 0.364899 1.905687 -0.291551
v 0.364899 1.905687 -0.291551
v 0.349359 1.905852 -0.277344
v 0.349365 1.905954 -0.349366
v 0.349365 1.905954 -0.349366
v 0.364576 1.905767 -0.349697
v -0.089865 1.524281 -0.364905
v -0.089831 1.466474 -0.365056
v -0.000000 1.466474 -0.365056
v -0.000000 1.466474 -0.365056
v -0.000000 1.466474 -0.365056
v -0.072848 1.543955 -0.364905
v -0.036738 1.536773 -0.364905
v -0.036738 1.536773 -0.364905
v -0.000000 1.534365 -0.364905
v -0.000000 1.534365 -0.364905
v 0.036738 1.536773 -0.364905
v 0.036738 1.536773 -0.364905
v 0.072848 1.543955 -0.364905
v 0.089744 1.466474 -0.365056
v 0.089711 1.524281 -0.364905
v 0.089712 2.093426 -0.349364
v 0.089710 2.107604 -0.364905
v 0.072848 2.087691 -0.364905
v 0.067282 2.066918 -0.349364
v -0.072848 2.087691 -0.364905
v -0.089865 2.107024 -0.364905
v -0.090030 2.092392 -0.349364
v -0.067282 2.066918 -0.349364
v -0.000000 2.164826 -0.364539
v 0.089710 2.107604 -0.364905
v 0.089711 2.164826 -0.364539
v 0.072848 2.087691 -0.364905
v 0.036738 2.094874 -0.364905
v -0.000000 2.097282 -0.364905
v -0.036738 2.094874 -0.364905
v -0.072848 2.087691 -0.364905
v -0.089865 2.164826 -0.364539
v -0.089865 2.107024 -0.364905
v 0.400000 1.451408 0.364434
v 0.399998 1.651110 0.364434
v 0.399994 1.651110 0.285300
v 0.399994 1.615281 0.261360
v 0.399994 1.582884 0.232947
v 0.399994 1.554472 0.200548
v 0.399994 1.530532 0.164718
v 0.399997 1.451408 0.164718
v 0.164716 2.101115 0.400000
v 0.164716 2.101115 0.400000
v 0.164716 2.179918 0.399996
v 0.363436 2.179918 0.399995
v 0.363436 2.179918 0.399995
v 0.363436 2.179918 0.399995
v 0.200545 2.077175 0.400000
v 0.232943 2.048763 0.400000
v 0.261356 2.016366 0.400000
v 0.285296 1.980537 0.400000
v 0.285296 1.980537 0.400000
v 0.363436 1.980537 0.399996
v 0.363436 1.415836 0.364434
v 0.363436 1.415836 0.364434
v 0.400000 1.451408 0.364434
v 0.399997 1.451408 0.164718
v 0.399997 1.451408 0.164718
v 0.363436 1.415828 0.164718
v -0.292200 1.906055 -0.364905
v -0.292200 1.906055 -0.364905
v -0.349539 1.905942 -0.364922
v -0.349539 1.815823 -0.364922
v -0.349539 1.815823 -0.364922
v -0.349539 1.815823 -0.364922
v -0.349539 1.815823 -0.364922
v -0.349539 1.815823 -0.364922
v -0.271553 1.888585 -0.364905
v -0.271553 1.888585 -0.364905
v -0.278727 1.852518 -0.364905
v -0.278727 1.852518 -0.364905
v -0.281132 1.815823 -0.364905
v -0.278727 1.779129 -0.364905
v -0.278727 1.779129 -0.364905
v -0.271553 1.743062 -0.364905
v -0.271553 1.743062 -0.364905
v -0.271553 1.743062 -0.364905
v -0.349539 1.725661 -0.364922
v -0.349539 1.725661 -0.364922
v -0.292200 1.725579 -0.364905
v -0.271553 1.888585 -0.364905
v -0.251098 1.883104 -0.349364
v -0.277332 1.906055 -0.349364
v -0.292200 1.906055 -0.364905
v -0.246160 1.732265 -0.349364
v -0.251098 1.748543 -0.349364
v -0.277332 1.725579 -0.349364
v -0.233147 1.700850 -0.349364
v -0.349365 1.725687 -0.349366
v -0.349365 1.700849 -0.349366
v -0.044913 1.963881 0.349364
v -0.114976 2.048967 0.349364
v -0.083560 2.061980 0.349364
v -0.067282 2.066918 0.349364
v -0.020206 1.969302 0.349364
v -0.033931 2.073551 0.349364
v -0.010125 1.970294 0.349364
v -0.010233 2.075440 0.349364
v -0.153481 1.836029 0.349364
v -0.154473 1.825948 0.349364
v -0.259621 1.826056 0.349364
v -0.257732 1.849754 0.349364
v -0.148060 1.860736 0.349364
v -0.251098 1.883104 0.349364
v -0.246160 1.899382 0.349364
v -0.136453 1.888758 0.349364
v -0.233147 1.930797 0.349364
v -0.225128 1.945799 0.349364
v -0.122815 1.910061 0.349364
v -0.206237 1.974072 0.349364
v -0.109464 1.925285 0.349364
v -0.183817 1.999637 0.349364
v -0.094239 1.938636 0.349364
v -0.158251 2.022057 0.349364
v -0.072935 1.952274 0.349364
v -0.129978 2.040948 0.349364
v 0.278397 1.725579 -0.349364
v 0.349365 1.700850 -0.349366
v 0.349365 1.725845 -0.349366
v 0.233147 1.700850 -0.349364
v 0.246160 1.732265 -0.349364
v 0.251098 1.748543 -0.349364
v 0.349359 1.860736 -0.148062
v 0.349359 1.930797 -0.233151
v 0.349359 1.899382 -0.246164
v 0.349359 1.883104 -0.251102
v 0.349359 1.836029 -0.153483
v 0.349359 1.849754 -0.257736
v 0.349359 1.825948 -0.154476
v 0.349359 1.826056 -0.259625
v 0.349359 1.969302 -0.020206
v 0.349359 1.970294 -0.010125
v 0.349359 2.075440 -0.010233
v 0.349359 2.073551 -0.033932
v 0.349359 1.963881 -0.044914
v 0.349359 2.066918 -0.067283
v 0.349359 2.061980 -0.083561
v 0.349359 1.952274 -0.072937
v 0.349359 2.048967 -0.114977
v 0.349359 2.040948 -0.129980
v 0.349359 1.938637 -0.094241
v 0.349359 2.022057 -0.158253
v 0.349359 1.925285 -0.109465
v 0.349359 1.999637 -0.183819
v 0.349359 1.910061 -0.122817
v 0.349359 1.974072 -0.206240
v 0.349359 1.888758 -0.136455
v 0.349359 1.945799 -0.225132
v 0.400000 1.451408 0.364434
v 0.363436 1.415836 0.364434
v 0.363436 1.451408 0.399995
v 0.000000 1.467417 0.365082
v -0.089744 1.450954 0.348618
v -0.089831 1.467417 0.365082
v 0.000000 1.450954 0.348618
v 0.089744 1.467417 0.365082
v 0.089831 1.450954 0.348618
v -0.233147 1.930797 0.349364
v -0.285296 1.980537 0.400000
v -0.225128 1.945799 0.349364
v -0.206237 1.974072 0.349364
v -0.261356 2.016366 0.400000
v -0.183817 1.999637 0.349364
v -0.232943 2.048763 0.400000
v -0.158251 2.022057 0.349364
v -0.200545 2.077175 0.400000
v -0.129978 2.040948 0.349364
v -0.164716 2.101115 0.400000
v -0.114976 2.048967 0.349364
v -0.083560 1.569667 0.349364
v -0.067282 1.564729 0.349364
v -0.090030 1.539254 0.349364
v -0.090030 1.539254 0.349364
v -0.114976 1.582680 0.349364
v -0.114976 1.582680 0.349364
v -0.089871 1.466493 0.349338
v -0.114975 1.466493 0.349338
v 0.083560 1.466464 0.246164
v 0.067282 1.466464 0.251102
v 0.090030 1.466464 0.276577
v 0.090030 1.466464 0.276577
v 0.090030 1.466464 0.276577
v 0.114976 1.466464 0.233151
v 0.114976 1.466464 0.233151
v 0.089871 1.466493 0.349338
v 0.114975 1.466493 0.349338
v -0.067282 1.466464 0.251102
v -0.072848 1.450924 0.271876
v -0.036738 1.450924 0.279059
v -0.033931 1.466464 0.257736
v -0.010233 1.466464 0.259625
v 0.000000 1.466460 0.259952
v 0.000000 1.450924 0.281467
v 0.010233 1.466464 0.259625
v 0.033931 1.466464 0.257736
v 0.036738 1.450924 0.279059
v 0.072848 1.450924 0.271876
v 0.067282 1.466464 0.251102
v 0.089865 1.450924 -0.291551
v 0.089865 1.450924 -0.291551
v 0.089831 1.450891 -0.349473
v -0.000000 1.450891 -0.349473
v -0.000000 1.450891 -0.349473
v -0.000000 1.450891 -0.349473
v -0.000000 1.450891 -0.349473
v 0.072848 1.450924 -0.271876
v 0.072848 1.450924 -0.271876
v 0.036738 1.450924 -0.279059
v 0.036738 1.450924 -0.279059
v -0.000000 1.450924 -0.281467
v -0.036738 1.450924 -0.279059
v -0.036738 1.450924 -0.279059
v -0.072848 1.450924 -0.271876
v -0.089744 1.450891 -0.349473
v -0.089711 1.450924 -0.291551
v 0.089831 1.450891 -0.349473
v 0.089744 1.466474 -0.365056
v -0.000000 1.466474 -0.365056
v -0.000000 1.450891 -0.349473
v -0.089831 1.466474 -0.365056
v -0.089744 1.450891 -0.349473
v 0.292200 1.450924 0.090234
v 0.277332 1.466464 0.090234
v 0.349365 1.466460 0.090234
v 0.348307 1.450941 0.090234
v 0.364879 1.467512 0.090234
v -0.399997 2.179918 -0.164718
v -0.364438 2.215823 -0.164718
v -0.349365 2.165189 -0.114977
v -0.089710 1.450924 0.291789
v -0.089712 1.466464 0.277611
v -0.089871 1.466493 0.349338
v -0.089744 1.450954 0.348618
v 0.072935 1.952274 0.349364
v 0.044913 1.963881 0.349364
v 0.083560 2.061980 0.349364
v 0.067282 2.066918 0.349364
v 0.033931 2.073551 0.349364
v 0.020206 1.969302 0.349364
v 0.010233 2.075440 0.349364
v 0.010125 1.970294 0.349364
v 0.257732 1.849754 0.349364
v 0.259621 1.826056 0.349364
v 0.154473 1.825948 0.349364
v 0.153481 1.836029 0.349364
v 0.148060 1.860736 0.349364
v 0.251098 1.883104 0.349364
v 0.246160 1.899382 0.349364
v 0.233147 1.930797 0.349364
v 0.136453 1.888758 0.349364
v 0.225128 1.945799 0.349364
v 0.206237 1.974072 0.349364
v 0.122815 1.910061 0.349364
v 0.183817 1.999637 0.349364
v 0.109464 1.925285 0.349364
v 0.158251 2.022057 0.349364
v 0.094239 1.938636 0.349364
v 0.129978 2.040948 0.349364
v 0.114976 2.048967 0.349364
v -0.291968 1.450924 -0.090247
v -0.349203 1.450954 -0.090247
v -0.349203 1.450954 -0.000000
v -0.349203 1.450954 -0.000000
v -0.271553 1.450924 -0.072763
v -0.278727 1.450924 -0.036696
v -0.281132 1.450924 -0.000000
v -0.278727 1.450924 0.036696
v -0.278727 1.450924 0.036696
v -0.271553 1.450924 0.072763
v -0.349203 1.450954 0.090234
v -0.291968 1.450924 0.090234
v -0.259621 2.165189 -0.010233
v -0.259790 2.160032 -0.005076
v -0.259958 2.160059 0.000000
v -0.259966 2.165223 0.000000
v -0.259790 2.155086 -0.005076
v -0.259958 2.155086 0.000000
v -0.259790 2.160032 0.005076
v -0.259790 2.160032 0.005076
v -0.259966 2.165223 0.000000
v -0.259966 2.165223 0.000000
v -0.259621 2.165189 0.010233
v -0.259790 2.155086 0.005076
v -0.259790 2.160032 -0.005076
v -0.154639 2.160032 -0.005076
v -0.154639 2.155086 -0.005076
v -0.259790 2.155086 -0.005076
v 0.005075 2.160032 -0.259794
v 0.010233 2.165189 -0.259625
v 0.010125 2.165189 -0.154476
v 0.005075 2.160032 -0.154641
v 0.005075 2.160032 0.154641
v 0.010125 2.165189 0.154476
v 0.010233 2.165189 0.259625
v 0.005075 2.160032 0.259794
v -0.259790 2.160032 -0.005076
v -0.259621 2.165189 -0.010233
v -0.154473 2.165189 -0.010125
v -0.154639 2.160032 -0.005076
v -0.005075 2.160032 0.259794
v -0.010233 2.165189 0.259625
v -0.010125 2.165189 0.154476
v -0.005075 2.160032 0.154641
v 0.285296 2.215823 0.164718
v 0.233147 2.165189 0.114977
v 0.349365 2.165190 0.114976
v 0.363436 2.215823 0.164718
v 0.363436 2.215823 -0.164718
v 0.349365 2.165190 -0.114977
v 0.233147 2.165189 -0.114977
v 0.285296 2.215823 -0.164718
v -0.164716 2.215815 -0.363014
v -0.164716 2.215815 -0.363014
v -0.114976 2.165157 -0.349366
v -0.114976 2.165189 -0.233151
v -0.114976 2.165189 -0.233151
v -0.164716 2.215823 -0.285300
v 0.164716 2.215823 -0.285300
v 0.164716 2.215823 -0.285300
v 0.114976 2.165189 -0.233151
v 0.114975 2.165157 -0.349366
v 0.114975 2.165157 -0.349366
v 0.164716 2.215815 -0.363014
v 0.083560 2.165189 -0.246164
v 0.067282 2.165189 -0.251102
v 0.089712 2.165189 -0.277344
v 0.089712 2.165189 -0.277344
v 0.114976 2.165189 -0.233151
v 0.089712 2.165157 -0.349366
v 0.114975 2.165157 -0.349366
v -0.285296 2.215823 -0.164718
v -0.233147 2.165189 -0.114977
v -0.349365 2.165189 -0.114977
v -0.364438 2.215823 -0.164718
v -0.364438 2.215823 0.164718
v -0.349365 2.165189 0.114976
v -0.233147 2.165189 0.114977
v -0.285296 2.215823 0.164718
v -0.164716 2.215823 0.285300
v -0.114976 2.165189 0.233151
v -0.114976 2.165185 0.349338
v -0.164716 2.215819 0.364434
v 0.271553 2.180729 -0.072763
v 0.251098 2.165189 -0.067283
v 0.278397 2.165189 -0.090247
v 0.291968 2.180729 -0.090247
v 0.291968 2.180729 -0.090247
v 0.278397 2.165189 -0.090247
v 0.349365 2.165190 -0.090247
v 0.348729 2.181033 -0.090247
v 0.246160 2.165189 0.083561
v 0.251098 2.165189 0.067283
v 0.278397 2.165189 0.090235
v 0.233147 2.165189 0.114977
v 0.349365 2.165190 0.090235
v 0.349365 2.165190 0.114976
v 0.348729 2.181033 0.090235
v 0.349365 2.165190 0.090235
v 0.278397 2.165189 0.090235
v 0.291968 2.180729 0.090235
v 0.114976 1.466464 0.233151
v 0.164716 1.415829 0.285300
v 0.129978 1.466464 0.225132
v 0.158251 1.466464 0.206240
v 0.200545 1.415829 0.261360
v 0.183817 1.466464 0.183819
v 0.232943 1.415829 0.232947
v 0.206237 1.466464 0.158254
v 0.261356 1.415829 0.200548
v 0.225128 1.466464 0.129980
v 0.285296 1.415829 0.164718
v 0.233147 1.466464 0.114977
v 0.233147 1.466464 -0.114977
v 0.285296 1.415829 -0.164718
v 0.225128 1.466464 -0.129980
v 0.206237 1.466464 -0.158254
v 0.261356 1.415829 -0.200548
v 0.183817 1.466464 -0.183819
v 0.232943 1.415829 -0.232947
v 0.158251 1.466464 -0.206240
v 0.200545 1.415829 -0.261360
v 0.129978 1.466464 -0.225132
v 0.164716 1.415829 -0.285300
v 0.114976 1.466464 -0.233151
v -0.089865 2.180729 -0.291551
v -0.089865 2.180729 -0.291551
v -0.090030 2.165189 -0.277344
v -0.090030 2.165157 -0.349366
v -0.090030 2.165157 -0.349366
v -0.089865 2.180365 -0.349000
v 0.164716 2.215819 0.364434
v 0.114975 2.165185 0.349338
v 0.114976 2.165189 0.233151
v 0.164716 2.215823 0.285300
v 0.089710 2.180729 0.291789
v 0.089712 2.165189 0.277611
v 0.089712 2.165185 0.349338
v 0.089711 2.180813 0.349329
v 0.089711 2.165276 0.364865
v -0.033931 1.558095 -0.349364
v -0.067282 1.564729 -0.349364
v -0.072848 1.543955 -0.364905
v -0.036738 1.536773 -0.364905
v -0.010233 1.556206 -0.349364
v -0.000000 1.534365 -0.364905
v -0.000000 1.555883 -0.349368
v 0.010233 1.556206 -0.349364
v 0.033931 1.558095 -0.349364
v 0.036738 1.536773 -0.364905
v 0.067282 1.564729 -0.349364
v 0.072848 1.543955 -0.364905
v 0.000000 1.450954 0.348618
v 0.000000 1.450954 0.348618
v 0.000000 1.450954 0.348618
v 0.000000 1.450954 0.348618
v -0.089710 1.450924 0.291789
v -0.089710 1.450924 0.291789
v -0.089744 1.450954 0.348618
v -0.072848 1.450924 0.271876
v -0.072848 1.450924 0.271876
v -0.036738 1.450924 0.279059
v -0.036738 1.450924 0.279059
v 0.000000 1.450924 0.281467
v 0.036738 1.450924 0.279059
v 0.036738 1.450924 0.279059
v 0.072848 1.450924 0.271876
v 0.072848 1.450924 0.271876
v 0.072848 1.450924 0.271876
v 0.089831 1.450954 0.348618
v 0.089831 1.450954 0.348618
v 0.089865 1.450924 0.291210
v 0.364888 1.815823 0.349219
v 0.364888 1.815823 0.349219
v 0.364888 1.815823 0.349219
v 0.364899 1.726115 0.291789
v 0.364899 1.726115 0.291789
v 0.364888 1.726000 0.349219
v 0.364899 1.742976 0.271876
v 0.364899 1.742976 0.271876
v 0.364899 1.779086 0.279059
v 0.364899 1.815823 0.281467
v 0.364899 1.852561 0.279059
v 0.364899 1.888670 0.271876
v 0.364899 1.888670 0.271876
v 0.364899 1.888670 0.271876
v 0.364888 1.905771 0.349219
v 0.364888 1.905771 0.349219
v 0.364899 1.905687 0.291210
v -0.089865 2.180729 -0.291551
v -0.089865 2.180365 -0.349000
v -0.000000 2.180365 -0.349000
v -0.072848 2.180729 -0.271876
v -0.036738 2.180729 -0.279059
v -0.000000 2.180729 -0.281467
v 0.036738 2.180729 -0.279059
v 0.072848 2.180729 -0.271876
v 0.089711 2.180365 -0.349000
v 0.089711 2.180729 -0.291551
v -0.072848 2.180729 0.271876
v -0.072848 2.180729 0.271876
v -0.072848 2.180729 0.271876
v -0.089865 2.180813 0.349329
v -0.089865 2.180813 0.349329
v -0.089865 2.180729 0.291210
v 0.000000 2.180813 0.349329
v 0.000000 2.180813 0.349329
v 0.000000 2.180813 0.349329
v 0.000000 2.180813 0.349329
v 0.000000 2.180813 0.349329
v 0.000000 2.180813 0.349329
v -0.036738 2.180729 0.279059
v -0.036738 2.180729 0.279059
v 0.000000 2.180729 0.281467
v 0.000000 2.180729 0.281467
v 0.036738 2.180729 0.279059
v 0.036738 2.180729 0.279059
v 0.072848 2.180729 0.271876
v 0.072848 2.180729 0.271876
v 0.089710 2.180729 0.291789
v 0.089711 2.180813 0.349329
v -0.399997 1.651110 -0.363014
v -0.364438 1.651110 -0.400000
v -0.349365 1.700849 -0.349366
v 0.089712 2.165189 0.277611
v 0.089710 2.180729 0.291789
v 0.072848 2.180729 0.271876
v 0.067282 2.165189 0.251102
v -0.072848 2.180729 0.271876
v -0.089865 2.180729 0.291210
v -0.090030 2.165189 0.276577
v -0.067282 2.165189 0.251102
v 0.089711 2.180365 -0.349000
v 0.089711 2.180365 -0.349000
v 0.089712 2.165157 -0.349366
v 0.089712 2.165189 -0.277344
v 0.089712 2.165189 -0.277344
v 0.089711 2.180729 -0.291551
v -0.233147 1.466464 0.114977
v -0.285296 1.415829 0.164718
v -0.225128 1.466464 0.129980
v -0.206237 1.466464 0.158254
v -0.261356 1.415829 0.200548
v -0.183817 1.466464 0.183819
v -0.232943 1.415829 0.232947
v -0.158251 1.466464 0.206240
v -0.200545 1.415829 0.261360
v -0.129978 1.466464 0.225132
v -0.164716 1.415829 0.285300
v -0.114976 1.466464 0.233151
v -0.114976 1.466464 -0.233151
v -0.164716 1.415829 -0.285300
v -0.129978 1.466464 -0.225132
v -0.158251 1.466464 -0.206240
v -0.200545 1.415829 -0.261360
v -0.183817 1.466464 -0.183819
v -0.232943 1.415829 -0.232947
v -0.206237 1.466464 -0.158254
v -0.261356 1.415829 -0.200548
v -0.225128 1.466464 -0.129980
v -0.285296 1.415829 -0.164718
v -0.233147 1.466464 -0.114977
v 0.363436 1.415829 -0.363014
v 0.164716 1.415831 -0.363014
v 0.164716 1.415829 -0.285300
v 0.200545 1.415829 -0.261360
v 0.232943 1.415829 -0.232947
v 0.261356 1.415829 -0.200548
v 0.285296 1.415829 -0.164718
v 0.363436 1.415828 -0.164718
v -0.292200 2.180729 0.090235
v -0.350217 2.180438 0.090235
v -0.350217 2.180438 0.000000
v -0.350217 2.180438 0.000000
v -0.271553 2.180729 0.072763
v -0.278727 2.180729 0.036696
v -0.278727 2.180729 0.036696
v -0.281132 2.180729 0.000000
v -0.281132 2.180729 0.000000
v -0.278727 2.180729 -0.036696
v -0.278727 2.180729 -0.036696
v -0.271553 2.180729 -0.072763
v -0.350217 2.180438 -0.090247
v -0.292200 2.180729 -0.090247
v -0.271553 2.180729 0.072763
v -0.251098 2.165189 0.067283
v -0.277332 2.165189 0.090235
v -0.292200 2.180729 0.090235
v -0.246160 2.165189 -0.083561
v -0.251098 2.165189 -0.067283
v -0.277332 2.165189 -0.090247
v -0.233147 2.165189 -0.114977
v -0.349365 2.165189 -0.090247
v -0.349365 2.165189 -0.114977
v 0.364899 2.108019 0.090235
v 0.365298 2.164464 0.090235
v 0.365298 2.164464 0.000000
v 0.365298 2.164464 0.000000
v 0.365298 2.164464 0.000000
v 0.364899 2.087372 0.072763
v 0.364899 2.094546 0.036696
v 0.364899 2.094546 0.036696
v 0.364899 2.096951 0.000000
v 0.364899 2.096951 0.000000
v 0.364899 2.094546 -0.036696
v 0.364899 2.087372 -0.072763
v 0.365298 2.164464 -0.090247
v 0.364899 2.108019 -0.090247
v 0.364899 1.905687 -0.291551
v 0.364576 1.905767 -0.349697
v 0.364576 1.815824 -0.349706
v 0.364899 1.888670 -0.271876
v 0.364899 1.852561 -0.279059
v 0.364899 1.815823 -0.281467
v 0.364899 1.779086 -0.279059
v 0.364899 1.742977 -0.271876
v 0.364576 1.725997 -0.349694
v 0.364899 1.726114 -0.291551
v 0.271553 1.450924 -0.072763
v 0.271553 1.450924 -0.072763
v 0.271553 1.450924 -0.072763
v 0.348307 1.450941 -0.090247
v 0.348307 1.450941 -0.090247
v 0.292200 1.450924 -0.090247
v 0.348307 1.450941 -0.000000
v 0.348307 1.450941 -0.000000
v 0.348307 1.450941 -0.000000
v 0.348307 1.450941 -0.000000
v 0.348307 1.450941 -0.000000
v 0.278727 1.450924 -0.036696
v 0.278727 1.450924 -0.036696
v 0.281132 1.450924 -0.000000
v 0.278727 1.450924 0.036696
v 0.278727 1.450924 0.036696
v 0.271553 1.450924 0.072763
v 0.271553 1.450924 0.072763
v 0.292200 1.450924 0.090234
v 0.292200 1.450924 0.090234
v 0.348307 1.450941 0.090234
v 0.278397 2.165189 -0.090247
v 0.349365 2.165190 -0.114977
v 0.349365 2.165190 -0.090247
v 0.233147 2.165189 -0.114977
v 0.246160 2.165189 -0.083561
v 0.251098 2.165189 -0.067283
v -0.271553 1.450924 0.072763
v -0.251098 1.466464 0.067283
v -0.257732 1.466464 0.033932
v -0.278727 1.450924 0.036696
v -0.259621 1.466464 0.010233
v -0.281132 1.450924 -0.000000
v -0.259940 1.466429 -0.000000
v -0.278727 1.450924 -0.036696
v -0.259621 1.466464 -0.010233
v -0.257732 1.466464 -0.033932
v -0.271553 1.450924 -0.072763
v -0.251098 1.466464 -0.067283
v 0.164716 2.215819 0.364434
v 0.363436 2.215818 0.364434
v 0.363436 2.179918 0.399995
v 0.164716 2.179918 0.399996
v 0.399997 1.451408 -0.164718
v 0.349365 1.466460 -0.114977
v 0.349359 1.582680 -0.114977
v 0.399994 1.530532 -0.164718
v 0.349359 1.667766 -0.044914
v 0.349359 1.582680 -0.114977
v 0.349359 1.569667 -0.083561
v 0.349359 1.564729 -0.067283
v 0.349359 1.558095 -0.033932
v 0.349359 1.662345 -0.020206
v 0.349359 1.661352 -0.010125
v 0.349359 1.556206 -0.010233
v 0.349359 1.795618 -0.153483
v 0.349359 1.805699 -0.154476
v 0.349359 1.805590 -0.259625
v 0.349359 1.781893 -0.257736
v 0.349359 1.770911 -0.148062
v 0.349359 1.748543 -0.251102
v 0.349359 1.732265 -0.246164
v 0.349359 1.742889 -0.136455
v 0.349359 1.700850 -0.233151
v 0.349359 1.685847 -0.225132
v 0.349359 1.721586 -0.122817
v 0.349359 1.657575 -0.206240
v 0.349359 1.706361 -0.109465
v 0.349359 1.632010 -0.183819
v 0.349359 1.693010 -0.094241
v 0.349359 1.609590 -0.158254
v 0.349359 1.679373 -0.072937
v 0.349359 1.590698 -0.129980
v -0.044913 2.165189 -0.148062
v -0.114976 2.165189 -0.233151
v -0.083560 2.165189 -0.246164
v -0.067282 2.165189 -0.251102
v -0.020206 2.165189 -0.153483
v -0.033931 2.165189 -0.257736
v -0.010125 2.165189 -0.154476
v -0.010233 2.165189 -0.259625
v -0.153481 2.165189 -0.020206
v -0.154473 2.165189 -0.010125
v -0.259621 2.165189 -0.010233
v -0.257732 2.165189 -0.033932
v -0.148060 2.165189 -0.044914
v -0.251098 2.165189 -0.067283
v -0.246160 2.165189 -0.083561
v -0.136453 2.165189 -0.072937
v -0.233147 2.165189 -0.114977
v -0.225128 2.165189 -0.129980
v -0.122815 2.165189 -0.094241
v -0.206237 2.165189 -0.158254
v -0.109464 2.165189 -0.109465
v -0.183817 2.165189 -0.183819
v -0.094239 2.165189 -0.122817
v -0.158251 2.165189 -0.206240
v -0.072935 2.165189 -0.136455
v -0.129978 2.165189 -0.225132
v -0.246160 1.899382 0.349364
v -0.251098 1.883104 0.349364
v -0.277332 1.906068 0.349364
v -0.233147 1.930797 0.349364
v -0.233147 1.930797 0.349364
v -0.349365 1.905801 0.349338
v -0.349365 1.930797 0.349338
v -0.399997 1.980537 0.364434
v -0.400000 2.179918 0.364434
v -0.364438 2.179918 0.399995
v -0.364438 1.980537 0.399996
v -0.089865 2.107365 0.364905
v -0.089865 2.165276 0.364865
v 0.000000 2.165276 0.364865
v 0.000000 2.165276 0.364865
v 0.000000 2.165276 0.364865
v 0.000000 2.165276 0.364865
v -0.072848 2.087691 0.364905
v -0.036738 2.094874 0.364905
v -0.036738 2.094874 0.364905
v 0.000000 2.097282 0.364905
v 0.036738 2.094874 0.364905
v 0.036738 2.094874 0.364905
v 0.072848 2.087691 0.364905
v 0.072848 2.087691 0.364905
v 0.089711 2.165276 0.364865
v 0.089711 2.107365 0.364905
v -0.164716 2.215815 -0.363014
v -0.164716 2.215815 -0.363014
v -0.364438 2.215818 -0.363014
v -0.364438 2.179918 -0.400000
v -0.364438 2.179918 -0.400000
v -0.164716 2.179918 -0.400000
v 0.044913 1.466464 -0.148062
v 0.114976 1.466464 -0.233151
v 0.083560 1.466464 -0.246164
v 0.067282 1.466464 -0.251102
v 0.020206 1.466464 -0.153483
v 0.033931 1.466464 -0.257736
v 0.010233 1.466464 -0.259625
v 0.010125 1.466464 -0.154476
v 0.259621 1.466464 -0.010233
v 0.153481 1.466464 -0.020206
v 0.154473 1.466464 -0.010125
v 0.257732 1.466464 -0.033932
v 0.148060 1.466464 -0.044914
v 0.251098 1.466464 -0.067283
v 0.246160 1.466464 -0.083561
v 0.233147 1.466464 -0.114977
v 0.136453 1.466464 -0.072937
v 0.225128 1.466464 -0.129980
v 0.122815 1.466464 -0.094241
v 0.206237 1.466464 -0.158254
v 0.109464 1.466464 -0.109465
v 0.183817 1.466464 -0.183819
v 0.094239 1.466464 -0.122817
v 0.158251 1.466464 -0.206240
v 0.072935 1.466464 -0.136455
v 0.129978 1.466464 -0.225132
v 0.033931 2.073551 -0.349364
v 0.067282 2.066918 -0.349364
v 0.072848 2.087691 -0.364905
v 0.036738 2.094874 -0.364905
v 0.010233 2.075440 -0.349364
v -0.000000 2.097282 -0.364905
v -0.000000 2.075767 -0.349368
v -0.010233 2.075440 -0.349364
v -0.033931 2.073551 -0.349364
v -0.036738 2.094874 -0.364905
v -0.067282 2.066918 -0.349364
v -0.072848 2.087691 -0.364905
v -0.257732 1.849754 -0.349364
v -0.251098 1.883104 -0.349364
v -0.271553 1.888585 -0.364905
v -0.278727 1.852518 -0.364905
v -0.259621 1.826056 -0.349364
v -0.281132 1.815823 -0.364905
v -0.259966 1.815823 -0.349398
v -0.259621 1.805590 -0.349364
v -0.257732 1.781893 -0.349364
v -0.278727 1.779129 -0.364905
v -0.251098 1.748543 -0.349364
v -0.271553 1.743062 -0.364905
v -0.349359 2.066918 0.067283
v -0.364899 2.087372 0.072763
v -0.349359 2.094216 0.090235
v -0.364899 2.107787 0.090235
v -0.400000 1.451408 0.364434
v -0.364438 1.451408 0.399995
v -0.364438 1.415836 0.364434
v 0.399998 2.179918 0.164718
v 0.399998 2.179918 0.164718
v 0.400000 2.179918 0.364434
v 0.363436 2.215818 0.364434
v 0.363436 2.215818 0.364434
v 0.363436 2.215823 0.164718
v 0.089710 1.524043 0.364905
v 0.089712 1.538221 0.349364
v 0.089871 1.466493 0.349338
v 0.089744 1.467417 0.365082
v 0.089831 1.450954 0.348618
v -0.399998 1.451408 0.164718
v -0.364438 1.415828 0.164718
v -0.349365 1.466460 0.114976
v -0.349203 1.450954 -0.000000
v -0.364867 1.466619 0.090234
v -0.349203 1.450954 0.090234
v -0.364867 1.466619 -0.000000
v -0.349203 1.450954 -0.090247
v -0.364867 1.466619 -0.090247
v -0.350217 2.180438 -0.090247
v -0.364977 2.165677 -0.090247
v -0.349365 2.165189 -0.090247
v -0.364899 2.107787 -0.090247
v -0.349359 2.094216 -0.090247
v -0.044913 2.180569 -0.148062
v -0.044913 2.165189 -0.148062
v -0.020206 2.165189 -0.153483
v -0.020206 2.180569 -0.153483
v -0.010125 2.165189 -0.154476
v -0.010125 2.180569 -0.154476
v -0.000000 2.180569 -0.154807
v -0.000000 2.165204 -0.154807
v -0.154473 2.165189 -0.010125
v -0.154805 2.180569 0.000000
v -0.154805 2.165204 0.000000
v -0.154473 2.180569 -0.010125
v -0.153481 2.165189 -0.020206
v -0.153481 2.180569 -0.020206
v -0.148060 2.165189 -0.044914
v -0.148060 2.180569 -0.044914
v -0.136453 2.165189 -0.072937
v -0.136453 2.180569 -0.072937
v -0.122815 2.165189 -0.094241
v -0.122815 2.180569 -0.094241
v -0.109464 2.165189 -0.109465
v -0.109464 2.180569 -0.109465
v -0.094239 2.165189 -0.122817
v -0.094239 2.180569 -0.122817
v -0.072935 2.165189 -0.136455
v -0.072935 2.180569 -0.136455
v -0.044913 2.180569 0.148062
v -0.044913 2.165189 0.148062
v -0.072935 2.165189 0.136455
v -0.072935 2.180569 0.136455
v -0.094239 2.165189 0.122817
v -0.094239 2.180569 0.122817
v -0.109464 2.165189 0.109465
v -0.109464 2.180569 0.109465
v -0.122815 2.180569 0.094241
v -0.122815 2.165189 0.094241
v -0.136453 2.180569 0.072937
v -0.136453 2.165189 0.072937
v -0.148060 2.180569 0.044914
v -0.148060 2.165189 0.044914
v -0.153481 2.180569 0.020206
v -0.153481 2.165189 0.020206
v -0.154473 2.165189 0.010125
v -0.154473 2.180569 0.010125
v 0.109464 2.180569 0.109465
v 0.109464 2.165189 0.109465
v 0.094239 2.165189 0.122817
v 0.094239 2.180569 0.122817
v 0.072935 2.165189 0.136455
v 0.072935 2.180569 0.136455
v 0.044913 2.165189 0.148062
v 0.044913 2.180569 0.148062
v 0.020206 2.165189 0.153483
v 0.020206 2.180569 0.153483
v 0.010125 2.165189 0.154476
v 0.010125 2.180569 0.154476
v 0.000000 2.180569 0.154807
v 0.000000 2.165204 0.154807
v -0.010125 2.165189 0.154476
v -0.010125 2.180569 0.154476
v -0.020206 2.165189 0.153483
v -0.020206 2.180569 0.153483
v 0.148060 2.180569 -0.044914
v 0.148060 2.165189 -0.044914
v 0.153481 2.165189 -0.020206
v 0.153481 2.180569 -0.020206
v 0.154473 2.165189 -0.010125
v 0.154473 2.180569 -0.010125
v 0.154805 2.180569 0.000000
v 0.154805 2.165204 0.000000
v 0.154473 2.165189 0.010125
v 0.154473 2.180569 0.010125
v 0.153481 2.165189 0.020206
v 0.153481 2.180569 0.020206
v 0.148060 2.165189 0.044914
v 0.148060 2.180569 0.044914
v 0.136453 2.165189 0.072937
v 0.136453 2.180569 0.072937
v 0.122815 2.165189 0.094241
v 0.122815 2.180569 0.094241
v 0.010125 2.165189 -0.154476
v -0.000000 2.180569 -0.154807
v -0.000000 2.165204 -0.154807
v 0.010125 2.180569 -0.154476
v 0.020206 2.165189 -0.153483
v 0.020206 2.180569 -0.153483
v 0.044913 2.165189 -0.148062
v 0.044913 2.180569 -0.148062
v 0.072935 2.165189 -0.136455
v 0.072935 2.180569 -0.136455
v 0.094239 2.165189 -0.122817
v 0.094239 2.180569 -0.122817
v 0.109464 2.165189 -0.109465
v 0.109464 2.180569 -0.109465
v 0.122815 2.165189 -0.094241
v 0.122815 2.180569 -0.094241
v 0.136453 2.165189 -0.072937
v 0.136453 2.180569 -0.072937
v 0.164716 2.215823 -0.285300
v 0.164716 2.215823 -0.285300
v 0.164716 2.215815 -0.363014
v 0.363436 2.215818 -0.363014
v 0.363436 2.215818 -0.363014
v 0.200545 2.215823 -0.261360
v 0.232943 2.215823 -0.232947
v 0.261356 2.215823 -0.200548
v 0.285296 2.215823 -0.164718
v 0.363436 2.215823 -0.164718
v -0.164716 2.215815 -0.363014
v -0.164716 2.179918 -0.400000
v -0.114976 2.165157 -0.349366
v 0.348307 1.450941 -0.000000
v 0.364879 1.467512 -0.090247
v 0.348307 1.450941 -0.090247
v 0.364879 1.467512 -0.000000
v 0.348307 1.450941 0.090234
v 0.364879 1.467512 0.090234
v 0.399998 2.179918 -0.164718
v 0.400000 2.179918 -0.363014
v 0.399994 2.101115 -0.164718
v 0.399994 2.077175 -0.200548
v 0.399994 2.048763 -0.232947
v 0.399994 2.016366 -0.261360
v 0.399994 1.980537 -0.285300
v 0.399998 1.980537 -0.363014
v 0.164716 1.415831 -0.363014
v 0.164716 1.451408 -0.400000
v 0.114975 1.466465 -0.349366
v 0.291968 2.180729 -0.090247
v 0.348729 2.181033 -0.090247
v 0.348729 2.181033 0.000000
v 0.271553 2.180729 -0.072763
v 0.278727 2.180729 -0.036696
v 0.281132 2.180729 0.000000
v 0.278727 2.180729 0.036696
v 0.271553 2.180729 0.072763
v 0.348729 2.181033 0.090235
v 0.291968 2.180729 0.090235
v 0.114976 2.165189 -0.233151
v 0.164716 2.215823 -0.285300
v 0.129978 2.165189 -0.225132
v 0.158251 2.165189 -0.206240
v 0.200545 2.215823 -0.261360
v 0.183817 2.165189 -0.183819
v 0.232943 2.215823 -0.232947
v 0.206237 2.165189 -0.158254
v 0.261356 2.215823 -0.200548
v 0.225128 2.165189 -0.129980
v 0.285296 2.215823 -0.164718
v 0.233147 2.165189 -0.114977
v -0.364438 2.215818 -0.363014
v -0.400000 2.179918 -0.363014
v -0.364438 2.179918 -0.400000
v 0.364739 1.860736 -0.148062
v 0.349359 1.860736 -0.148062
v 0.349359 1.836029 -0.153483
v 0.364739 1.836029 -0.153483
v 0.349359 1.825948 -0.154476
v 0.364739 1.825948 -0.154476
v 0.364739 1.815823 -0.154807
v 0.349374 1.815823 -0.154807
v 0.349359 1.970294 -0.010125
v 0.364739 1.970626 0.000000
v 0.349374 1.970626 0.000000
v 0.364739 1.970294 -0.010125
v 0.349359 1.969302 -0.020206
v 0.364739 1.969302 -0.020206
v 0.349359 1.963881 -0.044914
v 0.364739 1.963881 -0.044914
v 0.349359 1.952274 -0.072937
v 0.364739 1.952274 -0.072937
v 0.349359 1.938637 -0.094241
v 0.364739 1.938637 -0.094241
v 0.349359 1.925285 -0.109465
v 0.364739 1.925285 -0.109465
v 0.349359 1.910061 -0.122817
v 0.364739 1.910061 -0.122817
v 0.349359 1.888758 -0.136455
v 0.364739 1.888758 -0.136455
v 0.364739 1.860736 0.148062
v 0.349359 1.860736 0.148062
v 0.349359 1.888758 0.136455
v 0.364739 1.888758 0.136455
v 0.349359 1.910061 0.122817
v 0.364739 1.910061 0.122817
v 0.349359 1.925285 0.109465
v 0.364739 1.925285 0.109465
v 0.364739 1.938637 0.094241
v 0.349359 1.938637 0.094241
v 0.364739 1.952274 0.072937
v 0.349359 1.952274 0.072937
v 0.364739 1.963881 0.044914
v 0.349359 1.963881 0.044914
v 0.364739 1.969302 0.020206
v 0.349359 1.969302 0.020206
v 0.349359 1.970294 0.010125
v 0.364739 1.970294 0.010125
v 0.364739 1.706361 0.109465
v 0.349359 1.706361 0.109465
v 0.349359 1.721586 0.122817
v 0.364739 1.721586 0.122817
v 0.349359 1.742889 0.136455
v 0.364739 1.742889 0.136455
v 0.349359 1.770911 0.148062
v 0.364739 1.770911 0.148062
v 0.349359 1.795618 0.153483
v 0.364739 1.795618 0.153483
v 0.349359 1.805699 0.154476
v 0.364739 1.805699 0.154476
v 0.364739 1.815823 0.154807
v 0.349374 1.815823 0.154807
v 0.349359 1.825948 0.154476
v 0.364739 1.825948 0.154476
v 0.349359 1.836029 0.153483
v 0.364739 1.836029 0.153483
v 0.364739 1.667766 -0.044914
v 0.349359 1.667766 -0.044914
v 0.349359 1.662345 -0.020206
v 0.364739 1.662345 -0.020206
v 0.349359 1.661352 -0.010125
v 0.364739 1.661352 -0.010125
v 0.364739 1.661021 0.000000
v 0.349374 1.661021 0.000000
v 0.349359 1.661352 0.010125
v 0.364739 1.661352 0.010125
v 0.349359 1.662345 0.020206
v 0.364739 1.662345 0.020206
v 0.349359 1.667766 0.044914
v 0.364739 1.667766 0.044914
v 0.349359 1.679373 0.072937
v 0.364739 1.679373 0.072937
v 0.349359 1.693010 0.094241
v 0.364739 1.693010 0.094241
v 0.349359 1.805699 -0.154476
v 0.364739 1.815823 -0.154807
v 0.349374 1.815823 -0.154807
v 0.364739 1.805699 -0.154476
v 0.349359 1.795618 -0.153483
v 0.364739 1.795618 -0.153483
v 0.349359 1.770911 -0.148062
v 0.364739 1.770911 -0.148062
v 0.349359 1.742889 -0.136455
v 0.364739 1.742889 -0.136455
v 0.349359 1.721586 -0.122817
v 0.364739 1.721586 -0.122817
v 0.349359 1.706361 -0.109465
v 0.364739 1.706361 -0.109465
v 0.349359 1.693010 -0.094241
v 0.364739 1.693010 -0.094241
v 0.349359 1.679373 -0.072937
v 0.364739 1.679373 -0.072937
v -0.364438 1.415829 -0.363014
v -0.364438 1.415828 -0.164718
v -0.285296 1.415829 -0.164718
v -0.261356 1.415829 -0.200548
v -0.232943 1.415829 -0.232947
v -0.200545 1.415829 -0.261360
v -0.164716 1.415829 -0.285300
v -0.164716 1.415831 -0.363014
v 0.363436 2.179918 -0.400000
v 0.164716 2.179918 -0.400000
v 0.164716 2.101115 -0.400000
v 0.200545 2.077175 -0.400000
v 0.232943 2.048763 -0.400000
v 0.261356 2.016366 -0.400000
v 0.285296 1.980537 -0.400000
v 0.363436 1.980537 -0.400000
v -0.285296 2.215823 -0.164718
v -0.364438 2.215823 -0.164718
v -0.364438 2.215818 -0.363014
v -0.364438 2.215818 -0.363014
v -0.364438 2.215818 -0.363014
v -0.261356 2.215823 -0.200548
v -0.261356 2.215823 -0.200548
v -0.232982 2.215821 -0.232940
v -0.232982 2.215821 -0.232940
v -0.200547 2.215828 -0.261360
v -0.200547 2.215828 -0.261360
v -0.164716 2.215823 -0.285300
v -0.164716 2.215815 -0.363014
v 0.164716 2.179918 -0.400000
v 0.164716 2.215815 -0.363014
v 0.114975 2.165157 -0.349366
v 0.291968 1.725579 -0.364905
v 0.349545 1.725695 -0.364730
v 0.349552 1.815824 -0.364730
v 0.349552 1.815824 -0.364730
v 0.349552 1.815824 -0.364730
v 0.271553 1.743062 -0.364905
v 0.278727 1.779129 -0.364905
v 0.278727 1.779129 -0.364905
v 0.281132 1.815823 -0.364905
v 0.278727 1.852518 -0.364905
v 0.271553 1.888585 -0.364905
v 0.349543 1.905975 -0.364730
v 0.291968 1.906055 -0.364905
v -0.364739 1.662345 0.020206
v -0.364739 1.661352 0.010125
v -0.377644 1.666903 0.009761
v -0.377644 1.667861 0.019480
v -0.383204 1.679788 0.008917
v -0.383204 1.680662 0.017795
v -0.377644 1.673087 0.043300
v -0.364739 1.667766 0.044914
v -0.364739 1.679373 0.072937
v -0.377644 1.666584 0.000000
v -0.383204 1.679496 0.000000
v -0.383204 1.815823 0.000000
v -0.383204 1.685436 0.039554
v -0.377644 1.684276 0.070315
v -0.364739 1.693010 0.094241
v -0.377644 1.697424 0.090854
v -0.364739 1.706361 0.109465
v -0.377644 1.710295 0.105531
v -0.364739 1.721586 0.122817
v -0.377644 1.724972 0.118403
v -0.364739 1.742889 0.136455
v -0.377644 1.745510 0.131551
v -0.364739 1.770911 0.148062
v -0.383204 1.719425 -0.096401
v -0.383204 1.732832 -0.108159
v -0.383204 1.707667 -0.082994
v -0.383204 1.695657 -0.064232
v -0.383204 1.685436 -0.039554
v -0.383204 1.680662 -0.017795
v -0.383204 1.679788 -0.008917
v -0.383204 1.951859 0.008917
v -0.383204 1.952151 0.000000
v -0.383204 1.951859 -0.008917
v -0.383204 1.950985 -0.017795
v -0.383204 1.946211 -0.039554
v -0.383204 1.935989 -0.064232
v -0.383204 1.923979 -0.082994
v -0.383204 1.912222 -0.096401
v -0.383204 1.898814 -0.108159
v -0.383204 1.880053 -0.120170
v -0.383204 1.855376 -0.130392
v -0.383204 1.833618 -0.135166
v -0.383204 1.824740 -0.136040
v -0.383204 1.815823 -0.136332
v -0.383204 1.806907 -0.136040
v -0.383204 1.798029 -0.135166
v -0.383204 1.776271 -0.130392
v -0.383204 1.751593 -0.120170
v -0.377644 1.772525 -0.142741
v -0.377644 1.796344 -0.147967
v -0.377644 1.806063 -0.148924
v -0.377644 1.815823 -0.149244
v -0.377644 1.825584 -0.148924
v -0.377644 1.835303 -0.147967
v -0.377644 1.859122 -0.142741
v -0.377644 1.886137 -0.131551
v -0.377644 1.906675 -0.118403
v -0.377644 1.921352 -0.105531
v -0.383204 1.707667 0.082994
v -0.383204 1.719425 0.096401
v -0.383204 1.732832 0.108159
v -0.383204 1.751593 0.120170
v -0.383204 1.776271 0.130392
v -0.383204 1.798029 0.135166
v -0.383204 1.806907 0.136040
v -0.383204 1.815823 0.136332
v -0.383204 1.824740 0.136040
v -0.383204 1.833618 0.135166
v -0.383204 1.855376 0.130392
v -0.383204 1.880053 0.120170
v -0.383204 1.898814 0.108159
v -0.383204 1.912222 0.096401
v -0.383204 1.923979 0.082994
v -0.383204 1.935989 0.064232
v -0.383204 1.946211 0.039554
v -0.383204 1.950985 0.017795
v -0.377644 1.958560 0.043300
v -0.377644 1.947370 0.070315
v -0.377644 1.934223 0.090854
v -0.377644 1.921352 0.105531
v -0.377644 1.906675 0.118403
v -0.377644 1.886137 0.131551
v -0.377644 1.859122 0.142741
v -0.377644 1.835303 0.147967
v -0.377644 1.825584 0.148924
v -0.377644 1.815823 0.149244
v -0.377644 1.772525 0.142741
v -0.364739 1.795618 0.153483
v -0.377644 1.796344 0.147967
v -0.364739 1.805699 0.154476
v -0.377644 1.806063 0.148924
v -0.364739 1.815823 0.154807
v -0.364739 1.825948 0.154476
v -0.364739 1.836029 0.153483
v -0.364739 1.860736 0.148062
v -0.364739 1.888758 0.136455
v -0.364739 1.910061 0.122817
v -0.364739 1.925285 0.109465
v -0.383204 1.695657 0.064232
v -0.364739 1.938637 0.094241
v -0.364739 1.952274 0.072937
v -0.364739 1.963881 0.044914
v -0.364739 1.969302 0.020206
v -0.377644 1.963786 0.019480
v -0.364739 1.970294 0.010125
v -0.377644 1.964743 0.009761
v -0.364739 1.970626 0.000000
v -0.377644 1.965063 0.000000
v -0.364739 1.970294 -0.010125
v -0.377644 1.964743 -0.009761
v -0.364739 1.969302 -0.020206
v -0.377644 1.963786 -0.019480
v -0.364739 1.963881 -0.044914
v -0.377644 1.934223 -0.090854
v -0.377644 1.947370 -0.070315
v -0.377644 1.958560 -0.043300
v -0.364739 1.952274 -0.072937
v -0.364739 1.938637 -0.094241
v -0.364739 1.925285 -0.109465
v -0.364739 1.910061 -0.122817
v -0.364739 1.888758 -0.136455
v -0.364739 1.860736 -0.148062
v -0.364739 1.836029 -0.153483
v -0.364739 1.825948 -0.154476
v -0.364739 1.815823 -0.154807
v -0.364739 1.805699 -0.154476
v -0.364739 1.795618 -0.153483
v -0.364739 1.770911 -0.148062
v -0.364739 1.742889 -0.136455
v -0.377644 1.745510 -0.131551
v -0.364739 1.721586 -0.122817
v -0.377644 1.724972 -0.118403
v -0.364739 1.706361 -0.109465
v -0.377644 1.710295 -0.105531
v -0.364739 1.693010 -0.094241
v -0.377644 1.697424 -0.090854
v -0.364739 1.679373 -0.072937
v -0.377644 1.684276 -0.070315
v -0.364739 1.667766 -0.044914
v -0.377644 1.666903 -0.009761
v -0.377644 1.667861 -0.019480
v -0.377644 1.673087 -0.043300
v -0.364739 1.662345 -0.020206
v -0.364739 1.661352 -0.010125
v -0.364739 1.661021 0.000000
v -0.292200 1.725592 0.364905
v -0.349607 1.725849 0.364644
v -0.349607 1.815823 0.364644
v -0.271553 1.743062 0.364905
v -0.278727 1.779129 0.364905
v -0.281132 1.815823 0.364905
v -0.278727 1.852518 0.364905
v -0.271553 1.888585 0.364905
v -0.349607 1.905775 0.364644
v -0.292200 1.906068 0.364905
v -0.044913 1.963881 0.364745
v -0.044913 1.963881 0.349364
v -0.020206 1.969302 0.349364
v -0.020206 1.969302 0.364745
v -0.010125 1.970294 0.349364
v -0.010125 1.970294 0.364745
v 0.000000 1.970626 0.364745
v 0.000000 1.970626 0.349379
v -0.154473 1.825948 0.349364
v -0.154805 1.815823 0.364745
v -0.154805 1.815823 0.349379
v -0.154473 1.825948 0.364745
v -0.153481 1.836029 0.349364
v -0.153481 1.836029 0.364745
v -0.148060 1.860736 0.349364
v -0.148060 1.860736 0.364745
v -0.136453 1.888758 0.349364
v -0.136453 1.888758 0.364745
v -0.122815 1.910061 0.349364
v -0.122815 1.910061 0.364745
v -0.109464 1.925285 0.349364
v -0.109464 1.925285 0.364745
v -0.094239 1.938636 0.349364
v -0.094239 1.938636 0.364745
v -0.072935 1.952274 0.349364
v -0.072935 1.952274 0.364745
v -0.044913 1.667766 0.364745
v -0.044913 1.667766 0.349364
v -0.072935 1.679373 0.349364
v -0.072935 1.679373 0.364745
v -0.094239 1.693010 0.349364
v -0.094239 1.693010 0.364745
v -0.109464 1.706361 0.349364
v -0.109464 1.706361 0.364745
v -0.122815 1.721586 0.364745
v -0.122815 1.721586 0.349364
v -0.136453 1.742889 0.364745
v -0.136453 1.742889 0.349364
v -0.148060 1.770911 0.364745
v -0.148060 1.770911 0.349364
v -0.153481 1.795617 0.364745
v -0.153481 1.795617 0.349364
v -0.154473 1.805699 0.349364
v -0.154473 1.805699 0.364745
v 0.109464 1.706361 0.364745
v 0.109464 1.706361 0.349364
v 0.094239 1.693010 0.349364
v 0.094239 1.693010 0.364745
v 0.072935 1.679373 0.349364
v 0.072935 1.679373 0.364745
v 0.044913 1.667766 0.349364
v 0.044913 1.667766 0.364745
v 0.020206 1.662345 0.349364
v 0.020206 1.662345 0.364745
v 0.010125 1.661352 0.349364
v 0.010125 1.661352 0.364745
v 0.000000 1.661021 0.364745
v 0.000000 1.661021 0.349379
v -0.010125 1.661352 0.349364
v -0.010125 1.661352 0.364745
v -0.020206 1.662345 0.349364
v -0.020206 1.662345 0.364745
v 0.148060 1.860736 0.364745
v 0.148060 1.860736 0.349364
v 0.153481 1.836029 0.349364
v 0.153481 1.836029 0.364745
v 0.154473 1.825948 0.349364
v 0.154473 1.825948 0.364745
v 0.154805 1.815823 0.364745
v 0.154805 1.815823 0.349379
v 0.154473 1.805699 0.349364
v 0.154473 1.805699 0.364745
v 0.153481 1.795617 0.349364
v 0.153481 1.795617 0.364745
v 0.148060 1.770911 0.349364
v 0.148060 1.770911 0.364745
v 0.136453 1.742889 0.349364
v 0.136453 1.742889 0.364745
v 0.122815 1.721586 0.349364
v 0.122815 1.721586 0.364745
v 0.010125 1.970294 0.349364
v 0.000000 1.970626 0.364745
v 0.000000 1.970626 0.349379
v 0.010125 1.970294 0.364745
v 0.020206 1.969302 0.349364
v 0.020206 1.969302 0.364745
v 0.044913 1.963881 0.349364
v 0.044913 1.963881 0.364745
v 0.072935 1.952274 0.349364
v 0.072935 1.952274 0.364745
v 0.094239 1.938636 0.349364
v 0.094239 1.938636 0.364745
v 0.109464 1.925285 0.349364
v 0.109464 1.925285 0.364745
v 0.122815 1.910061 0.349364
v 0.122815 1.910061 0.364745
v 0.136453 1.888758 0.349364
v 0.136453 1.888758 0.364745
v 0.233147 1.930797 -0.349364
v 0.285296 1.980537 -0.400000
v 0.225128 1.945799 -0.349364
v 0.206237 1.974072 -0.349364
v 0.261356 2.016366 -0.400000
v 0.183817 1.999637 -0.349364
v 0.232943 2.048763 -0.400000
v 0.158251 2.022057 -0.349364
v 0.200545 2.077175 -0.400000
v 0.129978 2.040948 -0.349364
v 0.164716 2.101115 -0.400000
v 0.114976 2.048967 -0.349364
v 0.114976 2.048967 0.349364
v 0.164716 2.101115 0.400000
v 0.129978 2.040948 0.349364
v 0.158251 2.022057 0.349364
v 0.200545 2.077175 0.400000
v 0.183817 1.999637 0.349364
v 0.232943 2.048763 0.400000
v 0.206237 1.974072 0.349364
v 0.261356 2.016366 0.400000
v 0.225128 1.945799 0.349364
v 0.285296 1.980537 0.400000
v 0.233147 1.930797 0.349364
v 0.349359 1.930797 0.233151
v 0.399994 1.980537 0.285300
v 0.349359 1.945799 0.225132
v 0.349359 1.974072 0.206240
v 0.399994 2.016366 0.261360
v 0.349359 1.999637 0.183819
v 0.399994 2.048763 0.232947
v 0.349359 2.022057 0.158254
v 0.399994 2.077175 0.200548
v 0.349359 2.040948 0.129980
v 0.399994 2.101115 0.164718
v 0.349359 2.048967 0.114977
v 0.364739 1.970626 0.000000
v 0.377644 1.964743 -0.009761
v 0.377644 1.965063 0.000000
v 0.364739 1.970294 0.010125
v 0.377644 1.964743 0.009761
v 0.364739 1.969302 0.020206
v 0.377644 1.963786 0.019480
v 0.383204 1.951859 -0.008917
v 0.383204 1.952151 0.000000
v 0.383204 1.951859 0.008917
v 0.383204 1.950985 0.017795
v 0.377644 1.958560 0.043300
v 0.383204 1.946211 0.039554
v 0.377644 1.947370 0.070315
v 0.383204 1.935989 0.064232
v 0.377644 1.934223 0.090854
v 0.383204 1.923979 0.082994
v 0.377644 1.921352 0.105531
v 0.383204 1.912222 0.096401
v 0.377644 1.906675 0.118403
v 0.383204 1.898814 0.108159
v 0.377644 1.886137 0.131551
v 0.383204 1.880053 0.120170
v 0.364739 1.963881 0.044914
v 0.364739 1.952274 0.072937
v 0.364739 1.938637 0.094241
v 0.364739 1.925285 0.109465
v 0.364739 1.910061 0.122817
v 0.364739 1.888758 0.136455
v 0.364739 1.860736 0.148062
v 0.377644 1.859122 0.142741
v 0.364739 1.836029 0.153483
v 0.377644 1.835303 0.147967
v 0.364739 1.825948 0.154476
v 0.377644 1.825584 0.148924
v 0.383204 1.855376 0.130392
v 0.383204 1.833618 0.135166
v 0.383204 1.824740 0.136040
v 0.377644 1.815823 0.149244
v 0.383204 1.815823 0.136332
v 0.377644 1.806063 0.148924
v 0.383204 1.806907 0.136040
v 0.377644 1.796344 0.147967
v 0.383204 1.798029 0.135166
v 0.377644 1.772525 0.142741
v 0.383204 1.776271 0.130392
v 0.377644 1.745510 0.131551
v 0.383204 1.751593 0.120170
v 0.377644 1.724972 0.118403
v 0.383204 1.732832 0.108159
v 0.364739 1.815823 0.154807
v 0.364739 1.805699 0.154476
v 0.364739 1.795618 0.153483
v 0.364739 1.770911 0.148062
v 0.364739 1.742889 0.136455
v 0.364739 1.721586 0.122817
v 0.364739 1.706361 0.109465
v 0.377644 1.710295 0.105531
v 0.364739 1.693010 0.094241
v 0.377644 1.697424 0.090854
v 0.364739 1.679373 0.072937
v 0.377644 1.684276 0.070315
v 0.383204 1.719425 0.096401
v 0.383204 1.707667 0.082994
v 0.383204 1.695657 0.064232
v 0.377644 1.673087 0.043300
v 0.383204 1.685436 0.039554
v 0.377644 1.667861 0.019480
v 0.383204 1.680662 0.017795
v 0.377644 1.666903 0.009761
v 0.383204 1.679788 0.008917
v 0.377644 1.666584 0.000000
v 0.383204 1.679496 0.000000
v 0.377644 1.666903 -0.009761
v 0.383204 1.679788 -0.008917
v 0.377644 1.667861 -0.019480
v 0.383204 1.680662 -0.017795
v 0.364739 1.667766 0.044914
v 0.364739 1.662345 0.020206
v 0.364739 1.661352 0.010125
v 0.364739 1.661021 0.000000
v 0.364739 1.661352 -0.010125
v 0.364739 1.662345 -0.020206
v 0.364739 1.667766 -0.044914
v 0.377644 1.673087 -0.043300
v 0.364739 1.679373 -0.072937
v 0.377644 1.684276 -0.070315
v 0.364739 1.693010 -0.094241
v 0.377644 1.697424 -0.090854
v 0.383204 1.685436 -0.039554
v 0.383204 1.695657 -0.064232
v 0.383204 1.707667 -0.082994
v 0.377644 1.710295 -0.105531
v 0.383204 1.719425 -0.096401
v 0.377644 1.724972 -0.118403
v 0.383204 1.732832 -0.108159
v 0.377644 1.745510 -0.131551
v 0.383204 1.751593 -0.120170
v 0.377644 1.772525 -0.142741
v 0.383204 1.776271 -0.130392
v 0.377644 1.796344 -0.147967
v 0.383204 1.798029 -0.135166
v 0.377644 1.806063 -0.148924
v 0.383204 1.806907 -0.136040
v 0.364739 1.706361 -0.109465
v 0.364739 1.721586 -0.122817
v 0.364739 1.742889 -0.136455
v 0.364739 1.770911 -0.148062
v 0.364739 1.795618 -0.153483
v 0.364739 1.805699 -0.154476
v 0.364739 1.815823 -0.154807
v 0.377644 1.815823 -0.149244
v 0.364739 1.825948 -0.154476
v 0.377644 1.825584 -0.148924
v 0.364739 1.836029 -0.153483
v 0.377644 1.835303 -0.147967
v 0.383204 1.815823 -0.136332
v 0.383204 1.824740 -0.136040
v 0.383204 1.833618 -0.135166
v 0.383204 1.855376 -0.130392
v 0.383204 1.815823 0.000000
v 0.383204 1.880053 -0.120170
v 0.383204 1.898814 -0.108159
v 0.383204 1.912222 -0.096401
v 0.383204 1.923979 -0.082994
v 0.383204 1.935989 -0.064232
v 0.383204 1.946211 -0.039554
v 0.383204 1.950985 -0.017795
v 0.399998 1.451408 -0.363014
v 0.363436 1.451408 -0.400000
v 0.363436 1.415829 -0.363014
v 0.377644 1.859122 -0.142741
v 0.364739 1.860736 -0.148062
v 0.364739 1.888758 -0.136455
v 0.377644 1.886137 -0.131551
v 0.364739 1.910061 -0.122817
v 0.377644 1.906675 -0.118403
v 0.364739 1.925285 -0.109465
v 0.377644 1.921352 -0.105531
v 0.364739 1.938637 -0.094241
v 0.377644 1.934223 -0.090854
v 0.364739 1.952274 -0.072937
v 0.377644 1.947370 -0.070315
v 0.364739 1.963881 -0.044914
v 0.377644 1.958560 -0.043300
v 0.364739 1.969302 -0.020206
v 0.377644 1.963786 -0.019480
v 0.364739 1.970294 -0.010125
v 0.064231 1.935989 0.383210
v 0.082992 1.923979 0.383210
v 0.000000 1.815823 0.383210
v 0.039553 1.946211 0.383210
v 0.017795 1.950985 0.383210
v 0.008916 1.951859 0.383210
v 0.000000 1.952151 0.383210
v -0.008916 1.951859 0.383210
v -0.017795 1.950985 0.383210
v -0.039553 1.946211 0.383210
v -0.064231 1.935989 0.383210
v -0.082992 1.923979 0.383210
v -0.096400 1.912222 0.383210
v -0.108158 1.898814 0.383210
v -0.120168 1.880053 0.383210
v -0.130390 1.855376 0.383210
v -0.135163 1.833618 0.383210
v -0.136038 1.824740 0.383210
v -0.136330 1.815823 0.383210
v -0.136038 1.806907 0.383210
v -0.135163 1.798029 0.383210
v -0.130390 1.776271 0.383210
v -0.120168 1.751593 0.383210
v -0.108158 1.732832 0.383210
v -0.096400 1.719425 0.383210
v -0.082992 1.707667 0.383210
v -0.064231 1.695657 0.383210
v -0.039553 1.685436 0.383210
v -0.017795 1.680662 0.383210
v -0.008916 1.679787 0.383210
v 0.000000 1.679496 0.383210
v 0.008916 1.679787 0.383210
v 0.017795 1.680662 0.383210
v 0.039553 1.685436 0.383210
v 0.064231 1.695657 0.383210
v 0.082992 1.707667 0.383210
v 0.096400 1.719425 0.383210
v 0.108158 1.732832 0.383210
v 0.120168 1.751593 0.383210
v 0.130390 1.776271 0.383210
v 0.135163 1.798029 0.383210
v 0.136038 1.806907 0.383210
v 0.136330 1.815823 0.383210
v 0.136038 1.824740 0.383210
v 0.135163 1.833618 0.383210
v 0.130390 1.855376 0.383210
v 0.120168 1.880053 0.383210
v 0.108158 1.898814 0.383210
v 0.096400 1.912222 0.383210
v 0.148922 1.825584 0.377650
v 0.149242 1.815823 0.377650
v 0.148922 1.806063 0.377650
v 0.147965 1.796344 0.377650
v 0.142739 1.772525 0.377650
v 0.131549 1.745510 0.377650
v 0.118401 1.724972 0.377650
v 0.105530 1.710295 0.377650
v 0.090853 1.697424 0.377650
v 0.070314 1.684276 0.377650
v 0.136453 1.742889 0.364745
v 0.122815 1.721586 0.364745
v 0.109464 1.706361 0.364745
v 0.094239 1.693010 0.364745
v 0.072935 1.679373 0.364745
v 0.043299 1.673087 0.377650
v 0.044913 1.667766 0.364745
v 0.019480 1.667861 0.377650
v 0.020206 1.662345 0.364745
v 0.009761 1.666903 0.377650
v 0.010125 1.661352 0.364745
v 0.000000 1.666584 0.377650
v 0.000000 1.661021 0.364745
v -0.009761 1.666903 0.377650
v -0.010125 1.661352 0.364745
v -0.019480 1.667861 0.377650
v -0.020206 1.662345 0.364745
v -0.043299 1.673087 0.377650
v -0.044913 1.667766 0.364745
v -0.070314 1.684276 0.377650
v -0.072935 1.679373 0.364745
v -0.090853 1.697424 0.377650
v -0.105530 1.710295 0.377650
v -0.118401 1.724972 0.377650
v -0.131549 1.745510 0.377650
v -0.094239 1.693010 0.364745
v -0.109464 1.706361 0.364745
v -0.122815 1.721586 0.364745
v -0.136453 1.742889 0.364745
v -0.142739 1.772525 0.377650
v -0.148060 1.770911 0.364745
v -0.147965 1.796344 0.377650
v -0.153481 1.795617 0.364745
v -0.148922 1.806063 0.377650
v -0.154473 1.805699 0.364745
v -0.149242 1.815823 0.377650
v -0.154805 1.815823 0.364745
v -0.148922 1.825584 0.377650
v -0.154473 1.825948 0.364745
v -0.147965 1.835303 0.377650
v -0.142739 1.859122 0.377650
v -0.131549 1.886137 0.377650
v -0.118401 1.906674 0.377650
v -0.153481 1.836029 0.364745
v -0.148060 1.860736 0.364745
v -0.136453 1.888758 0.364745
v -0.122815 1.910061 0.364745
v -0.105530 1.921351 0.377650
v -0.109464 1.925285 0.364745
v -0.090853 1.934223 0.377650
v -0.094239 1.938636 0.364745
v -0.070314 1.947370 0.377650
v -0.072935 1.952274 0.364745
v -0.043299 1.958560 0.377650
v -0.044913 1.963881 0.364745
v -0.019480 1.963786 0.377650
v -0.020206 1.969302 0.364745
v -0.009761 1.964743 0.377650
v 0.000000 1.965063 0.377650
v 0.009761 1.964743 0.377650
v 0.019480 1.963786 0.377650
v -0.010125 1.970294 0.364745
v 0.000000 1.970626 0.364745
v 0.010125 1.970294 0.364745
v 0.020206 1.969302 0.364745
v 0.043299 1.958560 0.377650
v 0.044913 1.963881 0.364745
v 0.070314 1.947370 0.377650
v 0.072935 1.952274 0.364745
v 0.090853 1.934223 0.377650
v 0.094239 1.938636 0.364745
v 0.105530 1.921351 0.377650
v 0.109464 1.925285 0.364745
v 0.118401 1.906674 0.377650
v 0.122815 1.910061 0.364745
v 0.131549 1.886137 0.377650
v 0.142739 1.859122 0.377650
v 0.147965 1.835303 0.377650
v 0.136453 1.888758 0.364745
v 0.148060 1.860736 0.364745
v 0.153481 1.836029 0.364745
v 0.154473 1.825948 0.364745
v 0.154805 1.815823 0.364745
v 0.154473 1.805699 0.364745
v 0.153481 1.795617 0.364745
v 0.148060 1.770911 0.364745
v -0.259621 1.466464 -0.010233
v -0.154473 1.466464 -0.010125
v -0.153481 1.466464 -0.020206
v -0.257732 1.466464 -0.033932
v -0.148060 1.466464 -0.044914
v -0.251098 1.466464 -0.067283
v -0.246160 1.466464 -0.083561
v -0.233147 1.466464 -0.114977
v -0.136453 1.466464 -0.072937
v -0.225128 1.466464 -0.129980
v -0.206237 1.466464 -0.158254
v -0.122815 1.466464 -0.094241
v -0.183817 1.466464 -0.183819
v -0.109464 1.466464 -0.109465
v -0.158251 1.466464 -0.206240
v -0.094239 1.466464 -0.122817
v -0.129978 1.466464 -0.225132
v -0.072935 1.466464 -0.136455
v -0.114976 1.466464 -0.233151
v -0.044913 1.466464 -0.148062
v -0.083560 1.466464 -0.246164
v -0.067282 1.466464 -0.251102
v -0.020206 1.466464 -0.153483
v -0.033931 1.466464 -0.257736
v -0.010233 1.466464 -0.259625
v -0.010125 1.466464 -0.154476
v -0.364438 1.980537 -0.400000
v -0.399997 1.980537 -0.363014
v -0.349365 1.930796 -0.349366
v 0.154473 1.466464 -0.010125
v 0.154805 1.451084 -0.000000
v 0.154805 1.466449 -0.000000
v 0.154473 1.451084 -0.010125
v 0.153481 1.466464 -0.020206
v 0.153481 1.451084 -0.020206
v 0.148060 1.451084 -0.044914
v 0.148060 1.466464 -0.044914
v 0.136453 1.451084 -0.072937
v 0.136453 1.466464 -0.072937
v 0.122815 1.466464 -0.094241
v 0.122815 1.451084 -0.094241
v 0.109464 1.466464 -0.109465
v 0.109464 1.451084 -0.109465
v 0.094239 1.466464 -0.122817
v 0.094239 1.451084 -0.122817
v 0.072935 1.466464 -0.136455
v 0.072935 1.451084 -0.136455
v 0.044913 1.451084 -0.148062
v 0.044913 1.466464 -0.148062
v 0.020206 1.451084 -0.153483
v 0.020206 1.466464 -0.153483
v 0.010125 1.466464 -0.154476
v 0.010125 1.451084 -0.154476
v -0.000000 1.451084 -0.154807
v -0.000000 1.466449 -0.154807
v -0.399998 1.451408 -0.363014
v -0.364438 1.415829 -0.363014
v -0.364438 1.451408 -0.400000
v -0.109464 1.451084 0.109465
v -0.109464 1.466464 0.109465
v -0.094239 1.466464 0.122817
v -0.094239 1.451084 0.122817
v -0.072935 1.466464 0.136455
v -0.072935 1.451084 0.136455
v -0.044913 1.451084 0.148062
v -0.044913 1.466464 0.148062
v -0.020206 1.451084 0.153483
v -0.020206 1.466464 0.153483
v -0.010125 1.466464 0.154476
v -0.010125 1.451084 0.154476
v 0.000000 1.451084 0.154807
v 0.000000 1.466449 0.154807
v 0.010125 1.466464 0.154476
v 0.010125 1.451084 0.154476
v 0.020206 1.466464 0.153483
v 0.020206 1.451084 0.153483
v 0.044913 1.451084 0.148062
v 0.044913 1.466464 0.148062
v 0.072935 1.451084 0.136455
v 0.072935 1.466464 0.136455
v 0.094239 1.466464 0.122817
v 0.094239 1.451084 0.122817
v 0.109464 1.466464 0.109465
v 0.109464 1.451084 0.109465
v 0.122815 1.451084 0.094241
v 0.122815 1.466464 0.094241
v 0.136453 1.451084 0.072937
v 0.136453 1.466464 0.072937
v 0.148060 1.466464 0.044914
v 0.148060 1.451246 0.044914
v 0.153481 1.451084 0.020206
v 0.153481 1.466464 0.020206
v 0.154473 1.466464 0.010125
v 0.154473 1.451084 0.010125
v 0.363436 2.215818 -0.363014
v 0.363436 2.179918 -0.400000
v 0.400000 2.179918 -0.363014
v -0.010125 1.466464 -0.154476
v -0.000000 1.451084 -0.154807
v -0.000000 1.466449 -0.154807
v -0.010125 1.451084 -0.154476
v -0.020206 1.466464 -0.153483
v -0.020206 1.451084 -0.153483
v -0.044913 1.451084 -0.148062
v -0.044913 1.466464 -0.148062
v -0.072935 1.451084 -0.136455
v -0.072935 1.466464 -0.136455
v -0.094239 1.466464 -0.122817
v -0.094239 1.451084 -0.122817
v -0.109464 1.466464 -0.109465
v -0.109464 1.451084 -0.109465
v -0.122815 1.466464 -0.094241
v -0.122815 1.451084 -0.094241
v -0.136453 1.466464 -0.072937
v -0.136453 1.451084 -0.072937
v -0.148060 1.466464 -0.044914
v -0.148060 1.451084 -0.044914
v -0.153481 1.451084 -0.020206
v -0.153481 1.466464 -0.020206
v -0.154473 1.466464 -0.010125
v -0.154473 1.451084 -0.010125
v -0.154805 1.451084 -0.000000
v -0.154805 1.466449 -0.000000
v -0.154473 1.466464 0.010125
v -0.154473 1.451084 0.010125
v -0.153481 1.466464 0.020206
v -0.153481 1.451084 0.020206
v -0.148060 1.451084 0.044914
v -0.148060 1.466464 0.044914
v -0.136453 1.451084 0.072937
v -0.136453 1.466464 0.072937
v -0.122815 1.466464 0.094241
v -0.122815 1.451084 0.094241
v 0.363436 2.215823 -0.164718
v 0.399998 2.179918 -0.164718
v 0.349365 2.165190 -0.114977
v 0.072935 1.466464 0.136455
v 0.044913 1.466464 0.148062
v 0.083560 1.466464 0.246164
v 0.067282 1.466464 0.251102
v 0.020206 1.466464 0.153483
v 0.033931 1.466464 0.257736
v 0.010233 1.466464 0.259625
v 0.010125 1.466464 0.154476
v 0.259621 1.466464 0.010233
v 0.154473 1.466464 0.010125
v 0.153481 1.466464 0.020206
v 0.257732 1.466464 0.033932
v 0.148060 1.466464 0.044914
v 0.251098 1.466464 0.067283
v 0.246160 1.466464 0.083561
v 0.233147 1.466464 0.114977
v 0.136453 1.466464 0.072937
v 0.225128 1.466464 0.129980
v 0.122815 1.466464 0.094241
v 0.206237 1.466464 0.158254
v 0.109464 1.466464 0.109465
v 0.183817 1.466464 0.183819
v 0.094239 1.466464 0.122817
v 0.158251 1.466464 0.206240
v 0.129978 1.466464 0.225132
v 0.114976 1.466464 0.233151
v -0.164716 2.179918 0.399996
v -0.164716 2.215819 0.364434
v -0.114976 2.165185 0.349338
v -0.364739 1.770911 -0.148062
v -0.349359 1.770911 -0.148062
v -0.349359 1.795618 -0.153483
v -0.364739 1.795618 -0.153483
v -0.349359 1.805699 -0.154476
v -0.364739 1.805699 -0.154476
v -0.364739 1.815823 -0.154807
v -0.349374 1.815823 -0.154807
v -0.349359 1.661352 -0.010125
v -0.364739 1.661021 0.000000
v -0.349374 1.661021 0.000000
v -0.364739 1.661352 -0.010125
v -0.349359 1.662345 -0.020206
v -0.364739 1.662345 -0.020206
v -0.349359 1.667766 -0.044914
v -0.364739 1.667766 -0.044914
v -0.349359 1.679373 -0.072937
v -0.364739 1.679373 -0.072937
v -0.349359 1.693010 -0.094241
v -0.364739 1.693010 -0.094241
v -0.349359 1.706361 -0.109465
v -0.364739 1.706361 -0.109465
v -0.349359 1.721586 -0.122817
v -0.364739 1.721586 -0.122817
v -0.349359 1.742889 -0.136455
v -0.364739 1.742889 -0.136455
v -0.364739 1.770911 0.148062
v -0.349359 1.770911 0.148062
v -0.349359 1.742889 0.136455
v -0.364739 1.742889 0.136455
v -0.349359 1.721586 0.122817
v -0.364739 1.721586 0.122817
v -0.349359 1.706361 0.109465
v -0.364739 1.706361 0.109465
v -0.364739 1.693010 0.094241
v -0.349359 1.693010 0.094241
v -0.364739 1.679373 0.072937
v -0.349359 1.679373 0.072937
v -0.364739 1.667766 0.044914
v -0.349359 1.667766 0.044914
v -0.364739 1.662345 0.020206
v -0.349359 1.662345 0.020206
v -0.349359 1.661352 0.010125
v -0.364739 1.661352 0.010125
v -0.364739 1.925285 0.109465
v -0.349359 1.925285 0.109465
v -0.349359 1.910061 0.122817
v -0.364739 1.910061 0.122817
v -0.349359 1.888758 0.136455
v -0.364739 1.888758 0.136455
v -0.349359 1.860736 0.148062
v -0.364739 1.860736 0.148062
v -0.349359 1.836029 0.153483
v -0.364739 1.836029 0.153483
v -0.349359 1.825948 0.154476
v -0.364739 1.825948 0.154476
v -0.364739 1.815823 0.154807
v -0.349374 1.815823 0.154807
v -0.349359 1.805699 0.154476
v -0.364739 1.805699 0.154476
v -0.349359 1.795618 0.153483
v -0.364739 1.795618 0.153483
v -0.364739 1.963881 -0.044914
v -0.349359 1.963881 -0.044914
v -0.349359 1.969302 -0.020206
v -0.364739 1.969302 -0.020206
v -0.349359 1.970294 -0.010125
v -0.364739 1.970294 -0.010125
v -0.364739 1.970626 0.000000
v -0.349374 1.970626 0.000000
v -0.349359 1.970294 0.010125
v -0.364739 1.970294 0.010125
v -0.349359 1.969302 0.020206
v -0.364739 1.969302 0.020206
v -0.349359 1.963881 0.044914
v -0.364739 1.963881 0.044914
v -0.349359 1.952274 0.072937
v -0.364739 1.952274 0.072937
v -0.349359 1.938637 0.094241
v -0.364739 1.938637 0.094241
v -0.349359 1.825948 -0.154476
v -0.364739 1.815823 -0.154807
v -0.349374 1.815823 -0.154807
v -0.364739 1.825948 -0.154476
v -0.349359 1.836029 -0.153483
v -0.364739 1.836029 -0.153483
v -0.349359 1.860736 -0.148062
v -0.364739 1.860736 -0.148062
v -0.349359 1.888758 -0.136455
v -0.364739 1.888758 -0.136455
v -0.349359 1.910061 -0.122817
v -0.364739 1.910061 -0.122817
v -0.349359 1.925285 -0.109465
v -0.364739 1.925285 -0.109465
v -0.349359 1.938637 -0.094241
v -0.364739 1.938637 -0.094241
v -0.349359 1.952274 -0.072937
v -0.364739 1.952274 -0.072937
v -0.020206 1.662345 -0.364745
v -0.010125 1.661352 -0.364745
v -0.000000 1.661021 -0.364745
v 0.010125 1.661352 -0.364745
v 0.020206 1.662345 -0.364745
v 0.044913 1.667766 -0.364745
v 0.072935 1.679373 -0.364745
v 0.094239 1.693010 -0.364745
v -0.257732 2.165189 0.033932
v -0.259621 2.165189 0.010233
v -0.154473 2.165189 0.010125
v -0.153481 2.165189 0.020206
v -0.148060 2.165189 0.044914
v -0.251098 2.165189 0.067283
v -0.246160 2.165189 0.083561
v -0.136453 2.165189 0.072937
v -0.233147 2.165189 0.114977
v -0.225128 2.165189 0.129980
v -0.122815 2.165189 0.094241
v -0.206237 2.165189 0.158254
v -0.109464 2.165189 0.109465
v -0.183817 2.165189 0.183819
v -0.094239 2.165189 0.122817
v -0.158251 2.165189 0.206240
v -0.072935 2.165189 0.136455
v -0.129978 2.165189 0.225132
v -0.114976 2.165189 0.233151
v -0.044913 2.165189 0.148062
v -0.083560 2.165189 0.246164
v -0.067282 2.165189 0.251102
v -0.020206 2.165189 0.153483
v -0.033931 2.165189 0.257736
v -0.010125 2.165189 0.154476
v -0.010233 2.165189 0.259625
v -0.364899 1.725960 -0.291551
v -0.364899 1.742977 -0.271876
v -0.349359 1.725794 -0.277344
v -0.349359 1.748543 -0.251102
v -0.349359 1.883104 -0.251102
v -0.364899 1.888670 -0.271876
v -0.349359 1.905534 -0.277344
v -0.364899 1.905533 -0.291551
v 0.257732 1.781893 -0.349364
v 0.251098 1.748543 -0.349364
v 0.271553 1.743062 -0.364905
v 0.278727 1.779129 -0.364905
v 0.259621 1.805590 -0.349364
v 0.281132 1.815823 -0.364905
v 0.259940 1.815823 -0.349398
v 0.259621 1.826056 -0.349364
v 0.257732 1.849754 -0.349364
v 0.278727 1.852518 -0.364905
v 0.251098 1.883104 -0.349364
v 0.271553 1.888585 -0.364905
v -0.033931 2.165189 -0.257736
v -0.067282 2.165189 -0.251102
v -0.072848 2.180729 -0.271876
v -0.036738 2.180729 -0.279059
v -0.010233 2.165189 -0.259625
v -0.000000 2.180729 -0.281467
v -0.000000 2.165193 -0.259948
v 0.010233 2.165189 -0.259625
v 0.033931 2.165189 -0.257736
v 0.036738 2.180729 -0.279059
v 0.067282 2.165189 -0.251102
v 0.072848 2.180729 -0.271876
v 0.233147 1.700850 0.349364
v 0.285296 1.651110 0.400000
v 0.225128 1.685847 0.349364
v 0.206237 1.657575 0.349364
v 0.261356 1.615281 0.400000
v 0.183817 1.632010 0.349364
v 0.232943 1.582884 0.400000
v 0.158251 1.609590 0.349364
v 0.200545 1.554472 0.400000
v 0.129978 1.590698 0.349364
v 0.164716 1.530532 0.400000
v 0.114976 1.582680 0.349364
v -0.400000 2.179918 0.364434
v -0.364438 2.215819 0.364434
v -0.364438 2.179918 0.399995
v 0.114976 1.582680 -0.349364
v 0.164716 1.530532 -0.400000
v 0.129978 1.590698 -0.349364
v 0.158251 1.609590 -0.349364
v 0.200545 1.554472 -0.400000
v 0.183817 1.632010 -0.349364
v 0.232943 1.582884 -0.400000
v 0.206237 1.657575 -0.349364
v 0.261356 1.615281 -0.400000
v 0.225128 1.685847 -0.349364
v 0.285296 1.651110 -0.400000
v 0.233147 1.700850 -0.349364
v -0.364438 2.215823 0.164718
v -0.399997 2.179918 0.164718
v -0.349365 2.165189 0.114976
v 0.233147 2.165189 0.114977
v 0.285296 2.215823 0.164718
v 0.225128 2.165189 0.129980
v 0.206237 2.165189 0.158254
v 0.261356 2.215823 0.200548
v 0.183817 2.165189 0.183819
v 0.232943 2.215823 0.232947
v 0.158251 2.165189 0.206240
v 0.200545 2.215823 0.261360
v 0.129978 2.165189 0.225132
v 0.164716 2.215823 0.285300
v 0.114976 2.165189 0.233151
v 0.259790 1.476567 0.005076
v 0.154806 1.476567 -0.000000
v 0.154639 1.476567 0.005076
v 0.259958 1.476567 -0.000000
v 0.154639 1.476567 -0.005076
v 0.259790 1.476567 -0.005076
v 0.349359 2.073551 0.033932
v 0.349359 2.075440 0.010233
v 0.349359 1.970294 0.010125
v 0.349359 1.969302 0.020206
v 0.349359 1.963881 0.044914
v 0.349359 2.066918 0.067283
v 0.349359 2.061980 0.083561
v 0.349359 1.952274 0.072937
v 0.349359 2.048967 0.114977
v 0.349359 2.040948 0.129980
v 0.349359 1.938637 0.094241
v 0.349359 2.022057 0.158254
v 0.349359 1.925285 0.109465
v 0.349359 1.999637 0.183819
v 0.349359 1.910061 0.122817
v 0.349359 1.974072 0.206240
v 0.349359 1.888758 0.136455
v 0.349359 1.945799 0.225132
v 0.349359 1.930797 0.233151
v 0.349359 1.860736 0.148062
v 0.349359 1.899382 0.246164
v 0.349359 1.883104 0.251102
v 0.349359 1.836029 0.153483
v 0.349359 1.849754 0.257736
v 0.349359 1.825948 0.154476
v 0.349359 1.826056 0.259625
v 0.363436 2.179918 0.399995
v 0.363436 2.215818 0.364434
v 0.400000 2.179918 0.364434
v -0.257732 1.781893 0.349364
v -0.259621 1.805590 0.349364
v -0.154473 1.805699 0.349364
v -0.153481 1.795617 0.349364
v -0.148060 1.770911 0.349364
v -0.251098 1.748543 0.349364
v -0.246160 1.732265 0.349364
v -0.136453 1.742889 0.349364
v -0.233147 1.700850 0.349364
v -0.225128 1.685847 0.349364
v -0.122815 1.721586 0.349364
v -0.206237 1.657575 0.349364
v -0.109464 1.706361 0.349364
v -0.183817 1.632010 0.349364
v -0.094239 1.693010 0.349364
v -0.158251 1.609590 0.349364
v -0.072935 1.679373 0.349364
v -0.129978 1.590698 0.349364
v -0.114976 1.582680 0.349364
v -0.044913 1.667766 0.349364
v -0.083560 1.569667 0.349364
v -0.067282 1.564729 0.349364
v -0.020206 1.662345 0.349364
v -0.033931 1.558095 0.349364
v -0.010125 1.661352 0.349364
v -0.010233 1.556206 0.349364
v 0.005075 1.476567 0.154641
v 0.000000 1.476567 0.259957
v 0.005075 1.476567 0.259794
v 0.000000 1.476567 0.154806
v -0.005075 1.476567 0.259794
v -0.005075 1.476567 0.154641
v -0.349365 1.700850 0.349338
v -0.349365 1.725693 0.349338
v -0.277332 1.725592 0.349364
v -0.277332 1.725592 0.349364
v -0.246160 1.732265 0.349364
v -0.233147 1.700850 0.349364
v -0.251098 1.748543 0.349364
v 0.349359 1.726113 -0.277344
v 0.349359 1.726113 -0.277344
v 0.349359 1.726113 -0.277344
v 0.349365 1.725845 -0.349366
v 0.349365 1.700850 -0.349366
v 0.349365 1.700850 -0.349366
v 0.349359 1.700850 -0.233151
v 0.349359 1.700850 -0.233151
v 0.349359 1.732265 -0.246164
v 0.349359 1.748543 -0.251102
v -0.005075 1.476567 -0.154641
v -0.000000 1.476567 -0.259942
v -0.005075 1.476567 -0.259794
v -0.000000 1.476567 -0.154807
v 0.005075 1.476567 -0.259794
v 0.005075 1.476567 -0.154641
v 0.349365 2.165190 0.114976
v 0.349365 2.165190 0.090235
v 0.349359 2.093151 0.090235
v 0.349359 2.093151 0.090235
v 0.349359 2.093151 0.090235
v 0.349359 2.061980 0.083561
v 0.349359 2.061980 0.083561
v 0.349359 2.048967 0.114977
v 0.349359 2.066918 0.067283
v 0.291968 1.906068 0.364905
v 0.271553 1.888585 0.364905
v 0.278397 1.906068 0.349364
v 0.251098 1.883104 0.349364
v 0.251098 2.165189 0.067283
v 0.271553 2.180729 0.072763
v 0.278397 2.165189 0.090235
v 0.291968 2.180729 0.090235
v 0.349359 1.558095 -0.033932
v 0.349359 1.564729 -0.067283
v 0.364899 1.544275 -0.072763
v 0.364899 1.537101 -0.036696
v 0.349359 1.556206 -0.010233
v 0.364899 1.534696 -0.000000
v 0.349393 1.555888 -0.000000
v 0.349359 1.556206 0.010233
v 0.349359 1.558095 0.033932
v 0.364899 1.537101 0.036696
v 0.349359 1.564729 0.067283
v 0.364899 1.544275 0.072763
v -0.089871 1.466493 0.349338
v -0.090030 1.539254 0.349364
v -0.089865 1.524622 0.364905
v -0.089831 1.467417 0.365082
v -0.089744 1.450954 0.348618
v 0.349359 2.073551 0.033932
v 0.349359 2.066918 0.067283
v 0.364899 2.087372 0.072763
v 0.364899 2.094546 0.036696
v 0.349359 2.075440 0.010233
v 0.364899 2.096951 0.000000
v 0.349393 2.075786 0.000000
v 0.349359 2.075440 -0.010233
v 0.349359 2.073551 -0.033932
v 0.364899 2.094546 -0.036696
v 0.349359 2.066918 -0.067283
v 0.364899 2.087372 -0.072763
v 0.349359 1.781893 0.257736
v 0.349359 1.748543 0.251102
v 0.364899 1.742976 0.271876
v 0.364899 1.779086 0.279059
v 0.349359 1.805590 0.259625
v 0.364899 1.815823 0.281467
v 0.349363 1.815823 0.259952
v 0.349359 1.826056 0.259625
v 0.349359 1.849754 0.257736
v 0.364899 1.852561 0.279059
v 0.349359 1.883104 0.251102
v 0.364899 1.888670 0.271876
v -0.364438 1.415828 0.164718
v -0.364438 1.415836 0.364434
v -0.364438 1.415836 0.364434
v -0.285296 1.415829 0.164718
v -0.261356 1.415829 0.200548
v -0.232943 1.415829 0.232947
v -0.200545 1.415829 0.261360
v -0.164716 1.415829 0.285300
v -0.164716 1.415829 0.285300
v -0.164716 1.415836 0.364434
v 0.363436 1.415836 0.364434
v 0.363436 1.415836 0.364434
v 0.363436 1.415828 0.164718
v 0.285296 1.415829 0.164718
v 0.261356 1.415829 0.200548
v 0.232943 1.415829 0.232947
v 0.200545 1.415829 0.261360
v 0.164716 1.415829 0.285300
v 0.164716 1.415829 0.285300
v 0.164716 1.415836 0.364434
v -0.349359 1.564729 -0.067283
v -0.364899 1.544275 -0.072763
v -0.349359 1.538496 -0.090247
v -0.364899 1.523627 -0.090247
v 0.349359 1.748543 -0.251102
v 0.364899 1.742977 -0.271876
v 0.349359 1.726113 -0.277344
v 0.364899 1.726114 -0.291551
v -0.349359 1.899382 0.246164
v -0.349359 1.905534 0.277611
v -0.349359 1.905534 0.277611
v -0.349359 1.905534 0.277611
v -0.349359 1.905534 0.277611
v -0.349359 1.883104 0.251102
v -0.349359 1.930797 0.233151
v -0.349359 1.930797 0.233151
v -0.349365 1.930797 0.349338
v -0.349365 1.930797 0.349338
v -0.349365 1.905801 0.349338
v -0.090030 2.165185 0.349338
v -0.090030 2.165185 0.349338
v -0.090030 2.165189 0.276577
v -0.089865 2.180729 0.291210
v -0.089865 2.180813 0.349329
v -0.089865 2.165276 0.364865
v -0.349359 1.732265 -0.246164
v -0.349359 1.732265 -0.246164
v -0.349359 1.725794 -0.277344
v -0.349359 1.725794 -0.277344
v -0.349359 1.725794 -0.277344
v -0.349359 1.748543 -0.251102
v -0.349365 1.700849 -0.349366
v -0.349365 1.725687 -0.349366
v -0.349359 1.700850 -0.233151
v 0.089865 1.450924 -0.291551
v 0.072848 1.450924 -0.271876
v 0.072848 1.450924 -0.271876
v 0.090030 1.466464 -0.277344
v 0.090030 1.466464 -0.277344
v 0.067282 1.466464 -0.251102
v 0.339256 1.810748 0.259794
v 0.339256 1.815823 0.154806
v 0.339256 1.810748 0.154641
v 0.339256 1.815823 0.259957
v 0.339256 1.820899 0.154641
v 0.339256 1.820899 0.259794
v 0.278727 1.450924 -0.036696
v 0.271553 1.450924 -0.072763
v 0.251098 1.466464 -0.067283
v 0.257732 1.466464 -0.033932
v 0.281132 1.450924 -0.000000
v 0.259621 1.466464 -0.010233
v 0.259966 1.466429 -0.000000
v 0.259621 1.466464 0.010233
v 0.257732 1.466464 0.033932
v 0.278727 1.450924 0.036696
v 0.251098 1.466464 0.067283
v 0.271553 1.450924 0.072763
v 0.339256 1.820899 -0.259794
v 0.339256 1.815823 -0.154807
v 0.339256 1.820899 -0.154641
v 0.339256 1.815823 -0.259942
v 0.339256 1.810748 -0.154641
v 0.339256 1.810748 -0.259794
v -0.291968 1.450924 -0.090247
v -0.271553 1.450924 -0.072763
v -0.278397 1.466464 -0.090247
v -0.251098 1.466464 -0.067283
v 0.259790 2.155086 -0.005076
v 0.154809 2.155086 0.000000
v 0.154639 2.155086 -0.005076
v 0.259944 2.155086 0.000000
v 0.154639 2.155086 0.005076
v 0.259790 2.155086 0.005076
v 0.339256 1.556038 -0.005076
v 0.339256 1.661017 0.000000
v 0.339256 1.661187 -0.005076
v 0.339256 1.555884 -0.000000
v 0.339256 1.661187 0.005076
v 0.339256 1.556038 0.005076
v -0.005075 2.155086 -0.259794
v -0.000000 2.155086 -0.154807
v -0.005075 2.155086 -0.154641
v -0.000000 2.155086 -0.259942
v 0.005075 2.155086 -0.154641
v 0.005075 2.155086 -0.259794
v -0.349359 1.569667 0.083561
v -0.349359 1.538496 0.090235
v -0.349359 1.538496 0.090235
v -0.349359 1.538496 0.090235
v -0.349359 1.564729 0.067283
v -0.349359 1.582680 0.114977
v -0.349359 1.582680 0.114977
v -0.349365 1.466460 0.114976
v -0.349365 1.466460 0.114976
v -0.349365 1.466460 0.090234
v 0.005075 2.155086 0.259794
v 0.000000 2.155086 0.154806
v 0.005075 2.155086 0.154641
v 0.000000 2.155086 0.259957
v -0.005075 2.155086 0.154641
v -0.005075 2.155086 0.259794
v -0.349359 1.905534 -0.277344
v -0.349359 1.905534 -0.277344
v -0.349359 1.905534 -0.277344
v -0.349359 1.905534 -0.277344
v -0.349365 1.905794 -0.349366
v -0.349365 1.930796 -0.349366
v -0.349365 1.930796 -0.349366
v -0.349359 1.930797 -0.233151
v -0.349359 1.930797 -0.233151
v -0.349359 1.899382 -0.246164
v -0.349359 1.883104 -0.251102
v -0.154639 2.155086 -0.005076
v -0.259958 2.155086 0.000000
v -0.259790 2.155086 -0.005076
v -0.154806 2.155086 0.000000
v -0.259790 2.155086 0.005076
v -0.154639 2.155086 0.005076
v -0.349359 2.061980 -0.083561
v -0.349359 2.061980 -0.083561
v -0.349359 2.061980 -0.083561
v -0.349359 2.094216 -0.090247
v -0.349359 2.094216 -0.090247
v -0.349359 2.094216 -0.090247
v -0.349359 2.066918 -0.067283
v -0.349365 2.165189 -0.114977
v -0.349365 2.165189 -0.114977
v -0.349365 2.165189 -0.090247
v -0.349359 2.048967 -0.114977
v -0.089865 1.524281 -0.364905
v -0.072848 1.543955 -0.364905
v -0.090030 1.538487 -0.349364
v -0.067282 1.564729 -0.349364
v 0.067282 1.564729 -0.349364
v 0.072848 1.543955 -0.364905
v 0.089712 1.538487 -0.349364
v 0.089711 1.524281 -0.364905
v -0.233147 1.700850 -0.349364
v -0.285296 1.651110 -0.400000
v -0.225128 1.685847 -0.349364
v -0.206237 1.657575 -0.349364
v -0.261356 1.615281 -0.400000
v -0.183817 1.632010 -0.349364
v -0.232943 1.582884 -0.400000
v -0.158251 1.609590 -0.349364
v -0.200545 1.554472 -0.400000
v -0.129978 1.590698 -0.349364
v -0.164716 1.530532 -0.400000
v -0.114976 1.582680 -0.349364
v 0.251098 1.466464 -0.067283
v 0.271553 1.450924 -0.072763
v 0.277332 1.466464 -0.090247
v 0.292200 1.450924 -0.090247
v 0.348307 1.450941 -0.090247
v 0.364879 1.467512 -0.090247
v 0.349365 1.466460 -0.090247
v 0.277332 1.466464 -0.090247
v 0.292200 1.450924 -0.090247
v -0.349539 1.725661 -0.364922
v -0.349539 1.725661 -0.364922
v -0.364804 1.725877 -0.349657
v -0.349365 1.725687 -0.349366
v -0.277332 1.725579 -0.349364
v -0.277332 1.725579 -0.349364
v -0.292200 1.725579 -0.364905
v 0.114976 1.466464 -0.233151
v 0.114975 1.466465 -0.349366
v 0.089871 1.466465 -0.349366
v 0.090030 1.466464 -0.277344
v 0.083560 1.466464 -0.246164
v 0.067282 1.466464 -0.251102
v 0.349359 1.781893 0.257736
v 0.349359 1.805590 0.259625
v 0.349359 1.805699 0.154476
v 0.349359 1.795618 0.153483
v 0.349359 1.770911 0.148062
v 0.349359 1.748543 0.251102
v 0.349359 1.732265 0.246164
v 0.349359 1.742889 0.136455
v 0.349359 1.700850 0.233151
v 0.349359 1.685847 0.225132
v 0.349359 1.721586 0.122817
v 0.349359 1.657575 0.206240
v 0.349359 1.706361 0.109465
v 0.349359 1.632010 0.183819
v 0.349359 1.693010 0.094241
v 0.349359 1.609590 0.158254
v 0.349359 1.679373 0.072937
v 0.349359 1.590698 0.129980
v 0.349359 1.582680 0.114977
v 0.349359 1.667766 0.044914
v 0.349359 1.569667 0.083561
v 0.349359 1.564729 0.067283
v 0.349359 1.662345 0.020206
v 0.349359 1.558095 0.033932
v 0.349359 1.661352 0.010125
v 0.349359 1.556206 0.010233
v -0.251098 1.748543 -0.349364
v -0.271553 1.743062 -0.364905
v -0.277332 1.725579 -0.349364
v -0.292200 1.725579 -0.364905
v -0.033931 2.073551 0.349364
v -0.067282 2.066918 0.349364
v -0.072848 2.087691 0.364905
v -0.036738 2.094874 0.364905
v -0.010233 2.075440 0.349364
v 0.000000 2.097282 0.364905
v 0.000000 2.075764 0.349368
v 0.010233 2.075440 0.349364
v 0.033931 2.073551 0.349364
v 0.036738 2.094874 0.364905
v 0.067282 2.066918 0.349364
v 0.072848 2.087691 0.364905
v -0.257732 2.165189 0.033932
v -0.251098 2.165189 0.067283
v -0.271553 2.180729 0.072763
v -0.278727 2.180729 0.036696
v -0.259621 2.165189 0.010233
v -0.281132 2.180729 0.000000
v -0.259966 2.165223 0.000000
v -0.259621 2.165189 -0.010233
v -0.257732 2.165189 -0.033932
v -0.278727 2.180729 -0.036696
v -0.251098 2.165189 -0.067283
v -0.271553 2.180729 -0.072763
v 0.364576 1.725997 -0.349694
v 0.349545 1.725695 -0.364730
v 0.349365 1.725845 -0.349366
v 0.291968 1.725579 -0.364905
v 0.278397 1.725579 -0.349364
v 0.364899 2.108019 -0.090247
v 0.349359 2.093151 -0.090247
v 0.364899 2.087372 -0.072763
v 0.349359 2.066918 -0.067283
v 0.364899 2.108019 0.090235
v 0.364899 2.087372 0.072763
v 0.349359 2.093151 0.090235
v 0.349359 2.066918 0.067283
v -0.349203 1.450954 0.090234
v -0.364867 1.466619 0.090234
v -0.349365 1.466460 0.090234
v -0.278397 1.466464 0.090234
v -0.291968 1.450924 0.090234
v -0.114976 1.582680 0.349364
v -0.164716 1.530532 0.400000
v -0.129978 1.590698 0.349364
v -0.158251 1.609590 0.349364
v -0.200545 1.554472 0.400000
v -0.183817 1.632010 0.349364
v -0.232943 1.582884 0.400000
v -0.206237 1.657575 0.349364
v -0.261356 1.615281 0.400000
v -0.225128 1.685847 0.349364
v -0.285296 1.651110 0.400000
v -0.233147 1.700850 0.349364
v -0.005075 1.471621 -0.154641
v -0.010125 1.466464 -0.154476
v -0.000000 1.466449 -0.154807
v 0.010125 1.466464 -0.154476
v 0.005075 1.471621 -0.154641
v -0.000000 1.476567 -0.154807
v -0.005075 1.476567 -0.154641
v 0.005075 1.476567 -0.154641
v 0.233147 1.930797 -0.349364
v 0.148060 1.860736 -0.349364
v 0.246160 1.899382 -0.349364
v 0.251098 1.883104 -0.349364
v 0.153481 1.836029 -0.349364
v 0.257732 1.849754 -0.349364
v 0.154473 1.825948 -0.349364
v 0.259621 1.826056 -0.349364
v 0.033931 2.073551 -0.349364
v 0.010233 2.075440 -0.349364
v 0.010125 1.970294 -0.349364
v 0.020206 1.969302 -0.349364
v 0.044913 1.963881 -0.349364
v 0.067282 2.066918 -0.349364
v 0.083560 2.061980 -0.349364
v 0.072935 1.952274 -0.349364
v 0.114976 2.048967 -0.349364
v 0.129978 2.040948 -0.349364
v 0.094239 1.938637 -0.349364
v 0.158251 2.022057 -0.349364
v 0.109464 1.925285 -0.349364
v 0.183817 1.999637 -0.349364
v 0.122815 1.910061 -0.349364
v 0.206237 1.974072 -0.349364
v 0.136453 1.888758 -0.349364
v 0.225128 1.945799 -0.349364
v 0.292200 1.450924 0.090234
v 0.271553 1.450924 0.072763
v 0.277332 1.466464 0.090234
v 0.251098 1.466464 0.067283
v -0.114975 1.466465 -0.349366
v -0.114975 1.466465 -0.349366
v -0.114976 1.466464 -0.233151
v -0.083560 1.466464 -0.246164
v -0.083560 1.466464 -0.246164
v -0.089712 1.466464 -0.277344
v -0.089712 1.466464 -0.277344
v -0.089871 1.466465 -0.349366
v -0.067282 1.466464 -0.251102
v 0.251098 1.883104 -0.349364
v 0.271553 1.888585 -0.364905
v 0.278397 1.906055 -0.349364
v 0.291968 1.906055 -0.364905
v 0.033931 1.558095 0.349364
v 0.010233 1.556206 0.349364
v 0.010125 1.661352 0.349364
v 0.020206 1.662345 0.349364
v 0.044913 1.667766 0.349364
v 0.067282 1.564729 0.349364
v 0.083560 1.569667 0.349364
v 0.072935 1.679373 0.349364
v 0.114976 1.582680 0.349364
v 0.129978 1.590698 0.349364
v 0.094239 1.693010 0.349364
v 0.158251 1.609590 0.349364
v 0.109464 1.706361 0.349364
v 0.183817 1.632010 0.349364
v 0.122815 1.721586 0.349364
v 0.206237 1.657575 0.349364
v 0.136453 1.742889 0.349364
v 0.225128 1.685847 0.349364
v 0.233147 1.700850 0.349364
v 0.148060 1.770911 0.349364
v 0.246160 1.732265 0.349364
v 0.251098 1.748543 0.349364
v 0.153481 1.795617 0.349364
v 0.257732 1.781893 0.349364
v 0.154473 1.805699 0.349364
v 0.259621 1.805590 0.349364
v 0.033931 1.558095 0.349364
v 0.067282 1.564729 0.349364
v 0.072848 1.543955 0.364905
v 0.036738 1.536773 0.364905
v 0.010233 1.556206 0.349364
v 0.000000 1.534365 0.364905
v 0.000000 1.555879 0.349368
v -0.010233 1.556206 0.349364
v -0.033931 1.558095 0.349364
v -0.036738 1.536773 0.364905
v -0.067282 1.564729 0.349364
v -0.072848 1.543955 0.364905
v -0.257732 1.781893 0.349364
v -0.251098 1.748543 0.349364
v -0.271553 1.743062 0.364905
v -0.278727 1.779129 0.364905
v -0.259621 1.805590 0.349364
v -0.281132 1.815823 0.364905
v -0.259966 1.815823 0.349398
v -0.259621 1.826056 0.349364
v -0.257732 1.849754 0.349364
v -0.278727 1.852518 0.364905
v -0.251098 1.883104 0.349364
v -0.271553 1.888585 0.364905
v 0.257732 1.849754 0.349364
v 0.251098 1.883104 0.349364
v 0.271553 1.888585 0.364905
v 0.278727 1.852518 0.364905
v 0.259621 1.826056 0.349364
v 0.281132 1.815823 0.364905
v 0.259940 1.815823 0.349398
v 0.259621 1.805590 0.349364
v 0.257732 1.781893 0.349364
v 0.278727 1.779129 0.364905
v 0.251098 1.748543 0.349364
v 0.271553 1.743062 0.364905
v 0.164716 1.530532 0.400000
v 0.164716 1.530532 0.400000
v 0.363436 1.451408 0.399995
v 0.363436 1.451408 0.399995
v 0.363436 1.451408 0.399995
v 0.164716 1.451408 0.399996
v 0.200545 1.554472 0.400000
v 0.232943 1.582884 0.400000
v 0.261356 1.615281 0.400000
v 0.285296 1.651110 0.400000
v 0.285296 1.651110 0.400000
v 0.363436 1.651110 0.399996
v -0.246160 1.899382 -0.349364
v -0.277332 1.906055 -0.349364
v -0.251098 1.883104 -0.349364
v -0.233147 1.930797 -0.349364
v -0.349365 1.930796 -0.349366
v -0.349365 1.905794 -0.349366
v 0.089744 1.466474 -0.365056
v 0.089831 1.450891 -0.349473
v 0.089871 1.466465 -0.349366
v 0.089712 1.538487 -0.349364
v 0.089711 1.524281 -0.364905
v -0.251098 1.466464 0.067283
v -0.271553 1.450924 0.072763
v -0.278397 1.466464 0.090234
v -0.291968 1.450924 0.090234
v 0.363436 1.651110 -0.400000
v 0.399998 1.651110 -0.363014
v 0.349365 1.700850 -0.349366
v -0.090030 2.165157 -0.349366
v -0.090030 2.165157 -0.349366
v -0.090030 2.165157 -0.349366
v -0.090030 2.092392 -0.349364
v -0.089865 2.107024 -0.364905
v -0.089865 2.164826 -0.364539
v -0.089865 2.164826 -0.364539
v -0.089865 2.180365 -0.349000
v -0.114976 2.048967 -0.349364
v -0.044913 1.963881 -0.349364
v -0.083560 2.061980 -0.349364
v -0.067282 2.066918 -0.349364
v -0.020206 1.969302 -0.349364
v -0.033931 2.073551 -0.349364
v -0.010125 1.970294 -0.349364
v -0.010233 2.075440 -0.349364
v -0.257732 1.849754 -0.349364
v -0.259621 1.826056 -0.349364
v -0.154473 1.825948 -0.349364
v -0.153481 1.836029 -0.349364
v -0.148060 1.860736 -0.349364
v -0.251098 1.883104 -0.349364
v -0.246160 1.899382 -0.349364
v -0.136453 1.888758 -0.349364
v -0.233147 1.930797 -0.349364
v -0.225128 1.945799 -0.349364
v -0.122815 1.910061 -0.349364
v -0.206237 1.974072 -0.349364
v -0.109464 1.925285 -0.349364
v -0.183817 1.999637 -0.349364
v -0.094239 1.938637 -0.349364
v -0.158251 2.022057 -0.349364
v -0.072935 1.952274 -0.349364
v -0.129978 2.040948 -0.349364
v 0.349543 1.905975 -0.364730
v 0.349543 1.905975 -0.364730
v 0.349543 1.905975 -0.364730
v 0.364576 1.905767 -0.349697
v 0.349365 1.905954 -0.349366
v 0.349365 1.905954 -0.349366
v 0.278397 1.906055 -0.349364
v 0.278397 1.906055 -0.349364
v 0.291968 1.906055 -0.364905
v 0.033931 2.165189 0.257736
v 0.067282 2.165189 0.251102
v 0.072848 2.180729 0.271876
v 0.036738 2.180729 0.279059
v 0.010233 2.165189 0.259625
v 0.000000 2.180729 0.281467
v 0.000000 2.165193 0.259952
v -0.010233 2.165189 0.259625
v -0.033931 2.165189 0.257736
v -0.036738 2.180729 0.279059
v -0.067282 2.165189 0.251102
v -0.072848 2.180729 0.271876
v -0.251098 1.883104 0.349364
v -0.271553 1.888585 0.364905
v -0.277332 1.906068 0.349364
v -0.292200 1.906068 0.364905
v 0.083560 1.569667 0.349364
v 0.089712 1.538221 0.349364
v 0.089712 1.538221 0.349364
v 0.067282 1.564729 0.349364
v 0.114976 1.582680 0.349364
v 0.114976 1.582680 0.349364
v 0.114975 1.466493 0.349338
v 0.089871 1.466493 0.349338
v 0.259790 1.810748 -0.339261
v 0.154809 1.815823 -0.339261
v 0.154639 1.810748 -0.339261
v 0.259944 1.815823 -0.339261
v 0.154639 1.820899 -0.339261
v 0.259790 1.820899 -0.339261
v 0.365298 2.164464 -0.090247
v 0.348729 2.181033 -0.090247
v 0.349365 2.165190 -0.090247
v 0.349359 2.093151 -0.090247
v 0.364899 2.108019 -0.090247
v -0.005075 1.556038 -0.339261
v -0.000000 1.661021 -0.339261
v -0.005075 1.661187 -0.339261
v -0.000000 1.555889 -0.339261
v 0.005075 1.661187 -0.339261
v 0.005075 1.556038 -0.339261
v -0.114976 2.165185 0.349338
v -0.090030 2.165185 0.349338
v -0.090030 2.093159 0.349364
v -0.090030 2.093159 0.349364
v -0.083560 2.061980 0.349364
v -0.114976 2.048967 0.349364
v -0.067282 2.066918 0.349364
v 0.349359 1.849754 -0.257736
v 0.349359 1.883104 -0.251102
v 0.364899 1.888670 -0.271876
v 0.364899 1.852561 -0.279059
v 0.349359 1.826056 -0.259625
v 0.364899 1.815823 -0.281467
v 0.349363 1.815823 -0.259948
v 0.349359 1.805590 -0.259625
v 0.349359 1.781893 -0.257736
v 0.364899 1.779086 -0.279059
v 0.349359 1.748543 -0.251102
v 0.364899 1.742977 -0.271876
v 0.005075 2.075609 -0.339261
v -0.000000 1.970624 -0.339261
v 0.005075 1.970460 -0.339261
v -0.000000 2.075772 -0.339261
v -0.005075 1.970460 -0.339261
v -0.005075 2.075609 -0.339261
v -0.089865 2.180729 -0.291551
v -0.072848 2.180729 -0.271876
v -0.090030 2.165189 -0.277344
v -0.067282 2.165189 -0.251102
v 0.067282 2.165189 -0.251102
v 0.072848 2.180729 -0.271876
v 0.089712 2.165189 -0.277344
v 0.089711 2.180729 -0.291551
v 0.257732 2.165189 -0.033932
v 0.251098 2.165189 -0.067283
v 0.271553 2.180729 -0.072763
v 0.278727 2.180729 -0.036696
v 0.259621 2.165189 -0.010233
v 0.281132 2.180729 0.000000
v 0.259940 2.165223 0.000000
v 0.259621 2.165189 0.010233
v 0.257732 2.165189 0.033932
v 0.278727 2.180729 0.036696
v 0.251098 2.165189 0.067283
v 0.271553 2.180729 0.072763
v 0.251098 1.748543 0.349364
v 0.271553 1.743062 0.364905
v 0.278397 1.725592 0.349364
v 0.291968 1.725592 0.364905
v -0.251098 2.165189 -0.067283
v -0.271553 2.180729 -0.072763
v -0.277332 2.165189 -0.090247
v -0.292200 2.180729 -0.090247
v -0.036738 1.450924 -0.279059
v -0.072848 1.450924 -0.271876
v -0.067282 1.466464 -0.251102
v -0.033931 1.466464 -0.257736
v -0.010233 1.466464 -0.259625
v -0.000000 1.450924 -0.281467
v -0.000000 1.466460 -0.259948
v 0.010233 1.466464 -0.259625
v 0.033931 1.466464 -0.257736
v 0.036738 1.450924 -0.279059
v 0.072848 1.450924 -0.271876
v 0.067282 1.466464 -0.251102
v -0.154639 1.810748 -0.339261
v -0.259958 1.815823 -0.339261
v -0.259790 1.810748 -0.339261
v -0.154806 1.815823 -0.339261
v -0.259790 1.820899 -0.339261
v -0.154639 1.820899 -0.339261
v -0.246160 1.466464 -0.083561
v -0.278397 1.466464 -0.090247
v -0.251098 1.466464 -0.067283
v -0.349365 1.466460 -0.114977
v -0.349365 1.466460 -0.090247
v -0.233147 1.466464 -0.114977
v 0.246160 1.466464 0.083561
v 0.277332 1.466464 0.090234
v 0.251098 1.466464 0.067283
v 0.233147 1.466464 0.114977
v 0.349365 1.466460 0.114976
v 0.349365 1.466460 0.090234
v -0.349359 2.073551 -0.033932
v -0.349359 2.066918 -0.067283
v -0.364899 2.087372 -0.072763
v -0.364899 2.094546 -0.036696
v -0.349359 2.075440 -0.010233
v -0.364899 2.096951 0.000000
v -0.349393 2.075759 0.000000
v -0.349359 2.075440 0.010233
v -0.349359 2.073551 0.033932
v -0.364899 2.094546 0.036696
v -0.349359 2.066918 0.067283
v -0.364899 2.087372 0.072763
v 0.349359 1.905852 0.276577
v 0.349359 1.905852 0.276577
v 0.349359 1.905852 0.276577
v 0.349365 1.905960 0.349338
v 0.349365 1.930797 0.349338
v 0.349365 1.930797 0.349338
v 0.349359 1.930797 0.233151
v 0.349359 1.930797 0.233151
v 0.349359 1.899382 0.246164
v 0.349359 1.883104 0.251102
v -0.349359 1.558095 0.033932
v -0.349359 1.564729 0.067283
v -0.364899 1.544275 0.072763
v -0.364899 1.537101 0.036696
v -0.349359 1.556206 0.010233
v -0.364899 1.534696 -0.000000
v -0.349393 1.555861 -0.000000
v -0.349359 1.556206 -0.010233
v -0.349359 1.558095 -0.033932
v -0.364899 1.537101 -0.036696
v -0.349359 1.564729 -0.067283
v -0.364899 1.544275 -0.072763
v -0.349359 1.849754 0.257736
v -0.349359 1.883104 0.251102
v -0.364899 1.888670 0.271876
v -0.364899 1.852561 0.279059
v -0.349359 1.826056 0.259625
v -0.364899 1.815823 0.281467
v -0.349363 1.815823 0.259952
v -0.349359 1.805590 0.259625
v -0.349359 1.781893 0.257736
v -0.364899 1.779086 0.279059
v -0.349359 1.748543 0.251102
v -0.364899 1.742976 0.271876
v -0.349359 1.781893 -0.257736
v -0.349359 1.748543 -0.251102
v -0.364899 1.742977 -0.271876
v -0.364899 1.779086 -0.279059
v -0.349359 1.805590 -0.259625
v -0.364899 1.815823 -0.281467
v -0.349363 1.815823 -0.259948
v -0.349359 1.826056 -0.259625
v -0.349359 1.849754 -0.257736
v -0.364899 1.852561 -0.279059
v -0.349359 1.883104 -0.251102
v -0.364899 1.888670 -0.271876
v -0.089711 1.450924 -0.291551
v -0.089712 1.466464 -0.277344
v -0.072848 1.450924 -0.271876
v -0.067282 1.466464 -0.251102
v 0.349359 1.732265 0.246164
v 0.349359 1.732265 0.246164
v 0.349359 1.726113 0.277611
v 0.349359 1.726113 0.277611
v 0.349359 1.726113 0.277611
v 0.349359 1.748543 0.251102
v 0.349365 1.700850 0.349338
v 0.349365 1.725852 0.349338
v 0.349359 1.700850 0.233151
v 0.349359 2.048967 -0.114977
v 0.399994 2.101115 -0.164718
v 0.349359 2.040948 -0.129980
v 0.349359 2.022057 -0.158253
v 0.399994 2.077175 -0.200548
v 0.349359 1.999637 -0.183819
v 0.399994 2.048763 -0.232947
v 0.349359 1.974072 -0.206240
v 0.399994 2.016366 -0.261360
v 0.349359 1.945799 -0.225132
v 0.399994 1.980537 -0.285300
v 0.349359 1.930797 -0.233151
v -0.349359 1.849754 0.257736
v -0.349359 1.826056 0.259625
v -0.349359 1.825948 0.154476
v -0.349359 1.836029 0.153483
v -0.349359 1.860736 0.148062
v -0.349359 1.883104 0.251102
v -0.349359 1.899382 0.246164
v -0.349359 1.888758 0.136455
v -0.349359 1.930797 0.233151
v -0.349359 1.945799 0.225132
v -0.349359 1.910061 0.122817
v -0.349359 1.974072 0.206240
v -0.349359 1.925285 0.109465
v -0.349359 1.999637 0.183819
v -0.349359 1.938637 0.094241
v -0.349359 2.022057 0.158254
v -0.349359 1.952274 0.072937
v -0.349359 2.040948 0.129980
v -0.349359 2.048967 0.114977
v -0.349359 1.963881 0.044914
v -0.349359 2.061980 0.083561
v -0.349359 2.066918 0.067283
v -0.349359 1.969302 0.020206
v -0.349359 2.073551 0.033932
v -0.349359 1.970294 0.010125
v -0.349359 2.075440 0.010233
v -0.083560 1.466464 0.246164
v -0.089712 1.466464 0.277611
v -0.089712 1.466464 0.277611
v -0.067282 1.466464 0.251102
v -0.114976 1.466464 0.233151
v -0.114976 1.466464 0.233151
v -0.114975 1.466493 0.349338
v -0.089871 1.466493 0.349338
v 0.349359 1.564729 0.067283
v 0.364899 1.544275 0.072763
v 0.349359 1.537430 0.090234
v 0.364899 1.523860 0.090234
v -0.349359 1.558095 0.033932
v -0.349359 1.556206 0.010233
v -0.349359 1.661352 0.010125
v -0.349359 1.662345 0.020206
v -0.349359 1.667766 0.044914
v -0.349359 1.564729 0.067283
v -0.349359 1.569667 0.083561
v -0.349359 1.679373 0.072937
v -0.349359 1.582680 0.114977
v -0.349359 1.590698 0.129980
v -0.349359 1.693010 0.094241
v -0.349359 1.609590 0.158254
v -0.349359 1.706361 0.109465
v -0.349359 1.632010 0.183819
v -0.349359 1.721586 0.122817
v -0.349359 1.657575 0.206240
v -0.349359 1.742889 0.136455
v -0.349359 1.685847 0.225132
v -0.349359 1.700850 0.233151
v -0.349359 1.770911 0.148062
v -0.349359 1.732265 0.246164
v -0.349359 1.748543 0.251102
v -0.349359 1.795618 0.153483
v -0.349359 1.781893 0.257736
v -0.349359 1.805699 0.154476
v -0.349359 1.805590 0.259625
v 0.233147 2.165189 0.114977
v 0.148060 2.165189 0.044914
v 0.246160 2.165189 0.083561
v 0.251098 2.165189 0.067283
v 0.153481 2.165189 0.020206
v 0.257732 2.165189 0.033932
v 0.154473 2.165189 0.010125
v 0.259621 2.165189 0.010233
v 0.033931 2.165189 0.257736
v 0.010233 2.165189 0.259625
v 0.010125 2.165189 0.154476
v 0.020206 2.165189 0.153483
v 0.044913 2.165189 0.148062
v 0.067282 2.165189 0.251102
v 0.083560 2.165189 0.246164
v 0.072935 2.165189 0.136455
v 0.114976 2.165189 0.233151
v 0.129978 2.165189 0.225132
v 0.094239 2.165189 0.122817
v 0.158251 2.165189 0.206240
v 0.109464 2.165189 0.109465
v 0.183817 2.165189 0.183819
v 0.122815 2.165189 0.094241
v 0.206237 2.165189 0.158254
v 0.136453 2.165189 0.072937
v 0.225128 2.165189 0.129980
v 0.089711 2.107365 0.364905
v 0.089712 2.093159 0.349364
v 0.072848 2.087691 0.364905
v 0.067282 2.066918 0.349364
v 0.339256 1.970460 -0.005076
v 0.339256 2.075778 0.000000
v 0.339256 2.075609 -0.005076
v 0.339256 1.970627 0.000000
v 0.339256 2.075609 0.005076
v 0.339256 1.970460 0.005076
v 0.349221 1.725704 0.364886
v 0.364888 1.726000 0.349219
v 0.349365 1.725852 0.349338
v 0.278397 1.725592 0.349364
v 0.291968 1.725592 0.364905
v -0.154639 1.476567 0.005076
v -0.259944 1.476567 -0.000000
v -0.259790 1.476567 0.005076
v -0.154809 1.476567 -0.000000
v -0.259790 1.476567 -0.005076
v -0.154639 1.476567 -0.005076
v 0.349359 1.899382 -0.246164
v 0.349359 1.905852 -0.277344
v 0.349359 1.905852 -0.277344
v 0.349359 1.905852 -0.277344
v 0.349359 1.883104 -0.251102
v 0.349359 1.930797 -0.233151
v 0.349359 1.930797 -0.233151
v 0.349365 1.930797 -0.349366
v 0.349365 1.930797 -0.349366
v 0.349365 1.905954 -0.349366
v 0.349359 2.093151 -0.090247
v 0.349359 2.093151 -0.090247
v 0.349359 2.093151 -0.090247
v 0.349365 2.165190 -0.090247
v 0.349365 2.165190 -0.114977
v 0.349365 2.165190 -0.114977
v 0.349359 2.048967 -0.114977
v 0.349359 2.048967 -0.114977
v 0.349359 2.061980 -0.083561
v 0.349359 2.066918 -0.067283
vn -0.0327 -0.0000 0.9995
vn -0.0000 0.0001 1.0000
vn -0.0324 -0.0000 0.9995
vn -0.0325 0.0001 0.9995
vn 0.0327 0.0001 0.9995
vn 0.0332 -0.0002 0.9994
vn 0.0327 -0.0000 0.9995
vn 0.0324 -0.0000 0.9995
vn -0.0000 0.7073 -0.7069
vn -0.0000 0.2024 -0.9793
vn -0.0641 0.2024 -0.9772
vn 0.0462 0.7073 -0.7054
vn 0.0640 0.2024 -0.9772
vn 0.0132 0.9794 -0.2015
vn -0.0000 0.9794 -0.2019
vn -0.0462 0.7073 -0.7054
vn -0.1532 0.2021 -0.9673
vn -0.6265 0.7075 -0.3270
vn -0.8682 0.2021 -0.4532
vn -0.6742 0.7075 -0.2118
vn -0.7828 0.2024 -0.5885
vn -0.5649 0.7075 -0.4247
vn -0.6925 0.2022 -0.6925
vn -0.4998 0.7074 -0.4998
vn -0.5885 0.2022 -0.7828
vn -0.4247 0.7075 -0.5649
vn -0.4532 0.2021 -0.8682
vn -0.3270 0.7075 -0.6265
vn -0.2935 0.2021 -0.9343
vn -0.2118 0.7075 -0.6743
vn -0.1106 0.7073 -0.6982
vn -0.0132 0.9794 -0.2015
vn -0.0000 1.0000 -0.0000
vn 0.0316 0.9794 0.1995
vn 0.0132 0.9794 0.2015
vn 0.0605 0.9794 0.1927
vn 0.0933 0.9794 0.1792
vn 0.1213 0.9794 0.1614
vn 0.1427 0.9794 0.1427
vn 0.1614 0.9794 0.1213
vn 0.1790 0.9794 0.0934
vn 0.1927 0.9794 0.0605
vn 0.1995 0.9794 0.0316
vn 0.6982 0.7073 0.1106
vn 0.6742 0.7075 0.2118
vn 0.6266 0.7075 0.3270
vn 0.5649 0.7075 0.4247
vn 0.4998 0.7074 0.4998
vn 0.4247 0.7075 0.5649
vn 0.3270 0.7075 0.6265
vn 0.2118 0.7075 0.6743
vn 0.1106 0.7074 0.6981
vn 0.7828 0.2023 0.5885
vn 0.6925 0.2022 0.6925
vn 0.5885 0.2022 0.7828
vn 0.4532 0.2021 0.8682
vn 0.2935 0.2021 0.9343
vn 0.1532 0.2021 0.9673
vn 0.0462 0.7073 0.7054
vn -0.0000 0.9794 0.2019
vn -0.0132 0.9794 0.2015
vn -0.0316 0.9794 0.1995
vn -0.0462 0.7073 0.7054
vn -0.0640 0.2024 0.9772
vn -0.0000 0.2024 0.9793
vn -0.0000 0.7073 0.7069
vn 0.0641 0.2024 0.9772
vn 0.1106 0.7073 -0.6982
vn 0.0316 0.9794 -0.1995
vn 0.0605 0.9794 -0.1927
vn 0.0934 0.9794 -0.1790
vn 0.1213 0.9794 -0.1614
vn 0.1427 0.9794 -0.1427
vn 0.1614 0.9794 -0.1213
vn 0.1791 0.9794 -0.0934
vn 0.1927 0.9794 -0.0605
vn 0.1995 0.9794 -0.0316
vn 0.2015 0.9794 -0.0132
vn 0.6982 0.7073 -0.1106
vn 0.6743 0.7075 -0.2118
vn 0.6265 0.7075 -0.3270
vn 0.5649 0.7075 -0.4247
vn 0.4998 0.7074 -0.4998
vn 0.4247 0.7075 -0.5649
vn 0.3270 0.7075 -0.6266
vn 0.2118 0.7075 -0.6742
vn 0.1532 0.2022 -0.9673
vn 0.2935 0.2021 -0.9344
vn 0.4532 0.2021 -0.8682
vn 0.5885 0.2023 -0.7828
vn 0.6925 0.2022 -0.6925
vn 0.7828 0.2022 -0.5885
vn 0.8682 0.2021 -0.4532
vn 0.9343 0.2021 -0.2935
vn 0.9673 0.2021 -0.1532
vn 0.7054 0.7073 -0.0462
vn 0.2019 0.9794 -0.0000
vn 0.2015 0.9794 0.0132
vn 0.7054 0.7073 0.0462
vn 0.9772 0.2024 0.0640
vn 0.9673 0.2022 0.1532
vn 0.9344 0.2021 0.2935
vn 0.8682 0.2021 0.4532
vn 0.9793 0.2024 -0.0000
vn 0.7069 0.7073 -0.0000
vn 0.9772 0.2024 -0.0641
vn -0.7054 0.7073 -0.0462
vn -0.7069 0.7073 -0.0000
vn -0.2015 0.9794 -0.0132
vn -0.2019 0.9794 -0.0000
vn -0.1995 0.9794 -0.0316
vn -0.1927 0.9794 -0.0605
vn -0.1790 0.9794 -0.0934
vn -0.1614 0.9794 -0.1213
vn -0.1427 0.9794 -0.1427
vn -0.1213 0.9794 -0.1614
vn -0.0934 0.9794 -0.1791
vn -0.0605 0.9794 -0.1927
vn -0.0316 0.9794 -0.1995
vn -0.6982 0.7073 -0.1106
vn -0.9343 0.2021 0.2935
vn -0.8682 0.2021 0.4532
vn -0.6265 0.7075 0.3270
vn -0.6743 0.7075 0.2118
vn -0.1927 0.9794 0.0605
vn -0.1995 0.9794 0.0316
vn -0.2015 0.9794 0.0132
vn -0.7054 0.7073 0.0462
vn -0.9772 0.2024 0.0641
vn -0.9793 0.2024 -0.0000
vn -0.9772 0.2024 -0.0640
vn -0.9673 0.2022 -0.1532
vn -0.9344 0.2021 -0.2935
vn -0.9673 0.2021 0.1532
vn -0.6982 0.7073 0.1106
vn -0.1614 0.9794 0.1213
vn -0.1791 0.9794 0.0934
vn -0.1427 0.9794 0.1427
vn -0.4998 0.7074 0.4998
vn -0.4247 0.7075 0.5649
vn -0.1213 0.9794 0.1614
vn -0.3270 0.7075 0.6266
vn -0.0934 0.9794 0.1790
vn -0.2118 0.7075 0.6742
vn -0.0605 0.9794 0.1927
vn -0.1106 0.7073 0.6982
vn -0.5649 0.7075 0.4247
vn -0.1532 0.2022 0.9673
vn -0.2935 0.2021 0.9344
vn -0.4532 0.2021 0.8682
vn -0.5885 0.2024 0.7828
vn -0.6925 0.2022 0.6925
vn -0.7828 0.2022 0.5885
vn 1.0000 -0.0000 -0.0000
vn 1.0000 0.0001 -0.0000
vn 1.0000 -0.0000 0.0003
vn 1.0000 -0.0000 0.0002
vn -0.0000 -0.0000 1.0000
vn 0.7007 0.7135 -0.0000
vn 0.7006 0.7136 -0.0000
vn -0.7071 -0.0000 0.7071
vn -0.7209 -0.0000 -0.6931
vn 1.0000 0.0001 0.0003
vn 1.0000 0.0001 -0.0002
vn 1.0000 -0.0001 0.0001
vn 0.0002 -0.7136 0.7006
vn -0.0000 -0.7134 0.7007
vn 0.0002 0.7135 0.7007
vn -0.0000 0.7135 0.7006
vn 0.7108 -0.0004 0.7034
vn 0.7109 -0.0004 0.7033
vn -0.0004 -0.7108 0.7034
vn -0.7108 -0.0004 0.7034
vn -0.7109 -0.0004 0.7033
vn -0.7108 0.0004 0.7034
vn -0.7109 0.0004 0.7033
vn -0.0000 -1.0000 -0.0000
vn -1.0000 -0.0000 -0.0000
vn 0.7008 -0.0000 0.7134
vn 0.7008 -0.0000 -0.7133
vn 0.7008 -0.0000 -0.7134
vn 0.0004 -0.7108 0.7034
vn 0.0004 -0.7109 0.7033
vn 0.0004 0.7108 0.7034
vn 0.7108 0.0004 0.7034
vn 0.7109 0.0004 0.7033
vn -0.0004 0.7108 0.7034
vn -0.0004 0.7109 0.7033
vn 0.7008 -0.7134 -0.0000
vn 0.0062 -1.0000 0.0029
vn 0.0064 -1.0000 0.0029
vn 0.0063 -1.0000 0.0029
vn 0.0120 0.9999 -0.0015
vn 0.0125 0.9999 -0.0013
vn 0.0122 0.9999 -0.0014
vn 0.5306 0.6339 -0.5626
vn 0.5307 0.6339 -0.5626
vn 0.5307 0.6339 -0.5625
vn 0.5082 -0.6575 -0.5563
vn 0.5079 -0.6574 -0.5566
vn -0.7135 -0.7007 0.0002
vn -0.7135 -0.7006 0.0001
vn -0.0000 -0.7008 -0.7134
vn -0.0000 -0.7008 0.7134
vn -0.7071 -0.0000 -0.7071
vn -0.0000 0.7071 -0.7071
vn 0.7071 0.7071 -0.0000
vn 0.4970 0.5615 -0.6616
vn 0.5000 0.5575 -0.6627
vn 0.4969 0.5616 -0.6616
vn 0.4939 0.5656 -0.6604
vn -0.0000 -0.0000 -1.0000
vn 0.7134 -0.7008 -0.0000
vn -0.7134 -0.7008 -0.0000
vn -0.7034 -0.0004 -0.7108
vn -0.7033 -0.0004 -0.7109
vn -0.7034 0.7108 -0.0004
vn -0.7033 0.7109 -0.0004
vn -0.7034 0.0004 -0.7108
vn -0.7034 0.0004 0.7108
vn -0.7033 0.0004 0.7109
vn -0.0002 -1.0000 -0.0000
vn -0.0001 -0.9995 -0.0303
vn 0.0014 -0.9995 -0.0308
vn 0.0016 -0.9995 -0.0308
vn -0.0000 -0.9995 -0.0303
vn 0.0013 -0.9995 0.0309
vn 0.0014 -0.9995 0.0310
vn 0.0016 -0.9995 0.0311
vn 0.0014 -0.9995 0.0309
vn -0.0000 -0.9995 0.0303
vn -0.0002 1.0000 -0.0000
vn -0.0004 0.9995 -0.0331
vn -0.0003 0.9994 -0.0333
vn -0.0000 0.9995 0.0326
vn -0.0000 0.9995 0.0327
vn -0.0000 0.9995 -0.0327
vn -0.0003 0.9994 0.0332
vn 0.0001 0.0002 1.0000
vn -0.0001 -0.0293 0.9996
vn 0.0001 -0.0310 0.9995
vn 0.0004 -0.0308 0.9995
vn -0.0000 -0.0293 0.9996
vn 0.0004 0.0311 0.9995
vn 0.0003 0.0308 0.9995
vn 0.0003 0.0307 0.9995
vn -0.0000 0.0293 0.9996
vn -0.0000 -0.0327 -0.9995
vn -0.0000 0.0327 -0.9995
vn 0.0004 -0.0000 -1.0000
vn -0.0000 0.0321 -0.9995
vn 0.0008 0.0320 -0.9995
vn 0.0004 0.0322 -0.9995
vn 0.0008 -0.0320 -0.9995
vn 0.0008 -0.0318 -0.9995
vn 0.0008 -0.0319 -0.9995
vn -0.0000 -0.0321 -0.9995
vn 0.0001 -0.0000 1.0000
vn -0.0000 0.0324 0.9995
vn 0.0001 0.0326 0.9995
vn -0.0002 -0.0330 0.9995
vn -0.0000 -0.0327 0.9995
vn -0.0000 0.0327 0.9995
vn -0.0000 -0.0324 0.9995
vn -0.0001 -1.0000 -0.0000
vn -0.0000 -0.9995 0.0330
vn -0.0001 -0.9995 0.0328
vn 0.0001 -0.9995 -0.0325
vn -0.0000 -0.9995 -0.0327
vn -0.0000 -0.9995 0.0327
vn -0.0000 -0.9995 -0.0330
vn 0.0002 0.9994 0.0332
vn -0.0011 0.9994 0.0335
vn -0.0011 0.9994 0.0334
vn -0.0000 0.9994 0.0332
vn -0.0016 0.9994 -0.0336
vn -0.0013 0.9994 -0.0334
vn -0.0000 0.9994 -0.0332
vn -0.7034 -0.7108 -0.0004
vn -0.7034 -0.7108 0.0004
vn -0.7033 -0.7109 0.0004
vn -0.7034 -0.0004 0.7108
vn -0.7034 0.7108 0.0004
vn -0.7008 -0.0000 -0.7134
vn -0.7008 -0.0000 -0.7133
vn -0.7008 -0.0000 0.7134
vn -0.7008 0.7134 -0.0000
vn -0.7008 -0.7134 -0.0000
vn -0.4970 -0.5615 -0.6616
vn -0.5000 -0.5575 -0.6627
vn -0.4969 -0.5616 -0.6616
vn -0.4939 -0.5656 -0.6604
vn -0.0123 -0.9999 0.0014
vn -0.0121 -0.9999 0.0015
vn -0.0117 -0.9999 0.0016
vn -0.0063 1.0000 -0.0030
vn -0.0064 1.0000 -0.0029
vn -0.0064 1.0000 -0.0030
vn -0.0098 1.0000 0.0015
vn -0.5080 0.6574 -0.5566
vn -0.5082 0.6575 -0.5563
vn -0.5306 -0.6339 -0.5627
vn -0.5307 -0.6339 -0.5626
vn -0.5308 -0.6340 -0.5624
vn -0.5308 -0.6339 -0.5625
vn -0.0062 1.0000 0.0029
vn -0.0061 1.0000 0.0029
vn -0.0000 -0.7008 -0.7133
vn 1.0000 -0.0000 0.0001
vn 0.7034 0.0004 -0.7108
vn 0.7033 0.0004 -0.7109
vn 0.7034 -0.7108 -0.0004
vn 0.7033 -0.7109 -0.0004
vn -0.0120 -0.9999 0.0100
vn -0.0120 -0.9999 -0.0014
vn -0.5205 0.5570 0.6472
vn -0.5153 0.5643 0.6450
vn -0.5205 0.5569 0.6472
vn -0.5257 0.5495 0.6494
vn 0.7034 -0.0004 -0.7108
vn 0.7034 -0.0004 0.7108
vn 0.7033 -0.0004 0.7109
vn -0.7108 -0.7034 0.0004
vn -0.7109 -0.7033 0.0004
vn 0.0004 -0.7034 0.7108
vn 0.0004 -0.7033 0.7109
vn 0.7108 -0.7034 0.0004
vn 0.7109 -0.7033 0.0004
vn 0.7108 -0.7034 -0.0004
vn 0.0002 1.0000 -0.0000
vn 0.0001 0.9995 -0.0303
vn -0.0011 0.9995 -0.0309
vn -0.0016 0.9995 -0.0307
vn -0.0000 0.9995 -0.0303
vn -0.0012 0.9995 0.0309
vn -0.0012 0.9995 0.0307
vn -0.0013 0.9995 0.0308
vn -0.0000 0.9995 0.0303
vn 0.0002 -1.0000 -0.0000
vn 0.0003 -0.9994 -0.0332
vn 0.0003 -0.9994 -0.0333
vn 0.0002 -0.9995 0.0330
vn 0.0004 -0.9995 0.0331
vn -0.0001 -0.0002 1.0000
vn 0.0001 0.0293 0.9996
vn -0.0001 0.0310 0.9995
vn -0.0003 0.0308 0.9995
vn -0.0004 -0.0310 0.9995
vn -0.0003 -0.0308 0.9995
vn -0.0003 -0.0307 0.9995
vn -0.0004 -0.0000 -1.0000
vn -0.0008 -0.0320 -0.9995
vn -0.0004 -0.0322 -0.9995
vn -0.0010 0.0320 -0.9995
vn -0.0008 0.0317 -0.9995
vn -0.0008 0.0319 -0.9995
vn -0.0001 -0.0000 1.0000
vn -0.0001 -0.0326 0.9995
vn 0.0002 0.0330 0.9995
vn 0.7008 0.7134 -0.0000
vn 0.0001 1.0000 -0.0000
vn -0.0000 0.9995 0.0330
vn 0.0001 0.9995 0.0328
vn 0.0001 0.9995 -0.0328
vn -0.0000 0.9995 -0.0330
vn 0.0061 -1.0000 -0.0029
vn 0.0062 -1.0000 -0.0029
vn 0.7136 -0.7006 0.0002
vn 0.7134 -0.7008 0.0001
vn 0.7136 0.0002 0.7006
vn 0.7134 -0.0000 0.7008
vn -0.7135 0.0002 0.7007
vn -0.7135 -0.0000 0.7006
vn -0.6467 -0.5599 0.5180
vn -0.6465 -0.5605 0.5176
vn -0.6467 -0.5597 0.5181
vn -0.6468 -0.5595 0.5183
vn -0.8081 0.3028 -0.5053
vn -0.8081 0.3028 -0.5052
vn -0.8080 0.2777 -0.5196
vn -0.8081 0.3586 -0.4673
vn -0.8081 0.4165 -0.4165
vn -0.8081 0.4673 -0.3585
vn -0.8081 0.5051 -0.3030
vn -0.8081 0.5052 -0.3028
vn -0.8080 0.5196 -0.2777
vn -0.8081 0.5051 0.3030
vn -0.8081 0.5052 0.3028
vn -0.8080 0.5196 0.2777
vn -0.8081 0.4673 0.3585
vn -0.8081 0.4165 0.4165
vn -0.8081 0.3586 0.4673
vn -0.8081 0.3030 0.5051
vn -0.8081 0.3029 0.5052
vn -0.8080 0.2777 0.5196
vn -1.0000 0.0002 -0.0001
vn -1.0000 -0.0000 -0.0001
vn -0.8081 -0.5056 -0.3023
vn -0.8081 -0.5052 -0.3028
vn -0.8080 -0.5196 -0.2777
vn -0.8081 -0.4673 -0.3585
vn -0.8081 -0.4165 -0.4165
vn -0.8081 -0.3586 -0.4673
vn -0.8081 -0.3030 -0.5051
vn -0.8081 -0.3029 -0.5052
vn -0.8080 -0.2777 -0.5196
vn -0.8081 -0.3028 0.5053
vn -0.8081 -0.3028 0.5052
vn -0.8080 -0.2777 0.5196
vn -0.8081 -0.3586 0.4673
vn -0.8081 -0.4165 0.4165
vn -0.8081 -0.4673 0.3585
vn -0.8081 -0.5051 0.3030
vn -0.8081 -0.5052 0.3029
vn -0.8080 -0.5196 0.2777
vn -0.0002 -0.7135 0.7007
vn -0.0000 -0.7135 0.7006
vn -0.0002 0.7136 0.7006
vn -0.0000 0.7134 0.7007
vn -1.0000 -0.0000 0.0001
vn -0.9995 -0.0330 -0.0000
vn -0.9995 -0.0328 0.0001
vn -0.9995 -0.0327 -0.0000
vn -0.9995 0.0328 0.0001
vn -0.9995 0.0330 -0.0000
vn -0.9995 0.0327 -0.0000
vn -0.0000 -1.0000 -0.0001
vn 0.0324 -0.9995 -0.0000
vn 0.0330 -0.9995 0.0002
vn 0.0327 -0.9995 -0.0000
vn -0.0326 -0.9995 -0.0001
vn -0.0324 -0.9995 -0.0000
vn -0.0327 -0.9995 -0.0000
vn -0.0327 0.9995 -0.0000
vn 0.0327 0.9995 -0.0000
vn 0.9995 0.0329 0.0006
vn 0.9995 0.0326 -0.0000
vn 0.9995 0.0327 -0.0000
vn 0.9995 -0.0330 0.0002
vn 0.9995 -0.0330 0.0005
vn 0.9995 -0.0327 -0.0000
vn -0.0308 -0.9995 -0.0004
vn -0.0004 -1.0000 0.0002
vn -0.0307 -0.9995 -0.0007
vn -0.0309 -0.9995 -0.0003
vn -0.0293 -0.9996 -0.0000
vn 0.0307 -0.9995 -0.0003
vn 0.0308 -0.9995 -0.0003
vn 0.0293 -0.9996 -0.0000
vn 1.0000 -0.0059 0.0015
vn 1.0000 -0.0060 0.0015
vn 0.9994 -0.0334 0.0008
vn 0.9994 -0.0335 0.0011
vn 0.9994 -0.0336 0.0011
vn 0.9994 -0.0332 -0.0000
vn 0.9994 0.0335 0.0013
vn 0.9994 0.0337 0.0010
vn 0.9995 0.0331 -0.0003
vn 0.9994 0.0332 -0.0000
vn 0.0322 0.9995 -0.0004
vn -0.0000 1.0000 0.0003
vn 0.0320 0.9995 -0.0008
vn 0.0320 0.9995 -0.0007
vn 0.0321 0.9995 -0.0000
vn -0.0320 0.9995 -0.0009
vn -0.0319 0.9995 -0.0008
vn -0.0321 0.9995 0.0002
vn -0.0321 0.9995 -0.0000
vn -1.0000 0.0003 0.0003
vn -1.0000 0.0001 0.0002
vn -1.0000 0.0001 -0.0000
vn -1.0000 -0.0000 -0.0002
vn -0.9995 -0.0303 -0.0001
vn -0.9995 -0.0311 0.0007
vn -0.9995 -0.0307 0.0016
vn -0.9995 0.0312 0.0016
vn -0.9995 0.0308 0.0012
vn -0.9995 0.0308 0.0011
vn -0.9995 -0.0303 -0.0000
vn -0.9995 0.0303 -0.0000
vn 1.0000 -0.0000 -0.0002
vn 0.9995 -0.0331 -0.0004
vn 0.9995 -0.0330 -0.0002
vn 0.9995 0.0329 -0.0006
vn -0.0004 1.0000 -0.0002
vn -0.0293 0.9996 -0.0001
vn -0.0308 0.9995 0.0004
vn -0.0308 0.9995 0.0005
vn -0.0293 0.9996 -0.0000
vn 0.0310 0.9995 0.0004
vn 0.0307 0.9995 0.0002
vn 0.0309 0.9995 0.0004
vn 0.0293 0.9996 -0.0000
vn -0.0000 -1.0000 0.0005
vn 0.0321 -0.9995 -0.0000
vn 0.0320 -0.9995 0.0008
vn 0.0322 -0.9995 0.0004
vn -0.0320 -0.9995 0.0012
vn -0.0321 -0.9995 0.0009
vn -0.0319 -0.9995 0.0008
vn -0.0320 -0.9995 0.0011
vn -0.0321 -0.9995 -0.0000
vn -0.0000 1.0000 0.0001
vn 0.0324 0.9995 -0.0000
vn 0.0326 0.9995 0.0001
vn -0.0329 0.9995 -0.0001
vn -0.0324 0.9995 -0.0000
vn -0.9995 0.0328 -0.0001
vn -0.9995 -0.0328 -0.0001
vn -0.0029 1.0000 0.0061
vn -0.0029 1.0000 0.0062
vn -0.0098 0.9999 0.0096
vn -0.9995 0.0307 -0.0016
vn -1.0000 -0.0000 0.0002
vn -0.9995 0.0310 -0.0010
vn -0.9995 0.0308 -0.0013
vn -0.9995 -0.0311 -0.0015
vn -0.9995 -0.0308 -0.0012
vn 0.3030 -0.5051 -0.8081
vn 0.3028 -0.5052 -0.8081
vn 0.2777 -0.5196 -0.8080
vn 0.3586 -0.4673 -0.8081
vn 0.4165 -0.4165 -0.8081
vn 0.4673 -0.3586 -0.8081
vn 0.5053 -0.3028 -0.8081
vn 0.5052 -0.3029 -0.8081
vn 0.5196 -0.2778 -0.8080
vn -0.7108 -0.7034 -0.0004
vn -0.7109 -0.7033 -0.0004
vn 0.0004 -0.7034 -0.7108
vn 0.0004 -0.7033 -0.7109
vn -0.5169 -0.5166 0.6825
vn 0.0006 0.0022 1.0000
vn 0.0004 0.0025 1.0000
vn 0.0001 0.0026 1.0000
vn -0.0000 0.0025 1.0000
vn -0.0004 0.0028 1.0000
vn -0.0000 0.0026 1.0000
vn 0.0004 0.0028 1.0000
vn -0.0005 0.0024 1.0000
vn -0.0004 0.0024 1.0000
vn -0.9994 -0.0010 -0.0337
vn -0.9994 -0.0012 -0.0335
vn -0.9994 -0.0014 -0.0334
vn -0.9995 -0.0000 0.0332
vn -0.9994 -0.0012 0.0336
vn -0.9994 -0.0012 -0.0336
vn -0.9995 -0.0000 -0.0332
vn -0.9994 -0.0011 0.0335
vn -0.9994 -0.0009 0.0334
vn -0.6828 -0.5165 0.5167
vn 1.0000 -0.0060 -0.0015
vn 1.0000 -0.0059 -0.0015
vn 1.0000 -0.0057 -0.0015
vn -0.6575 -0.5082 -0.5563
vn -0.6574 -0.5080 -0.5566
vn 0.7071 0.0001 -0.7071
vn 0.7071 -0.0001 -0.7071
vn 0.7072 -0.0001 -0.7070
vn 0.6786 -0.5294 -0.5092
vn 0.2935 -0.9344 -0.2018
vn 0.2997 -0.9540 -0.0000
vn 0.1532 -0.9673 -0.2020
vn 0.1564 -0.9877 -0.0000
vn 0.0640 -0.9773 -0.2019
vn 0.0654 -0.9979 -0.0000
vn -0.0000 -0.9794 -0.2021
vn 0.9794 -0.0000 -0.2020
vn 0.9979 -0.0654 -0.0000
vn 0.9773 -0.0641 -0.2021
vn 0.9673 -0.1532 -0.2020
vn 0.9877 -0.1564 -0.0000
vn 0.9344 -0.2935 -0.2018
vn 0.9540 -0.2997 -0.0000
vn 0.8682 -0.4532 -0.2018
vn 0.8865 -0.4627 -0.0000
vn 0.7828 -0.5886 -0.2021
vn 0.7993 -0.6010 -0.0000
vn 0.6926 -0.6925 -0.2020
vn 0.7071 -0.7071 -0.0000
vn 0.5885 -0.7828 -0.2021
vn 0.6009 -0.7993 -0.0000
vn 0.4532 -0.8682 -0.2020
vn 0.4627 -0.8865 -0.0000
vn 0.2935 0.9344 -0.2018
vn 0.2997 0.9540 -0.0000
vn 0.4532 0.8682 -0.2018
vn 0.4627 0.8865 -0.0000
vn 0.5885 0.7828 -0.2021
vn 0.6009 0.7993 -0.0000
vn 0.6925 0.6925 -0.2020
vn 0.7828 0.5885 -0.2021
vn 0.7993 0.6010 -0.0000
vn 0.8682 0.4532 -0.2020
vn 0.8865 0.4627 -0.0000
vn 0.9344 0.2935 -0.2018
vn 0.9540 0.2997 -0.0000
vn 0.9673 0.1532 -0.2020
vn 0.9877 0.1564 -0.0000
vn 0.9773 0.0640 -0.2019
vn 0.9979 0.0654 -0.0000
vn -0.6925 0.6926 -0.2021
vn -0.7071 0.7071 -0.0000
vn -0.5885 0.7828 -0.2021
vn -0.6009 0.7993 -0.0000
vn -0.4532 0.8682 -0.2020
vn -0.4627 0.8865 -0.0000
vn -0.2935 0.9344 -0.2018
vn -0.2997 0.9540 -0.0000
vn -0.1532 0.9673 -0.2020
vn -0.1564 0.9877 -0.0000
vn -0.0641 0.9773 -0.2019
vn -0.0654 0.9979 -0.0000
vn -0.0000 0.9794 -0.2020
vn 0.0654 0.9979 -0.0000
vn 0.0641 0.9773 -0.2020
vn 0.1532 0.9673 -0.2019
vn 0.1564 0.9877 -0.0000
vn -0.9344 -0.2935 -0.2018
vn -0.9540 -0.2997 -0.0000
vn -0.9673 -0.1532 -0.2020
vn -0.9877 -0.1564 -0.0000
vn -0.9773 -0.0640 -0.2019
vn -0.9979 -0.0654 -0.0000
vn -0.9794 -0.0000 -0.2020
vn -0.9979 0.0654 -0.0000
vn -0.9773 0.0641 -0.2021
vn -0.9673 0.1532 -0.2020
vn -0.9877 0.1564 -0.0000
vn -0.9540 0.2997 -0.0000
vn -0.9344 0.2935 -0.2018
vn -0.8865 0.4627 -0.0000
vn -0.8682 0.4532 -0.2020
vn -0.7993 0.6010 -0.0000
vn -0.7828 0.5885 -0.2021
vn -0.0654 -0.9979 -0.0000
vn -0.0641 -0.9773 -0.2020
vn -0.1532 -0.9673 -0.2019
vn -0.1564 -0.9877 -0.0000
vn -0.2935 -0.9344 -0.2018
vn -0.2997 -0.9540 -0.0000
vn -0.4532 -0.8682 -0.2018
vn -0.4627 -0.8865 -0.0000
vn -0.5885 -0.7828 -0.2021
vn -0.6009 -0.7993 -0.0000
vn -0.6925 -0.6925 -0.2020
vn -0.7071 -0.7071 -0.0000
vn -0.7828 -0.5885 -0.2021
vn -0.7993 -0.6010 -0.0000
vn -0.8682 -0.4532 -0.2020
vn -0.8865 -0.4627 -0.0000
vn 0.6828 -0.5165 0.5167
vn 0.8081 0.5053 -0.3027
vn 0.8081 0.5052 -0.3028
vn 0.8080 0.5196 -0.2777
vn 0.8081 0.4673 -0.3585
vn 0.8081 0.4165 -0.4165
vn 0.8081 0.3586 -0.4673
vn 0.8081 0.3030 -0.5051
vn 0.8081 0.3029 -0.5052
vn 0.8080 0.2777 -0.5196
vn 0.8081 0.3024 0.5054
vn 0.8081 0.3028 0.5052
vn 0.8080 0.2777 0.5196
vn 0.8081 0.3586 0.4673
vn 0.8081 0.4165 0.4165
vn 0.8081 0.4673 0.3585
vn 0.8081 0.5055 0.3024
vn 0.8081 0.5052 0.3028
vn 0.8080 0.5196 0.2777
vn 0.5115 -0.5256 -0.6797
vn 0.0007 0.0002 1.0000
vn 0.0004 0.0003 1.0000
vn 0.0005 0.0002 1.0000
vn -0.0043 1.0000 -0.0013
vn -0.0043 1.0000 -0.0012
vn -0.0028 -1.0000 0.0037
vn -0.0462 -0.7054 -0.7073
vn -0.1106 -0.6982 -0.7073
vn -0.0132 -0.2015 -0.9794
vn -0.0000 -0.2019 -0.9794
vn -0.0000 -0.7069 -0.7073
vn -0.5885 -0.7828 -0.2022
vn -0.6925 -0.6925 -0.2022
vn -0.4247 -0.5649 -0.7075
vn -0.3270 -0.6265 -0.7075
vn -0.4532 -0.8682 -0.2021
vn -0.2118 -0.6743 -0.7075
vn -0.2935 -0.9343 -0.2021
vn -0.0316 -0.1995 -0.9794
vn 0.0132 -0.2015 -0.9794
vn 0.0462 -0.7054 -0.7073
vn 0.0316 -0.1995 -0.9794
vn 0.1106 -0.6982 -0.7073
vn 0.0605 -0.1927 -0.9794
vn 0.2118 -0.6743 -0.7075
vn 0.0934 -0.1790 -0.9794
vn 0.0316 0.1995 -0.9794
vn 0.0605 0.1927 -0.9794
vn 0.0933 0.1792 -0.9794
vn 0.1213 0.1614 -0.9794
vn 0.1427 0.1427 -0.9794
vn 0.1614 0.1213 -0.9794
vn 0.1790 0.0934 -0.9794
vn 0.1927 0.0605 -0.9794
vn 0.1995 0.0316 -0.9794
vn 0.2015 0.0132 -0.9794
vn 0.2019 -0.0000 -0.9794
vn 0.2015 -0.0132 -0.9794
vn 0.1995 -0.0316 -0.9794
vn 0.1927 -0.0605 -0.9794
vn 0.1792 -0.0933 -0.9794
vn 0.1614 -0.1213 -0.9794
vn 0.1427 -0.1427 -0.9794
vn 0.1213 -0.1614 -0.9794
vn 0.3270 -0.6265 -0.7075
vn 0.4247 -0.5649 -0.7075
vn 0.4998 -0.4998 -0.7074
vn 0.5649 -0.4247 -0.7075
vn 0.6265 -0.3270 -0.7075
vn 0.6743 -0.2118 -0.7075
vn 0.6982 -0.1106 -0.7073
vn 0.7054 -0.0462 -0.7073
vn 0.7069 -0.0000 -0.7073
vn 0.7828 -0.5885 -0.2022
vn 0.6925 -0.6925 -0.2022
vn 0.8682 -0.4532 -0.2021
vn 0.9343 -0.2935 -0.2021
vn 0.9673 -0.1532 -0.2021
vn 0.9772 -0.0641 -0.2023
vn 0.9793 -0.0000 -0.2023
vn 0.7054 0.0462 -0.7073
vn 0.9772 0.0640 -0.2023
vn 0.6982 0.1106 -0.7073
vn 0.9673 0.1532 -0.2023
vn 0.6743 0.2118 -0.7075
vn 0.9344 0.2935 -0.2021
vn 0.6265 0.3270 -0.7075
vn 0.5649 0.4247 -0.7075
vn 0.4997 0.4997 -0.7075
vn 0.4247 0.5649 -0.7075
vn 0.3270 0.6265 -0.7075
vn 0.2118 0.6743 -0.7075
vn 0.8682 0.4531 -0.2021
vn 0.7828 0.5885 -0.2022
vn 0.6925 0.6925 -0.2022
vn 0.5885 0.7828 -0.2022
vn 0.4532 0.8682 -0.2021
vn 0.2935 0.9343 -0.2021
vn 0.1106 0.6982 -0.7073
vn 0.1532 0.9673 -0.2021
vn 0.0462 0.7054 -0.7073
vn 0.0641 0.9772 -0.2023
vn -0.0000 0.7069 -0.7073
vn -0.0000 0.9793 -0.2022
vn -0.0462 0.7054 -0.7073
vn 0.0132 0.2015 -0.9794
vn -0.0000 0.2019 -0.9794
vn -0.0132 0.2015 -0.9794
vn -0.0316 0.1995 -0.9794
vn -0.1106 0.6982 -0.7073
vn -0.0605 0.1927 -0.9794
vn -0.2118 0.6743 -0.7075
vn -0.0934 0.1790 -0.9794
vn -0.3270 0.6265 -0.7075
vn -0.1213 0.1614 -0.9794
vn -0.4247 0.5649 -0.7075
vn -0.1427 0.1427 -0.9794
vn -0.4998 0.4998 -0.7074
vn -0.1614 0.1213 -0.9794
vn -0.0640 0.9772 -0.2022
vn -0.1532 0.9673 -0.2023
vn -0.2935 0.9344 -0.2021
vn -0.4531 0.8682 -0.2021
vn -0.5885 0.7828 -0.2022
vn -0.6925 0.6925 -0.2022
vn -0.5649 0.4247 -0.7075
vn -0.7828 0.5885 -0.2022
vn -0.6265 0.3270 -0.7075
vn -0.8682 0.4532 -0.2021
vn -0.6743 0.2118 -0.7075
vn -0.9343 0.2935 -0.2021
vn -0.6982 0.1106 -0.7073
vn -0.1791 0.0934 -0.9794
vn -0.1927 0.0605 -0.9794
vn -0.1995 0.0316 -0.9794
vn -0.2015 0.0132 -0.9794
vn -0.7054 0.0462 -0.7073
vn -0.2019 -0.0000 -0.9794
vn -0.7069 -0.0000 -0.7073
vn -0.2015 -0.0132 -0.9794
vn -0.7054 -0.0462 -0.7073
vn -0.1995 -0.0316 -0.9794
vn -0.6982 -0.1106 -0.7073
vn -0.1927 -0.0605 -0.9794
vn -0.6743 -0.2118 -0.7075
vn -0.1791 -0.0935 -0.9794
vn -0.9673 0.1532 -0.2021
vn -0.9772 0.0641 -0.2023
vn -0.9793 -0.0000 -0.2022
vn -0.9772 -0.0640 -0.2023
vn -0.9673 -0.1532 -0.2023
vn -0.9344 -0.2935 -0.2021
vn -0.6265 -0.3270 -0.7075
vn -0.8682 -0.4531 -0.2021
vn -0.5649 -0.4247 -0.7075
vn -0.7828 -0.5885 -0.2022
vn -0.4998 -0.4998 -0.7074
vn -0.1614 -0.1213 -0.9794
vn -0.1427 -0.1427 -0.9794
vn -0.1213 -0.1614 -0.9794
vn -0.0934 -0.1791 -0.9794
vn -0.0605 -0.1927 -0.9794
vn 0.9995 -0.0000 0.0327
vn 0.9995 -0.0001 -0.0327
vn 0.9995 -0.0000 -0.0327
vn 0.9995 0.0002 -0.0324
vn 1.0000 -0.0001 -0.0000
vn 0.9995 -0.0001 0.0329
vn 0.9995 -0.0000 0.0330
vn 0.9995 -0.0000 -0.0330
vn 0.5115 -0.5256 0.6798
vn -0.0000 -0.7207 -0.6933
vn -0.0000 -0.7207 -0.6932
vn 0.5242 -0.6758 -0.5182
vn -0.0004 0.7034 -0.7108
vn -0.0004 0.7033 -0.7109
vn 0.7108 0.7034 -0.0004
vn 0.7109 0.7033 -0.0004
vn 0.0004 0.7034 -0.7108
vn 0.0004 0.7033 -0.7109
vn 0.0004 0.7034 0.7108
vn 0.0004 0.7033 0.7109
vn -1.0000 0.0002 -0.0000
vn -0.9995 0.0001 -0.0303
vn -0.9995 -0.0015 -0.0308
vn -0.9995 -0.0012 -0.0309
vn -0.9995 -0.0000 -0.0303
vn -0.9995 -0.0011 0.0308
vn -0.9995 -0.0014 0.0310
vn -0.9995 -0.0012 0.0308
vn -0.9995 -0.0000 0.0303
vn 1.0000 0.0002 -0.0000
vn 0.9995 0.0005 -0.0330
vn 0.9994 0.0003 -0.0333
vn 0.9995 0.0002 0.0330
vn 0.9995 0.0004 0.0331
vn 0.0002 -0.0001 1.0000
vn -0.0293 -0.0001 0.9996
vn -0.0309 -0.0003 0.9995
vn -0.0308 -0.0005 0.9995
vn -0.0293 -0.0000 0.9996
vn 0.0311 -0.0004 0.9995
vn 0.0310 -0.0005 0.9995
vn 0.0308 -0.0003 0.9995
vn 0.0293 -0.0000 0.9996
vn -0.0327 -0.0000 -0.9995
vn 0.0327 -0.0000 -0.9995
vn -0.0000 0.0003 -1.0000
vn 0.0321 -0.0000 -0.9995
vn 0.0320 -0.0008 -0.9995
vn 0.0322 -0.0003 -0.9995
vn -0.0319 -0.0013 -0.9995
vn -0.0320 -0.0009 -0.9995
vn -0.0319 -0.0008 -0.9995
vn -0.0321 -0.0000 -0.9995
vn -0.0000 -0.0001 1.0000
vn 0.0326 -0.0001 0.9995
vn -0.0330 0.0002 0.9995
vn -0.9995 -0.0000 0.0330
vn -0.9995 0.0001 0.0328
vn -0.9995 -0.0002 -0.0324
vn -0.9995 -0.0000 -0.0327
vn -0.9995 -0.0000 0.0327
vn -0.9995 -0.0000 -0.0330
vn 0.5113 0.6800 0.5256
vn 0.0003 -0.0000 1.0000
vn 0.0001 -0.0002 1.0000
vn 0.0001 -0.0001 1.0000
vn 0.0003 0.0001 1.0000
vn 0.0003 -0.0001 1.0000
vn 0.0002 -0.0000 1.0000
vn 0.0002 -0.0002 1.0000
vn -0.0005 1.0000 -0.0001
vn -0.0006 1.0000 0.0001
vn 0.0003 1.0000 -0.0000
vn -0.0001 1.0000 0.0001
vn 0.7071 -0.0000 0.7071
vn -0.0000 0.0007 1.0000
vn -0.0001 0.0005 1.0000
vn -0.0000 -0.0002 1.0000
vn -0.0000 -0.0003 1.0000
vn -0.9999 -0.0000 0.0107
vn -0.0309 0.0004 0.9995
vn -0.0307 0.0002 0.9995
vn -0.0292 -0.0000 0.9996
vn -0.0308 0.0003 0.9995
vn 0.0309 0.0002 0.9995
vn 0.0309 0.0003 0.9995
vn 0.0308 0.0005 0.9995
vn 0.5145 0.5239 -0.6788
vn 0.9995 0.0013 -0.0309
vn 0.9995 0.0014 -0.0309
vn 0.9995 0.0015 -0.0308
vn 0.9995 0.0014 -0.0308
vn 0.9995 0.0015 0.0311
vn 0.9995 0.0013 0.0308
vn 0.9995 0.0012 0.0308
vn 0.9995 0.0013 0.0309
vn 0.9995 -0.0000 -0.0303
vn 0.9995 -0.0000 0.0303
vn -0.7136 -0.0002 0.7006
vn -0.7134 -0.0000 0.7008
vn 0.6972 -0.0000 0.7168
vn 0.6972 -0.0000 0.7169
vn 0.0321 0.0010 -0.9995
vn 0.0319 0.0008 -0.9995
vn -0.0320 0.0008 -0.9995
vn 0.0320 0.0009 -0.9995
vn -0.0320 0.0009 -0.9995
vn -0.0321 0.0006 -0.9995
vn -0.0322 0.0004 -0.9995
vn -0.0319 0.0010 -0.9995
vn 0.5112 -0.6800 0.5256
vn 1.0000 -0.0004 -0.0000
vn 1.0000 -0.0002 0.0001
vn 1.0000 -0.0002 -0.0000
vn 1.0000 -0.0003 -0.0001
vn 1.0000 -0.0003 -0.0000
vn 1.0000 -0.0003 0.0001
vn 1.0000 -0.0003 -0.0004
vn 1.0000 -0.0004 -0.0004
vn -0.0000 -0.7070 0.7072
vn 0.0015 1.0000 -0.0013
vn 0.0014 1.0000 -0.0016
vn 0.0015 1.0000 -0.0015
vn 0.0122 0.9999 -0.0015
vn -0.9995 0.0001 -0.0324
vn -1.0000 -0.0002 -0.0000
vn -0.9994 -0.0003 0.0333
vn -0.9995 -0.0005 0.0330
vn -0.9995 -0.0005 -0.0330
vn -0.6818 0.5148 0.5197
vn -0.0000 -1.0000 0.0001
vn 0.2015 -0.9794 0.0132
vn 0.7054 -0.7073 0.0462
vn 0.6985 -0.7069 0.1110
vn 0.1995 -0.9794 0.0316
vn 0.9772 -0.2023 -0.0640
vn 0.9793 -0.2023 -0.0000
vn 0.7054 -0.7073 -0.0462
vn 0.7069 -0.7073 -0.0000
vn 0.9772 -0.2023 0.0641
vn 0.9673 -0.2016 0.1536
vn 0.6750 -0.7066 0.2121
vn 0.1927 -0.9794 0.0605
vn 0.2019 -0.9794 -0.0000
vn 0.2015 -0.9794 -0.0132
vn 0.1995 -0.9794 -0.0316
vn 0.6982 -0.7073 -0.1106
vn 0.9346 -0.2010 0.2936
vn -0.1614 -0.9794 -0.1213
vn -0.1427 -0.9794 -0.1427
vn -0.1213 -0.9794 -0.1614
vn -0.0934 -0.9794 -0.1790
vn -0.0605 -0.9794 -0.1927
vn -0.0316 -0.9794 -0.1995
vn -0.0132 -0.9794 -0.2015
vn -0.0000 -0.9794 -0.2019
vn 0.0132 -0.9794 -0.2015
vn 0.0316 -0.9794 -0.1995
vn 0.0605 -0.9794 -0.1927
vn 0.0933 -0.9794 -0.1792
vn 0.1213 -0.9794 -0.1614
vn 0.1427 -0.9794 -0.1427
vn 0.1614 -0.9794 -0.1213
vn 0.1791 -0.9794 -0.0935
vn 0.1927 -0.9794 -0.0605
vn 0.6743 -0.7075 -0.2118
vn 0.6265 -0.7075 -0.3270
vn 0.5649 -0.7075 -0.4247
vn 0.4998 -0.7074 -0.4998
vn 0.4247 -0.7075 -0.5649
vn 0.3270 -0.7075 -0.6265
vn 0.2118 -0.7075 -0.6742
vn 0.1106 -0.7073 -0.6982
vn 0.0462 -0.7073 -0.7054
vn 0.1532 -0.2021 -0.9673
vn 0.2935 -0.2021 -0.9343
vn 0.4532 -0.2021 -0.8682
vn 0.5885 -0.2023 -0.7828
vn 0.6925 -0.2022 -0.6925
vn 0.7828 -0.2022 -0.5885
vn 0.8682 -0.2021 -0.4531
vn 0.9344 -0.2021 -0.2935
vn 0.9673 -0.2023 -0.1532
vn -0.7828 -0.2023 -0.5885
vn -0.6925 -0.2022 -0.6925
vn -0.5649 -0.7075 -0.4247
vn -0.4998 -0.7074 -0.4998
vn -0.5885 -0.2022 -0.7828
vn -0.4247 -0.7075 -0.5649
vn -0.4532 -0.2021 -0.8682
vn -0.3270 -0.7075 -0.6265
vn -0.2935 -0.2021 -0.9344
vn -0.2118 -0.7075 -0.6743
vn -0.1532 -0.2023 -0.9673
vn -0.1106 -0.7073 -0.6982
vn -0.0640 -0.2024 -0.9772
vn -0.0462 -0.7073 -0.7054
vn -0.0000 -0.2024 -0.9793
vn -0.0000 -0.7073 -0.7069
vn 0.0641 -0.2024 -0.9772
vn -0.1791 -0.9794 -0.0934
vn -0.0132 -0.9794 0.2015
vn -0.0000 -0.9794 0.2019
vn 0.0132 -0.9794 0.2015
vn 0.0316 -0.9794 0.1995
vn 0.0605 -0.9794 0.1927
vn 0.0934 -0.9794 0.1791
vn 0.1213 -0.9794 0.1614
vn 0.1427 -0.9794 0.1427
vn 0.1614 -0.9794 0.1213
vn 0.1790 -0.9794 0.0934
vn 0.6270 -0.7071 0.3269
vn 0.5649 -0.7075 0.4246
vn 0.4998 -0.7074 0.4998
vn 0.4246 -0.7075 0.5649
vn 0.3269 -0.7075 0.6266
vn 0.2118 -0.7075 0.6743
vn 0.1106 -0.7073 0.6982
vn 0.0462 -0.7073 0.7054
vn -0.0000 -0.7073 0.7069
vn -0.0462 -0.7073 0.7054
vn 0.8684 -0.2015 0.4530
vn 0.7828 -0.2022 0.5885
vn 0.6925 -0.2022 0.6925
vn 0.5885 -0.2023 0.7828
vn 0.4532 -0.2023 0.8682
vn 0.2935 -0.2021 0.9344
vn 0.1532 -0.2023 0.9673
vn 0.0640 -0.2024 0.9772
vn -0.1995 -0.9794 0.0316
vn -0.1927 -0.9794 0.0605
vn -0.6982 -0.7073 0.1106
vn -0.7054 -0.7073 0.0462
vn -0.2015 -0.9794 0.0132
vn -0.7069 -0.7073 -0.0000
vn -0.2019 -0.9794 -0.0000
vn -0.2015 -0.9794 -0.0132
vn -0.1790 -0.9794 0.0934
vn -0.1614 -0.9794 0.1213
vn -0.1427 -0.9794 0.1427
vn -0.1213 -0.9794 0.1614
vn -0.0934 -0.9794 0.1791
vn -0.0605 -0.9794 0.1927
vn -0.0316 -0.9794 0.1995
vn -0.1106 -0.7073 0.6982
vn -0.2118 -0.7075 0.6742
vn -0.3270 -0.7075 0.6265
vn -0.4247 -0.7075 0.5649
vn -0.4998 -0.7074 0.4998
vn -0.5649 -0.7075 0.4247
vn -0.6265 -0.7075 0.3270
vn -0.6743 -0.7075 0.2118
vn -0.0000 -0.2023 0.9793
vn -0.0641 -0.2023 0.9772
vn -0.1532 -0.2021 0.9673
vn -0.2935 -0.2021 0.9343
vn -0.4532 -0.2021 0.8682
vn -0.5885 -0.2023 0.7828
vn -0.6925 -0.2022 0.6925
vn -0.7828 -0.2022 0.5885
vn -0.8682 -0.2021 0.4531
vn -0.9344 -0.2021 0.2935
vn -0.9673 -0.2023 0.1532
vn -0.9772 -0.2023 0.0640
vn -0.9793 -0.2023 -0.0000
vn -0.7054 -0.7073 -0.0462
vn -0.1995 -0.9794 -0.0316
vn -0.1927 -0.9794 -0.0605
vn -0.6266 -0.7075 -0.3269
vn -0.9772 -0.2023 -0.0641
vn -0.8682 -0.2023 -0.4532
vn -0.9343 -0.2021 -0.2935
vn -0.6743 -0.7075 -0.2118
vn -0.6982 -0.7073 -0.1106
vn -0.9673 -0.2023 -0.1532
vn 0.0003 -0.0001 -1.0000
vn 0.0002 -0.0000 -1.0000
vn 0.0004 -0.0001 -1.0000
vn -0.5167 0.6827 0.5166
vn 0.0002 -0.0006 1.0000
vn 0.0003 -0.0004 1.0000
vn 0.0002 -0.0008 1.0000
vn 0.5569 -0.6472 0.5205
vn 0.5643 -0.6450 0.5153
vn 0.5495 -0.6494 0.5257
vn -0.0000 0.7071 0.7071
vn 0.7111 -0.0000 -0.7030
vn 0.7112 -0.0000 -0.7030
vn -0.7073 -0.7069 -0.0000
vn -0.7072 -0.7070 -0.0000
vn -0.5167 -0.6827 0.5166
vn -0.7105 0.7037 -0.0000
vn -0.0000 0.7176 -0.6965
vn -0.0000 0.7037 0.7105
vn 0.3026 0.8081 -0.5053
vn 0.3028 0.8081 -0.5052
vn 0.2777 0.8080 -0.5196
vn 0.3586 0.8081 -0.4673
vn 0.3585 0.8081 -0.4673
vn 0.4165 0.8081 -0.4165
vn 0.4673 0.8081 -0.3585
vn 0.5054 0.8081 -0.3025
vn 0.5052 0.8081 -0.3029
vn 0.5196 0.8080 -0.2777
vn 0.5053 0.8081 0.3026
vn 0.5052 0.8081 0.3028
vn 0.5196 0.8080 0.2777
vn 0.4675 0.8083 0.3580
vn 0.4673 0.8082 0.3584
vn 0.4164 0.8082 0.4164
vn 0.3585 0.8082 0.4673
vn 0.3584 0.8081 0.4674
vn 0.3026 0.8081 0.5053
vn 0.3029 0.8081 0.5052
vn 0.2777 0.8080 0.5196
vn -0.0002 -0.9994 0.0332
vn 0.0011 -0.9994 0.0335
vn 0.0016 -0.9994 0.0337
vn -0.0000 -0.9994 0.0332
vn 0.0015 -0.9994 -0.0336
vn 0.0016 -0.9994 -0.0332
vn 0.0010 -0.9994 -0.0337
vn 0.0014 -0.9994 -0.0334
vn 0.0015 -0.9994 -0.0335
vn -0.0000 -0.9994 -0.0332
vn -1.0000 -0.0049 0.0015
vn -1.0000 -0.0048 0.0015
vn -1.0000 -0.0047 0.0015
vn 0.7034 0.7108 -0.0004
vn 0.7034 0.7108 0.0004
vn 0.7033 0.7109 0.0004
vn 0.7034 0.0004 0.7108
vn 0.7034 -0.7108 0.0004
vn -1.0000 -0.0001 -0.0002
vn -1.0000 -0.0001 -0.0000
vn 0.5180 0.6467 0.5599
vn 0.5176 0.6465 0.5604
vn 0.5179 0.6466 0.5601
vn 0.5183 0.6468 0.5594
vn 0.6339 -0.5306 -0.5628
vn 0.6339 -0.5307 -0.5626
vn 0.6340 -0.5308 -0.5624
vn 0.6339 -0.5308 -0.5625
vn -1.0000 0.0004 0.0019
vn -1.0000 0.0005 0.0021
vn -1.0000 -0.0001 0.0019
vn -1.0000 -0.0004 0.0022
vn -1.0000 -0.0001 0.0021
vn -1.0000 0.0001 0.0021
vn -1.0000 -0.0000 0.0021
vn -1.0000 -0.0001 0.0020
vn -1.0000 0.0001 0.0022
vn -1.0000 -0.0002 0.0021
vn -1.0000 -0.0005 0.0017
vn 0.7135 -0.0002 0.7007
vn 0.7135 -0.0000 0.7006
vn -1.0000 -0.0011 -0.0002
vn -1.0000 -0.0009 -0.0003
vn -1.0000 -0.0013 -0.0000
vn -1.0000 -0.0012 0.0001
vn -1.0000 -0.0012 0.0002
vn -1.0000 -0.0011 0.0001
vn -1.0000 -0.0011 -0.0001
vn -1.0000 -0.0012 -0.0002
vn -1.0000 -0.0010 0.0002
vn -1.0000 -0.0015 -0.0000
vn -1.0000 -0.0011 -0.0004
vn -1.0000 -0.0010 0.0001
vn -1.0000 -0.0006 -0.0000
vn -1.0000 -0.0003 -0.0002
vn -1.0000 -0.0006 0.0001
vn -1.0000 -0.0005 -0.0001
vn -1.0000 -0.0005 0.0001
vn -1.0000 -0.0005 -0.0000
vn -1.0000 -0.0004 -0.0000
vn -1.0000 -0.0006 -0.0003
vn -1.0000 -0.0004 -0.0002
vn -1.0000 -0.0004 0.0001
vn -1.0000 -0.0000 -0.0014
vn -1.0000 0.0004 -0.0011
vn -1.0000 0.0002 -0.0013
vn -1.0000 -0.0001 -0.0015
vn -1.0000 -0.0002 -0.0015
vn -1.0000 -0.0001 -0.0014
vn -1.0000 0.0001 -0.0014
vn -1.0000 0.0003 -0.0015
vn -1.0000 -0.0000 -0.0012
vn -1.0000 -0.0002 -0.0013
vn -1.0000 -0.0004 -0.0013
vn -0.0004 -0.7034 0.7108
vn -0.0004 -0.7033 0.7109
vn -0.0004 -0.7034 -0.7108
vn -0.6339 0.5627 0.5306
vn -0.6339 0.5626 0.5307
vn -0.6338 0.5629 0.5305
vn -0.0004 -0.7108 -0.7034
vn -0.0004 -0.7109 -0.7033
vn 0.7108 -0.0004 -0.7034
vn 0.7109 -0.0004 -0.7033
vn 0.0004 -0.7108 -0.7034
vn 0.0004 0.7109 -0.7033
vn 0.0004 0.7108 -0.7034
vn 0.9994 0.0332 0.0002
vn 0.9994 0.0335 -0.0011
vn 0.9994 0.0334 -0.0008
vn 0.9994 -0.0336 -0.0014
vn 0.9994 -0.0335 -0.0013
vn 0.9994 -0.0334 -0.0013
vn -0.7108 -0.0004 -0.7034
vn -0.7109 -0.0004 -0.7033
vn -0.7108 0.0004 -0.7034
vn -0.7109 0.0004 -0.7033
vn -0.0004 0.7108 -0.7034
vn 0.7108 0.0004 -0.7034
vn -0.0000 -0.7134 -0.7008
vn -0.0000 0.7134 -0.7008
vn 0.7134 -0.0000 -0.7008
vn -0.7134 -0.0000 -0.7008
vn -0.5614 -0.6616 -0.4971
vn -0.5575 -0.6627 -0.5000
vn -0.5616 -0.6616 -0.4969
vn -0.5656 -0.6604 -0.4939
vn 0.6974 -0.7167 -0.0000
vn -1.0000 -0.0015 -0.0059
vn -1.0000 -0.0015 -0.0057
vn -1.0000 -0.0015 -0.0058
vn -1.0000 -0.0081 -0.0026
vn 1.0000 -0.0000 -0.0001
vn 0.6574 0.5567 0.5079
vn 0.6575 0.5563 0.5082
vn 0.0119 0.9999 0.0014
vn 0.0123 0.9999 0.0013
vn 0.0115 0.9999 0.0015
vn 0.0129 0.9999 0.0013
vn -0.0001 0.0022 -1.0000
vn -0.0005 0.0019 -1.0000
vn -0.0003 0.0022 -1.0000
vn 0.0001 0.0023 -1.0000
vn 0.0005 0.0024 -1.0000
vn 0.0001 0.0022 -1.0000
vn -0.0001 0.0021 -1.0000
vn -0.0005 0.0024 -1.0000
vn 0.0004 0.0020 -1.0000
vn 0.0003 0.0020 -1.0000
vn 0.6575 -0.5563 -0.5082
vn 0.6574 -0.5567 -0.5079
vn 0.6575 -0.5564 -0.5081
vn -0.6339 -0.5627 -0.5306
vn -0.6339 -0.5626 -0.5307
vn -0.6339 -0.5626 -0.5308
vn -0.0010 0.0049 -1.0000
vn -0.0009 0.0050 -1.0000
vn -0.0002 0.0052 -1.0000
vn 0.0002 0.0055 -1.0000
vn 0.0009 0.0057 -1.0000
vn -0.0000 0.0054 -1.0000
vn -0.0009 0.0057 -1.0000
vn 0.0005 0.0049 -1.0000
vn 0.0009 0.0049 -1.0000
vn 0.6973 -0.7168 -0.0000
vn 0.0003 -0.0000 -1.0000
vn 0.0001 0.0001 -1.0000
vn 0.0003 0.0001 -1.0000
vn 0.0003 -0.0003 -1.0000
vn 0.5569 0.6472 -0.5205
vn 0.5643 0.6450 -0.5153
vn 0.5495 0.6494 -0.5257
vn 0.5667 -0.5825 0.5827
vn -0.0000 -0.7071 0.7071
vn 0.5051 -0.3031 0.8081
vn 0.5052 -0.3028 0.8081
vn 0.5196 -0.2778 0.8080
vn 0.4673 -0.3586 0.8081
vn 0.4165 -0.4165 0.8081
vn 0.3586 -0.4673 0.8081
vn 0.3030 -0.5051 0.8081
vn 0.3029 -0.5052 0.8081
vn 0.2777 -0.5196 0.8080
vn -0.0007 -0.0002 1.0000
vn -0.0001 -0.0001 1.0000
vn 0.0002 0.0001 1.0000
vn -0.0006 -0.0002 1.0000
vn -0.0003 -1.0000 -0.0000
vn 0.0006 -1.0000 0.0002
vn -0.0003 -1.0000 -0.0002
vn 0.0005 -1.0000 0.0003
vn 0.0766 -0.8095 -0.5820
vn 0.1144 -0.8100 -0.5752
vn 0.0765 -0.8095 -0.5821
vn 0.0384 -0.8079 -0.5881
vn -0.0000 -0.8085 -0.5885
vn -0.0000 -0.8085 -0.5886
vn -0.0385 -0.8079 -0.5881
vn -0.0765 -0.8095 -0.5821
vn -0.1144 -0.8100 -0.5752
vn -0.0000 -1.0000 0.0006
vn -0.0003 -1.0000 0.0008
vn -0.0001 -1.0000 0.0006
vn -0.0001 -1.0000 0.0005
vn 0.0001 -1.0000 0.0005
vn -0.0002 -1.0000 0.0004
vn -0.0000 -1.0000 0.0004
vn -0.0001 -1.0000 0.0004
vn -0.0000 -0.7071 -0.7071
vn -0.5199 0.5149 0.6816
vn -1.0000 -0.0048 -0.0015
vn -1.0000 -0.0049 -0.0015
vn -0.0004 -1.0000 0.0001
vn -0.0001 -1.0000 0.0003
vn -0.0003 -1.0000 0.0001
vn -0.0005 -1.0000 -0.0001
vn -0.0005 -1.0000 -0.0000
vn -0.0004 -1.0000 -0.0000
vn -0.0005 -1.0000 0.0001
vn -0.0004 -1.0000 0.0004
vn -0.0004 -1.0000 -0.0001
vn 0.9994 -0.0002 0.0332
vn 0.9994 0.0011 0.0335
vn 0.9994 0.0008 0.0333
vn 0.9995 -0.0000 0.0332
vn 0.9994 0.0015 -0.0336
vn 0.9994 0.0016 -0.0332
vn 0.9994 0.0010 -0.0337
vn 0.9995 -0.0000 -0.0332
vn -0.7108 0.7034 -0.0004
vn -0.7108 0.7034 0.0004
vn -0.7109 0.7033 0.0004
vn -0.0004 0.7034 0.7108
vn 0.7108 0.7034 0.0004
vn -0.0000 0.7008 -0.7134
vn -0.0000 0.7008 0.7134
vn 0.7136 0.7006 -0.0002
vn 0.7134 0.7007 -0.0001
vn -0.7135 0.7007 -0.0002
vn -0.7135 0.7006 -0.0001
vn -0.0003 1.0000 0.0001
vn 0.0006 1.0000 -0.0002
vn -0.0000 1.0000 -0.0001
vn 0.0006 1.0000 -0.0003
vn 0.7134 0.7008 -0.0000
vn -0.5615 0.4970 -0.6616
vn -0.5575 0.5001 -0.6627
vn -0.5616 0.4969 -0.6616
vn -0.5656 0.4939 -0.6604
vn -0.3030 -0.8081 -0.5051
vn -0.3028 -0.8081 -0.5052
vn -0.2777 -0.8080 -0.5196
vn -0.3586 -0.8081 -0.4673
vn -0.3585 -0.8081 -0.4673
vn -0.4165 -0.8081 -0.4165
vn -0.4673 -0.8081 -0.3585
vn -0.5051 -0.8081 -0.3030
vn -0.5052 -0.8081 -0.3029
vn -0.5196 -0.8080 -0.2777
vn -0.5054 -0.8081 0.3025
vn -0.5052 -0.8081 0.3028
vn -0.5196 -0.8080 0.2777
vn -0.4673 -0.8081 0.3585
vn -0.4165 -0.8081 0.4165
vn -0.3586 -0.8081 0.4673
vn -0.3028 -0.8081 0.5053
vn -0.3029 -0.8081 0.5052
vn -0.2777 -0.8080 0.5196
vn -0.9999 0.0106 -0.0000
vn -0.9999 0.0110 -0.0001
vn -0.9999 0.0109 -0.0001
vn -0.7134 0.7008 -0.0000
vn 0.1144 0.5752 -0.8099
vn 0.0765 0.5821 -0.8095
vn 0.0766 0.5821 -0.8095
vn 0.0384 0.5881 -0.8079
vn -0.0000 0.5885 -0.8085
vn -0.0000 0.5886 -0.8084
vn -0.0384 0.5881 -0.8079
vn -0.0765 0.5821 -0.8095
vn -0.0765 0.5822 -0.8095
vn -0.1144 0.5752 -0.8099
vn -0.0006 -1.0000 0.0005
vn 0.0003 -1.0000 0.0004
vn 1.0000 0.0001 0.0001
vn 1.0000 -0.0002 0.0002
vn 0.0002 1.0000 -0.0052
vn 0.0010 1.0000 -0.0048
vn 0.0008 1.0000 -0.0050
vn -0.0002 1.0000 -0.0054
vn -0.0006 1.0000 -0.0055
vn -0.0000 1.0000 -0.0054
vn 0.0006 1.0000 -0.0055
vn 0.0001 1.0000 -0.0054
vn -0.0006 1.0000 -0.0048
vn -0.0009 1.0000 -0.0049
vn -0.0000 1.0000 -0.0011
vn -0.0002 1.0000 -0.0011
vn 0.0002 1.0000 -0.0012
vn 0.0003 1.0000 -0.0013
vn 0.0001 1.0000 -0.0012
vn -0.0001 1.0000 -0.0012
vn -0.0003 1.0000 -0.0013
vn -0.0000 1.0000 -0.0014
vn -0.0002 1.0000 -0.0014
vn 0.0003 1.0000 -0.0010
vn -0.5295 0.6786 -0.5090
vn 0.6574 0.5080 -0.5566
vn 0.6575 0.5082 -0.5563
vn -0.6339 0.5306 -0.5627
vn -0.6339 0.5307 -0.5626
vn -0.6339 0.5307 -0.5625
vn 0.5051 -0.8081 -0.3030
vn 0.5052 -0.8081 -0.3028
vn 0.5196 -0.8080 -0.2777
vn 0.4673 -0.8081 -0.3585
vn 0.4165 -0.8081 -0.4165
vn 0.3586 -0.8081 -0.4673
vn 0.3030 -0.8081 -0.5051
vn 0.3029 -0.8081 -0.5052
vn 0.2777 -0.8080 -0.5196
vn 0.3030 -0.8081 0.5051
vn 0.3028 -0.8081 0.5052
vn 0.2777 -0.8080 0.5196
vn 0.3586 -0.8081 0.4673
vn 0.3585 -0.8081 0.4673
vn 0.4165 -0.8081 0.4165
vn 0.4673 -0.8081 0.3585
vn 0.5051 -0.8081 0.3030
vn 0.5052 -0.8081 0.3029
vn 0.5196 -0.8080 0.2777
vn -0.0043 1.0000 0.0001
vn -0.0038 1.0000 -0.0008
vn -0.0042 1.0000 0.0002
vn -0.0042 1.0000 0.0003
vn -0.0042 1.0000 -0.0003
vn -0.0042 1.0000 -0.0002
vn -0.0039 1.0000 0.0008
vn -0.0039 1.0000 0.0007
vn 0.5568 0.5206 0.6472
vn 0.5643 0.5153 0.6450
vn 0.5568 0.5206 0.6473
vn 0.5495 0.5257 0.6494
vn 1.0000 -0.0059 -0.0000
vn 1.0000 -0.0053 0.0011
vn 1.0000 -0.0055 0.0010
vn 1.0000 -0.0059 -0.0001
vn 1.0000 -0.0061 -0.0007
vn 1.0000 -0.0059 -0.0004
vn 1.0000 -0.0061 0.0007
vn 1.0000 -0.0061 -0.0003
vn 1.0000 -0.0059 0.0001
vn 1.0000 -0.0059 0.0002
vn 1.0000 -0.0053 -0.0007
vn 1.0000 -0.0054 -0.0010
vn 1.0000 -0.0002 -0.0046
vn 1.0000 -0.0008 -0.0043
vn 1.0000 -0.0008 -0.0044
vn 1.0000 0.0001 -0.0048
vn 1.0000 0.0003 -0.0047
vn 1.0000 -0.0000 -0.0047
vn 1.0000 -0.0003 -0.0047
vn 1.0000 -0.0001 -0.0047
vn 1.0000 0.0009 -0.0043
vn 1.0000 0.0008 -0.0043
vn 0.0003 -1.0000 -0.0001
vn 0.0003 -1.0000 -0.0000
vn 0.0003 -1.0000 0.0001
vn 0.0001 -1.0000 -0.0001
vn 0.5880 -0.8052 -0.0771
vn 0.5811 -0.8056 -0.1156
vn 0.5880 -0.8052 -0.0770
vn 0.5940 -0.8036 -0.0384
vn 0.5944 -0.8042 -0.0000
vn 0.5880 -0.8052 0.0771
vn 0.5940 -0.8036 0.0384
vn 0.5811 -0.8056 0.1156
vn 0.7008 -0.0000 0.7133
vn -0.0002 0.0007 1.0000
vn -0.0003 0.0004 1.0000
vn -0.0002 0.0006 1.0000
vn 0.0001 0.0006 1.0000
vn 0.0004 0.0002 1.0000
vn 0.0002 0.0004 1.0000
vn -0.0003 0.0009 1.0000
vn -0.0001 0.0006 1.0000
vn -0.0000 0.0006 1.0000
vn -0.0000 0.0005 1.0000
vn 0.0003 0.0006 1.0000
vn 0.0001 0.0005 1.0000
vn -0.1144 -0.5752 -0.8099
vn -0.0765 -0.5821 -0.8095
vn -0.0384 -0.5881 -0.8079
vn -0.0000 -0.5885 -0.8085
vn -0.0000 -0.5886 -0.8084
vn 0.0385 -0.5881 -0.8079
vn 0.0765 -0.5821 -0.8095
vn 0.0765 -0.5822 -0.8095
vn 0.1144 -0.5752 -0.8099
vn 0.5811 -0.1156 -0.8056
vn 0.5880 -0.0771 -0.8052
vn 0.5940 -0.0387 -0.8035
vn 0.5945 0.0001 -0.8041
vn 0.5945 -0.0000 -0.8041
vn 0.5940 0.0386 -0.8035
vn 0.5880 0.0773 -0.8052
vn 0.5881 0.0772 -0.8051
vn 0.5811 0.1156 -0.8056
vn -0.4969 -0.5613 0.6619
vn -0.4968 -0.5614 0.6618
vn -0.4998 -0.5574 0.6629
vn -0.4938 -0.5654 0.6607
vn -0.5774 -0.5772 0.5774
vn 1.0000 0.0015 0.0048
vn 1.0000 0.0015 0.0047
vn 1.0000 -0.0029 0.0082
vn -0.5169 -0.5166 -0.6825
vn -0.1564 -0.0000 -0.9877
vn -0.2997 -0.0000 -0.9540
vn -0.2935 0.2018 -0.9344
vn -0.1532 0.2020 -0.9673
vn -0.0654 -0.0000 -0.9979
vn -0.0641 0.2021 -0.9773
vn -0.0000 0.2021 -0.9794
vn -0.9794 0.2021 -0.0000
vn -0.9979 -0.0000 -0.0654
vn -0.9773 0.2019 -0.0640
vn -0.9877 -0.0000 -0.1564
vn -0.9673 0.2020 -0.1532
vn -0.9540 -0.0000 -0.2997
vn -0.9344 0.2018 -0.2935
vn -0.8865 -0.0000 -0.4627
vn -0.8682 0.2020 -0.4532
vn -0.7993 -0.0000 -0.6009
vn -0.7828 0.2021 -0.5885
vn -0.6925 0.2021 -0.6925
vn -0.6010 -0.0000 -0.7993
vn -0.5885 0.2021 -0.7828
vn -0.4627 -0.0000 -0.8865
vn -0.4532 0.2018 -0.8683
vn -0.4627 -0.0000 0.8865
vn -0.2997 -0.0000 0.9540
vn -0.2935 0.2018 0.9344
vn -0.4532 0.2020 0.8682
vn -0.6010 -0.0000 0.7993
vn -0.5886 0.2021 0.7828
vn -0.6925 0.2021 0.6925
vn -0.7828 0.2021 0.5885
vn -0.7993 -0.0000 0.6009
vn -0.8682 0.2020 0.4532
vn -0.8865 -0.0000 0.4627
vn -0.9344 0.2018 0.2935
vn -0.9540 -0.0000 0.2997
vn -0.9673 0.2020 0.1532
vn -0.9877 -0.0000 0.1564
vn -0.9979 -0.0000 0.0654
vn -0.9773 0.2021 0.0640
vn 0.6010 -0.0000 0.7993
vn 0.6925 0.2021 0.6925
vn 0.5885 0.2021 0.7828
vn 0.4627 -0.0000 0.8865
vn 0.4532 0.2018 0.8682
vn 0.2997 -0.0000 0.9540
vn 0.2935 0.2018 0.9344
vn 0.1564 -0.0000 0.9877
vn 0.1532 0.2020 0.9673
vn 0.0654 -0.0000 0.9979
vn 0.0641 0.2021 0.9773
vn -0.0000 0.2021 0.9794
vn -0.0654 -0.0000 0.9979
vn -0.0640 0.2019 0.9773
vn -0.1564 -0.0000 0.9877
vn -0.1532 0.2020 0.9673
vn 0.9877 -0.0000 -0.1564
vn 0.9540 -0.0000 -0.2997
vn 0.9344 0.2018 -0.2935
vn 0.9673 0.2020 -0.1532
vn 0.9979 -0.0000 -0.0654
vn 0.9773 0.2021 -0.0640
vn 0.9794 0.2021 -0.0000
vn 0.9979 -0.0000 0.0654
vn 0.9773 0.2019 0.0640
vn 0.9877 -0.0000 0.1564
vn 0.9673 0.2020 0.1532
vn 0.9540 -0.0000 0.2997
vn 0.9344 0.2018 0.2935
vn 0.8865 -0.0000 0.4627
vn 0.8682 0.2020 0.4532
vn 0.7993 -0.0000 0.6009
vn 0.7828 0.2021 0.5885
vn 0.0654 -0.0000 -0.9979
vn 0.0640 0.2019 -0.9773
vn 0.1564 -0.0000 -0.9877
vn 0.1532 0.2020 -0.9673
vn 0.2997 -0.0000 -0.9540
vn 0.2935 0.2018 -0.9344
vn 0.4627 -0.0000 -0.8865
vn 0.4532 0.2020 -0.8682
vn 0.6010 -0.0000 -0.7993
vn 0.5885 0.2021 -0.7828
vn 0.7071 -0.0000 -0.7071
vn 0.6925 0.2021 -0.6925
vn 0.7993 -0.0000 -0.6009
vn 0.7828 0.2021 -0.5885
vn 0.8865 -0.0000 -0.4627
vn 0.8682 0.2018 -0.4532
vn 0.6778 0.5276 -0.5121
vn -0.6786 -0.5294 -0.5092
vn -0.0044 1.0000 -0.0003
vn -0.0040 1.0000 -0.0008
vn -0.0041 1.0000 -0.0008
vn -0.0045 1.0000 0.0001
vn -0.0045 1.0000 0.0004
vn -0.0045 1.0000 0.0003
vn -0.0045 1.0000 -0.0000
vn -0.0045 1.0000 -0.0003
vn -0.0045 1.0000 -0.0004
vn -0.0039 1.0000 -0.0000
vn -0.0043 1.0000 -0.0000
vn -0.0041 1.0000 0.0008
vn -0.0040 1.0000 0.0002
vn -0.3026 0.8081 0.5053
vn -0.3028 0.8081 0.5052
vn -0.2777 0.8080 0.5196
vn -0.3586 0.8081 0.4673
vn -0.3585 0.8081 0.4673
vn -0.4165 0.8081 0.4165
vn -0.4673 0.8081 0.3585
vn -0.5051 0.8081 0.3030
vn -0.5052 0.8081 0.3029
vn -0.5196 0.8080 0.2777
vn -0.5866 0.5811 -0.5641
vn -0.0000 0.1564 -0.9877
vn -0.0000 0.2997 -0.9540
vn 0.2018 0.2935 -0.9344
vn 0.2020 0.1532 -0.9673
vn -0.0000 0.0654 -0.9979
vn 0.2021 0.0641 -0.9773
vn 0.2021 -0.0000 -0.9794
vn 0.2020 0.9794 -0.0000
vn -0.0000 0.9979 -0.0654
vn 0.2019 0.9773 -0.0640
vn -0.0000 0.9877 -0.1564
vn 0.2020 0.9673 -0.1532
vn -0.0000 0.9540 -0.2997
vn 0.2018 0.9344 -0.2935
vn -0.0000 0.8865 -0.4627
vn 0.2020 0.8682 -0.4532
vn -0.0000 0.7993 -0.6009
vn 0.2021 0.7828 -0.5885
vn 0.2021 0.6925 -0.6925
vn -0.0000 0.6010 -0.7993
vn 0.2021 0.5885 -0.7828
vn -0.0000 0.4627 -0.8865
vn 0.2018 0.4532 -0.8682
vn -0.0000 0.4627 0.8865
vn -0.0000 0.2997 0.9540
vn 0.2018 0.2935 0.9344
vn 0.2020 0.4533 0.8682
vn -0.0000 0.6010 0.7993
vn 0.2021 0.5885 0.7828
vn 0.2021 0.6925 0.6925
vn 0.2021 0.7828 0.5885
vn -0.0000 0.7993 0.6009
vn 0.2020 0.8682 0.4532
vn -0.0000 0.8865 0.4627
vn 0.2018 0.9344 0.2935
vn -0.0000 0.9540 0.2997
vn 0.2020 0.9673 0.1532
vn -0.0000 0.9877 0.1564
vn -0.0000 0.9979 0.0654
vn 0.2021 0.9773 0.0640
vn -0.0000 -0.6010 0.7993
vn 0.2021 -0.6925 0.6925
vn 0.2021 -0.5885 0.7828
vn -0.0000 -0.4627 0.8865
vn 0.2018 -0.4532 0.8682
vn -0.0000 -0.2997 0.9540
vn 0.2018 -0.2935 0.9344
vn -0.0000 -0.1564 0.9877
vn 0.2020 -0.1532 0.9673
vn -0.0000 -0.0654 0.9979
vn 0.2021 -0.0641 0.9773
vn 0.2021 -0.0000 0.9794
vn -0.0000 0.0654 0.9979
vn 0.2019 0.0640 0.9773
vn -0.0000 0.1564 0.9877
vn 0.2020 0.1532 0.9673
vn -0.0000 -0.9877 -0.1564
vn -0.0000 -0.9540 -0.2997
vn 0.2018 -0.9344 -0.2935
vn 0.2020 -0.9673 -0.1532
vn -0.0000 -0.9979 -0.0654
vn 0.2021 -0.9773 -0.0641
vn 0.2020 -0.9794 -0.0000
vn -0.0000 -0.9979 0.0654
vn 0.2019 -0.9773 0.0641
vn -0.0000 -0.9877 0.1564
vn 0.2020 -0.9673 0.1532
vn -0.0000 -0.9540 0.2997
vn 0.2018 -0.9344 0.2935
vn -0.0000 -0.8865 0.4627
vn 0.2020 -0.8682 0.4532
vn -0.0000 -0.7993 0.6009
vn 0.2021 -0.7828 0.5885
vn -0.0000 -0.0654 -0.9979
vn 0.2019 -0.0640 -0.9773
vn -0.0000 -0.1564 -0.9877
vn 0.2020 -0.1532 -0.9673
vn -0.0000 -0.2997 -0.9540
vn 0.2018 -0.2935 -0.9344
vn -0.0000 -0.4627 -0.8865
vn 0.2020 -0.4532 -0.8682
vn -0.0000 -0.6010 -0.7993
vn 0.2021 -0.5885 -0.7828
vn 0.2021 -0.6926 -0.6925
vn -0.0000 -0.7993 -0.6009
vn 0.2021 -0.7828 -0.5885
vn -0.0000 -0.8865 -0.4627
vn 0.2018 -0.8683 -0.4532
vn -0.6778 0.5276 -0.5121
vn 0.0025 0.0002 -1.0000
vn 0.0023 0.0005 -1.0000
vn 0.0025 0.0003 -1.0000
vn 0.0027 -0.0002 -1.0000
vn 0.0028 -0.0005 -1.0000
vn 0.0026 -0.0002 -1.0000
vn 0.0027 0.0004 -1.0000
vn 0.0024 0.0001 -1.0000
vn 0.0024 -0.0005 -1.0000
vn 0.0023 -0.0004 -1.0000
vn -0.7073 -0.7054 0.0462
vn -0.2022 -0.9772 0.0641
vn -0.2021 -0.9673 0.1532
vn -0.7073 -0.6982 0.1106
vn -0.9794 -0.2015 0.0132
vn -0.9794 -0.1995 0.0316
vn -0.7075 -0.6743 0.2118
vn -0.2021 -0.9343 0.2935
vn -0.2021 -0.8682 0.4532
vn -0.9794 -0.2019 -0.0000
vn -0.9794 -0.1927 0.0605
vn -0.7075 -0.6265 0.3270
vn -0.2022 -0.7828 0.5885
vn -0.7075 -0.5649 0.4247
vn -0.2022 -0.6925 0.6925
vn -0.7074 -0.4998 0.4998
vn -0.2022 -0.5885 0.7828
vn -0.7075 -0.4247 0.5649
vn -0.2021 -0.4531 0.8682
vn -0.7075 -0.3270 0.6265
vn -0.2021 -0.2935 0.9344
vn -0.9794 -0.1213 -0.1614
vn -0.9794 -0.1427 -0.1427
vn -0.9794 -0.1614 -0.1213
vn -0.9794 -0.1790 -0.0934
vn -0.9794 -0.1927 -0.0605
vn -0.9794 -0.1995 -0.0316
vn -0.9794 -0.2015 -0.0132
vn -0.9794 0.2019 -0.0000
vn -0.9794 0.2015 0.0132
vn -0.9794 0.2015 -0.0132
vn -0.9794 0.1995 -0.0316
vn -0.9794 0.1927 -0.0605
vn -0.9794 0.1792 -0.0933
vn -0.9794 0.1614 -0.1213
vn -0.9794 0.1427 -0.1427
vn -0.9794 0.1213 -0.1614
vn -0.9794 0.0934 -0.1790
vn -0.9794 0.0605 -0.1927
vn -0.9794 0.0316 -0.1995
vn -0.9794 0.0132 -0.2015
vn -0.9794 -0.0000 -0.2019
vn -0.9794 -0.0132 -0.2015
vn -0.9794 -0.0316 -0.1995
vn -0.9794 -0.0605 -0.1927
vn -0.9794 -0.0933 -0.1792
vn -0.7073 -0.1106 -0.6982
vn -0.7075 -0.2118 -0.6743
vn -0.7073 -0.0462 -0.7054
vn -0.7073 -0.0000 -0.7069
vn -0.7073 0.0462 -0.7054
vn -0.7073 0.1106 -0.6982
vn -0.7075 0.2118 -0.6743
vn -0.7075 0.3270 -0.6265
vn -0.7075 0.4247 -0.5649
vn -0.7075 0.4997 -0.4997
vn -0.9794 -0.1427 0.1427
vn -0.9794 -0.1614 0.1213
vn -0.9794 -0.1213 0.1614
vn -0.9794 -0.0934 0.1790
vn -0.9794 -0.0605 0.1927
vn -0.9794 -0.0316 0.1995
vn -0.9794 -0.0132 0.2015
vn -0.9794 -0.0000 0.2019
vn -0.9794 0.0132 0.2014
vn -0.9794 0.0316 0.1995
vn -0.9794 0.0605 0.1927
vn -0.9794 0.0933 0.1792
vn -0.9794 0.1213 0.1614
vn -0.9794 0.1427 0.1427
vn -0.9794 0.1614 0.1213
vn -0.9794 0.1790 0.0934
vn -0.9794 0.1927 0.0605
vn -0.9794 0.1995 0.0316
vn -0.7075 0.6265 0.3270
vn -0.7075 0.6743 0.2118
vn -0.7075 0.5649 0.4247
vn -0.7074 0.4998 0.4998
vn -0.7075 0.4247 0.5649
vn -0.7075 0.3270 0.6265
vn -0.7075 0.2118 0.6743
vn -0.7073 0.1106 0.6982
vn -0.7073 0.0462 0.7054
vn -0.7073 -0.0000 0.7069
vn -0.7075 -0.2118 0.6743
vn -0.2023 -0.1532 0.9673
vn -0.7073 -0.1106 0.6982
vn -0.2023 -0.0640 0.9772
vn -0.7073 -0.0462 0.7054
vn -0.2023 -0.0000 0.9793
vn -0.2023 0.0641 0.9772
vn -0.2021 0.1532 0.9673
vn -0.2021 0.2935 0.9343
vn -0.2021 0.4532 0.8682
vn -0.2022 0.5885 0.7828
vn -0.2022 0.6925 0.6925
vn -0.9794 -0.1791 0.0934
vn -0.2022 0.7828 0.5885
vn -0.2021 0.8682 0.4531
vn -0.2021 0.9344 0.2935
vn -0.2022 0.9673 0.1532
vn -0.7073 0.6982 0.1106
vn -0.2022 0.9772 0.0640
vn -0.7073 0.7054 0.0462
vn -0.2023 0.9793 -0.0000
vn -0.7073 0.7069 -0.0000
vn -0.2022 0.9772 -0.0641
vn -0.7073 0.7054 -0.0462
vn -0.2021 0.9673 -0.1532
vn -0.7073 0.6982 -0.1106
vn -0.2021 0.9343 -0.2935
vn -0.7075 0.5649 -0.4247
vn -0.7075 0.6265 -0.3270
vn -0.7075 0.6743 -0.2118
vn -0.2021 0.8682 -0.4532
vn -0.2022 0.7828 -0.5885
vn -0.2022 0.6925 -0.6925
vn -0.2022 0.5885 -0.7828
vn -0.2021 0.4531 -0.8682
vn -0.2021 0.2935 -0.9344
vn -0.2023 0.1532 -0.9673
vn -0.2023 0.0640 -0.9772
vn -0.2023 -0.0000 -0.9793
vn -0.2023 -0.0641 -0.9772
vn -0.2021 -0.1532 -0.9673
vn -0.2021 -0.2935 -0.9343
vn -0.2021 -0.4532 -0.8682
vn -0.7075 -0.3270 -0.6265
vn -0.2022 -0.5885 -0.7828
vn -0.7075 -0.4247 -0.5649
vn -0.2022 -0.6925 -0.6925
vn -0.7075 -0.4997 -0.4997
vn -0.2022 -0.7828 -0.5885
vn -0.7075 -0.5649 -0.4247
vn -0.2021 -0.8682 -0.4531
vn -0.7075 -0.6265 -0.3270
vn -0.2021 -0.9344 -0.2935
vn -0.7073 -0.7054 -0.0462
vn -0.7073 -0.6982 -0.1106
vn -0.7075 -0.6743 -0.2118
vn -0.2023 -0.9673 -0.1532
vn -0.2022 -0.9772 -0.0640
vn -0.2023 -0.9793 -0.0000
vn -0.0041 -0.0003 1.0000
vn -0.0034 0.0007 1.0000
vn -0.0036 0.0006 1.0000
vn -0.0038 -0.0001 1.0000
vn -0.0039 -0.0003 1.0000
vn -0.0038 -0.0000 1.0000
vn -0.0039 0.0003 1.0000
vn -0.0038 0.0001 1.0000
vn -0.0035 -0.0007 1.0000
vn -0.0035 -0.0006 1.0000
vn -0.2935 0.9344 0.2018
vn -0.1532 0.9673 0.2019
vn -0.0640 0.9773 0.2020
vn -0.0000 0.9794 0.2021
vn -0.9794 -0.0000 0.2020
vn -0.9773 0.0640 0.2019
vn -0.9673 0.1532 0.2020
vn -0.9344 0.2935 0.2018
vn -0.8682 0.4532 0.2020
vn -0.7829 0.5885 0.2021
vn -0.6926 0.6925 0.2020
vn -0.5885 0.7828 0.2021
vn -0.4532 0.8682 0.2018
vn -0.2935 -0.9344 0.2018
vn -0.4532 -0.8682 0.2020
vn -0.5885 -0.7829 0.2021
vn -0.6925 -0.6926 0.2021
vn -0.7828 -0.5885 0.2021
vn -0.8682 -0.4532 0.2020
vn -0.9344 -0.2935 0.2018
vn -0.9673 -0.1532 0.2020
vn -0.9773 -0.0641 0.2021
vn 0.6925 -0.6925 0.2020
vn 0.5885 -0.7828 0.2021
vn 0.4532 -0.8682 0.2018
vn 0.2935 -0.9344 0.2018
vn 0.1532 -0.9673 0.2019
vn 0.0641 -0.9773 0.2020
vn -0.0000 -0.9794 0.2020
vn -0.0640 -0.9773 0.2019
vn -0.1532 -0.9673 0.2020
vn 0.9344 0.2935 0.2018
vn 0.9673 0.1532 0.2020
vn 0.9773 0.0641 0.2021
vn 0.9794 -0.0000 0.2020
vn 0.9773 -0.0640 0.2019
vn 0.9673 -0.1532 0.2020
vn 0.9344 -0.2935 0.2018
vn 0.8682 -0.4532 0.2020
vn 0.7828 -0.5885 0.2021
vn 0.0640 0.9773 0.2019
vn 0.1532 0.9673 0.2020
vn 0.2935 0.9344 0.2018
vn 0.4532 0.8682 0.2020
vn 0.5885 0.7829 0.2021
vn 0.6925 0.6926 0.2020
vn 0.7828 0.5885 0.2021
vn 0.8682 0.4532 0.2018
vn -0.5053 -0.3028 -0.8081
vn -0.5052 -0.3028 -0.8081
vn -0.5196 -0.2778 -0.8080
vn -0.4673 -0.3586 -0.8081
vn -0.4165 -0.4165 -0.8081
vn -0.3586 -0.4673 -0.8081
vn -0.3028 -0.5053 -0.8081
vn -0.3029 -0.5052 -0.8081
vn -0.2777 -0.5196 -0.8080
vn -0.3026 -0.5053 0.8081
vn -0.3028 -0.5052 0.8081
vn -0.2777 -0.5196 0.8080
vn -0.3586 -0.4673 0.8081
vn -0.4165 -0.4165 0.8081
vn -0.4673 -0.3586 0.8081
vn -0.5051 -0.3031 0.8081
vn -0.5052 -0.3029 0.8081
vn -0.5196 -0.2778 0.8080
vn 0.8081 -0.3025 -0.5054
vn 0.8081 -0.3028 -0.5052
vn 0.8080 -0.2777 -0.5196
vn 0.8081 -0.3586 -0.4673
vn 0.8081 -0.4165 -0.4165
vn 0.8081 -0.4673 -0.3585
vn 0.8081 -0.5051 -0.3030
vn 0.8081 -0.5052 -0.3029
vn 0.8080 -0.5196 -0.2777
vn 0.7073 0.7069 -0.0000
vn 0.7073 0.7054 -0.0462
vn 0.2023 0.9793 -0.0000
vn 0.2023 0.9772 0.0641
vn 0.7073 0.7054 0.0462
vn 0.2021 0.9673 0.1532
vn 0.7073 0.6982 0.1106
vn 0.9794 0.2015 -0.0132
vn 0.9794 0.2019 -0.0000
vn 0.9794 0.2015 0.0132
vn 0.9794 0.1995 0.0316
vn 0.7075 0.6743 0.2118
vn 0.9794 0.1927 0.0605
vn 0.7075 0.6265 0.3270
vn 0.9794 0.1791 0.0934
vn 0.7075 0.5649 0.4247
vn 0.9794 0.1614 0.1213
vn 0.7075 0.4997 0.4997
vn 0.9794 0.1427 0.1427
vn 0.7075 0.4247 0.5649
vn 0.9794 0.1213 0.1614
vn 0.7075 0.3270 0.6265
vn 0.9794 0.0934 0.1790
vn 0.2021 0.9343 0.2935
vn 0.2021 0.8682 0.4532
vn 0.2022 0.7828 0.5885
vn 0.2022 0.6925 0.6925
vn 0.2022 0.5885 0.7828
vn 0.2021 0.4531 0.8682
vn 0.2021 0.2935 0.9344
vn 0.7075 0.2118 0.6743
vn 0.2023 0.1532 0.9673
vn 0.7073 0.1106 0.6982
vn 0.2023 0.0640 0.9772
vn 0.7073 0.0462 0.7054
vn 0.9794 0.0605 0.1927
vn 0.9794 0.0316 0.1995
vn 0.9794 0.0132 0.2015
vn 0.7073 -0.0000 0.7069
vn 0.9794 -0.0000 0.2019
vn 0.7073 -0.0462 0.7054
vn 0.9794 -0.0132 0.2015
vn 0.7073 -0.1106 0.6982
vn 0.9794 -0.0316 0.1995
vn 0.7075 -0.2118 0.6743
vn 0.9794 -0.0605 0.1927
vn 0.7075 -0.3270 0.6265
vn 0.9794 -0.0934 0.1791
vn 0.7075 -0.4247 0.5649
vn 0.9794 -0.1213 0.1614
vn 0.2023 -0.0000 0.9793
vn 0.2023 -0.0641 0.9772
vn 0.2021 -0.1532 0.9673
vn 0.2021 -0.2935 0.9343
vn 0.2021 -0.4532 0.8682
vn 0.2022 -0.5885 0.7828
vn 0.2022 -0.6925 0.6925
vn 0.7074 -0.4998 0.4998
vn 0.2022 -0.7828 0.5885
vn 0.7075 -0.5649 0.4247
vn 0.2021 -0.8682 0.4531
vn 0.7075 -0.6265 0.3270
vn 0.9794 -0.1427 0.1427
vn 0.9794 -0.1614 0.1213
vn 0.9794 -0.1790 0.0934
vn 0.7075 -0.6743 0.2118
vn 0.9794 -0.1927 0.0605
vn 0.7073 -0.6982 0.1106
vn 0.9794 -0.1995 0.0316
vn 0.7073 -0.7054 0.0462
vn 0.9794 -0.2015 0.0132
vn 0.7073 -0.7069 -0.0000
vn 0.9794 -0.2019 -0.0000
vn 0.7073 -0.7054 -0.0462
vn 0.9794 -0.2015 -0.0132
vn 0.7073 -0.6982 -0.1106
vn 0.9794 -0.1995 -0.0316
vn 0.2021 -0.9344 0.2935
vn 0.2023 -0.9673 0.1532
vn 0.2023 -0.9772 0.0640
vn 0.2023 -0.9793 -0.0000
vn 0.2023 -0.9772 -0.0641
vn 0.2021 -0.9673 -0.1532
vn 0.2021 -0.9343 -0.2935
vn 0.7075 -0.6743 -0.2118
vn 0.2021 -0.8682 -0.4532
vn 0.7075 -0.6265 -0.3270
vn 0.2022 -0.7828 -0.5885
vn 0.7075 -0.5649 -0.4247
vn 0.9794 -0.1927 -0.0605
vn 0.9794 -0.1791 -0.0934
vn 0.9794 -0.1614 -0.1213
vn 0.7074 -0.4998 -0.4998
vn 0.9794 -0.1427 -0.1427
vn 0.7075 -0.4247 -0.5649
vn 0.9794 -0.1213 -0.1614
vn 0.7075 -0.3270 -0.6265
vn 0.9794 -0.0934 -0.1790
vn 0.7075 -0.2118 -0.6743
vn 0.9794 -0.0605 -0.1927
vn 0.7073 -0.1106 -0.6982
vn 0.9794 -0.0316 -0.1995
vn 0.7073 -0.0462 -0.7054
vn 0.9794 -0.0132 -0.2015
vn 0.2022 -0.6925 -0.6925
vn 0.2022 -0.5885 -0.7828
vn 0.2021 -0.4531 -0.8682
vn 0.2021 -0.2935 -0.9344
vn 0.2023 -0.1532 -0.9673
vn 0.2023 -0.0640 -0.9772
vn 0.2023 -0.0000 -0.9793
vn 0.7073 -0.0000 -0.7069
vn 0.2023 0.0641 -0.9772
vn 0.7073 0.0462 -0.7054
vn 0.2021 0.1532 -0.9673
vn 0.7074 0.1106 -0.6982
vn 0.9794 -0.0000 -0.2019
vn 0.9794 0.0132 -0.2015
vn 0.9794 0.0316 -0.1995
vn 0.9794 0.0605 -0.1927
vn 0.9794 0.0933 -0.1792
vn 0.9794 0.1213 -0.1614
vn 0.9794 0.1427 -0.1427
vn 0.9794 0.1614 -0.1213
vn 0.9794 0.1790 -0.0934
vn 0.9794 0.1927 -0.0605
vn 0.9794 0.1995 -0.0316
vn 0.5742 -0.5900 -0.5676
vn 0.2023 0.2935 -0.9343
vn 0.7075 0.2118 -0.6743
vn 0.2021 0.4532 -0.8682
vn 0.7075 0.3270 -0.6265
vn 0.2022 0.5885 -0.7828
vn 0.7075 0.4247 -0.5649
vn 0.2022 0.6925 -0.6925
vn 0.7074 0.4998 -0.4998
vn 0.2022 0.7828 -0.5885
vn 0.7075 0.5649 -0.4247
vn 0.2021 0.8682 -0.4531
vn 0.7075 0.6265 -0.3270
vn 0.2021 0.9344 -0.2935
vn 0.7075 0.6743 -0.2118
vn 0.2022 0.9673 -0.1532
vn 0.7073 0.6982 -0.1106
vn 0.2023 0.9772 -0.0640
vn 0.1213 0.1614 0.9794
vn 0.0934 0.1790 0.9794
vn 0.0605 0.1927 0.9794
vn 0.0316 0.1995 0.9794
vn 0.0132 0.2015 0.9794
vn -0.0000 0.2019 0.9794
vn -0.0132 0.2015 0.9794
vn -0.0316 0.1995 0.9794
vn -0.0605 0.1927 0.9794
vn -0.0933 0.1792 0.9794
vn -0.1213 0.1614 0.9794
vn -0.1427 0.1427 0.9794
vn -0.1614 0.1213 0.9794
vn -0.1790 0.0934 0.9794
vn -0.1927 0.0605 0.9794
vn -0.1995 0.0316 0.9794
vn -0.2015 0.0132 0.9794
vn -0.2019 -0.0000 0.9794
vn -0.2015 -0.0132 0.9794
vn -0.1995 -0.0316 0.9794
vn -0.1927 -0.0605 0.9794
vn -0.1792 -0.0933 0.9794
vn -0.1614 -0.1213 0.9794
vn -0.1427 -0.1427 0.9794
vn -0.1213 -0.1614 0.9794
vn -0.0934 -0.1790 0.9794
vn -0.0605 -0.1927 0.9794
vn -0.0316 -0.1995 0.9794
vn -0.0132 -0.2015 0.9794
vn -0.0000 -0.2019 0.9794
vn 0.0132 -0.2015 0.9794
vn 0.0316 -0.1995 0.9794
vn 0.0605 -0.1927 0.9794
vn 0.0933 -0.1792 0.9794
vn 0.1213 -0.1614 0.9794
vn 0.1427 -0.1427 0.9794
vn 0.1614 -0.1213 0.9794
vn 0.1790 -0.0934 0.9794
vn 0.1927 -0.0605 0.9794
vn 0.1995 -0.0316 0.9794
vn 0.2015 -0.0132 0.9794
vn 0.2019 -0.0000 0.9794
vn 0.2015 0.0132 0.9794
vn 0.1995 0.0316 0.9794
vn 0.1927 0.0605 0.9794
vn 0.1792 0.0933 0.9794
vn 0.1614 0.1213 0.9794
vn 0.1427 0.1427 0.9794
vn 0.7054 0.0462 0.7073
vn 0.7069 -0.0000 0.7073
vn 0.7054 -0.0462 0.7073
vn 0.6982 -0.1106 0.7073
vn 0.6743 -0.2118 0.7075
vn 0.6265 -0.3270 0.7075
vn 0.5649 -0.4247 0.7075
vn 0.4998 -0.4998 0.7074
vn 0.4247 -0.5649 0.7075
vn 0.3270 -0.6265 0.7075
vn 0.8682 -0.4531 0.2021
vn 0.7828 -0.5885 0.2022
vn 0.6925 -0.6925 0.2022
vn 0.5885 -0.7828 0.2023
vn 0.4532 -0.8682 0.2021
vn 0.2118 -0.6743 0.7075
vn 0.2935 -0.9343 0.2021
vn 0.1106 -0.6982 0.7073
vn 0.1532 -0.9673 0.2021
vn 0.0462 -0.7054 0.7073
vn 0.0641 -0.9772 0.2023
vn -0.0000 -0.7069 0.7073
vn -0.0000 -0.9793 0.2023
vn -0.0462 -0.7054 0.7073
vn -0.0640 -0.9772 0.2023
vn -0.1106 -0.6982 0.7073
vn -0.1532 -0.9673 0.2023
vn -0.2118 -0.6743 0.7075
vn -0.2935 -0.9344 0.2021
vn -0.3270 -0.6265 0.7075
vn -0.4531 -0.8682 0.2021
vn -0.4247 -0.5649 0.7075
vn -0.4997 -0.4997 0.7075
vn -0.5649 -0.4247 0.7075
vn -0.6265 -0.3270 0.7075
vn -0.5885 -0.7828 0.2022
vn -0.6925 -0.6925 0.2022
vn -0.7828 -0.5885 0.2022
vn -0.8682 -0.4532 0.2021
vn -0.6743 -0.2118 0.7075
vn -0.9343 -0.2935 0.2021
vn -0.6982 -0.1106 0.7073
vn -0.9673 -0.1532 0.2021
vn -0.7054 -0.0462 0.7073
vn -0.9772 -0.0641 0.2023
vn -0.7069 -0.0000 0.7073
vn -0.9793 -0.0000 0.2022
vn -0.7054 0.0462 0.7073
vn -0.9772 0.0640 0.2023
vn -0.6982 0.1106 0.7073
vn -0.6743 0.2118 0.7075
vn -0.6265 0.3270 0.7075
vn -0.5649 0.4247 0.7075
vn -0.9673 0.1532 0.2023
vn -0.9344 0.2935 0.2021
vn -0.8682 0.4531 0.2021
vn -0.7828 0.5885 0.2022
vn -0.4998 0.4998 0.7074
vn -0.6925 0.6925 0.2022
vn -0.4247 0.5649 0.7075
vn -0.5885 0.7828 0.2022
vn -0.3270 0.6265 0.7075
vn -0.4532 0.8682 0.2021
vn -0.2118 0.6743 0.7075
vn -0.2935 0.9343 0.2021
vn -0.1106 0.6982 0.7073
vn -0.1532 0.9673 0.2021
vn -0.0462 0.7054 0.7073
vn -0.0000 0.7069 0.7073
vn 0.0462 0.7054 0.7073
vn 0.1106 0.6982 0.7073
vn -0.0641 0.9772 0.2023
vn -0.0000 0.9793 0.2023
vn 0.0640 0.9772 0.2022
vn 0.1532 0.9673 0.2022
vn 0.2118 0.6743 0.7075
vn 0.2935 0.9344 0.2021
vn 0.3270 0.6265 0.7075
vn 0.4531 0.8682 0.2021
vn 0.4247 0.5649 0.7075
vn 0.5885 0.7828 0.2022
vn 0.4998 0.4998 0.7074
vn 0.6925 0.6925 0.2022
vn 0.5649 0.4247 0.7075
vn 0.7828 0.5885 0.2022
vn 0.6265 0.3270 0.7075
vn 0.6743 0.2118 0.7075
vn 0.6982 0.1106 0.7073
vn 0.8682 0.4532 0.2021
vn 0.9343 0.2935 0.2021
vn 0.9673 0.1532 0.2021
vn 0.9772 0.0641 0.2023
vn 0.9793 -0.0000 0.2023
vn 0.9772 -0.0640 0.2023
vn 0.9673 -0.1532 0.2023
vn 0.9344 -0.2935 0.2021
vn -0.5295 -0.6786 -0.5090
vn 0.9794 -0.2021 -0.0000
vn 0.9773 -0.2019 -0.0640
vn 0.9673 -0.2020 -0.1532
vn 0.9344 -0.2018 -0.2935
vn 0.8682 -0.2020 -0.4532
vn 0.7828 -0.2021 -0.5885
vn 0.6926 -0.2021 -0.6925
vn 0.5885 -0.2021 -0.7828
vn 0.4532 -0.2020 -0.8682
vn 0.2935 -0.2018 -0.9344
vn 0.1532 -0.2020 -0.9673
vn 0.0640 -0.2021 -0.9773
vn -0.0000 -0.2021 -0.9794
vn -0.5849 -0.5846 -0.5623
vn -0.6925 -0.2021 0.6925
vn -0.5885 -0.2021 0.7828
vn -0.4532 -0.2020 0.8682
vn -0.2935 -0.2018 0.9344
vn -0.1532 -0.2020 0.9673
vn -0.0640 -0.2021 0.9773
vn -0.0000 -0.2021 0.9794
vn 0.0640 -0.2019 0.9773
vn 0.1532 -0.2020 0.9673
vn 0.2935 -0.2018 0.9344
vn 0.4532 -0.2020 0.8682
vn 0.5885 -0.2021 0.7829
vn 0.6925 -0.2021 0.6925
vn 0.7828 -0.2021 0.5885
vn 0.8685 -0.2013 0.4530
vn 0.9346 -0.2008 0.2936
vn 0.9674 -0.2015 0.1536
vn 0.9773 -0.2021 0.0640
vn 0.5759 0.5866 -0.5694
vn -0.0640 -0.2019 -0.9773
vn -0.1532 -0.2020 -0.9673
vn -0.2935 -0.2018 -0.9344
vn -0.4532 -0.2020 -0.8682
vn -0.5885 -0.2021 -0.7828
vn -0.6925 -0.2021 -0.6926
vn -0.7828 -0.2021 -0.5885
vn -0.8682 -0.2018 -0.4532
vn -0.9344 -0.2020 -0.2935
vn -0.9673 -0.2020 -0.1532
vn -0.9773 -0.2021 -0.0641
vn -0.9794 -0.2021 -0.0000
vn -0.9773 -0.2019 0.0640
vn -0.9673 -0.2020 0.1532
vn -0.9344 -0.2018 0.2935
vn -0.8682 -0.2020 0.4532
vn -0.7828 -0.2021 0.5885
vn 0.5145 0.5239 0.6788
vn 0.6818 0.5148 0.5197
vn -0.2018 -0.2935 -0.9344
vn -0.2020 -0.1532 -0.9673
vn -0.2021 -0.0640 -0.9773
vn -0.2021 -0.0000 -0.9794
vn -0.2020 -0.9794 -0.0000
vn -0.2019 -0.9773 -0.0641
vn -0.2020 -0.9673 -0.1532
vn -0.2018 -0.9344 -0.2935
vn -0.2020 -0.8682 -0.4532
vn -0.2021 -0.7829 -0.5885
vn -0.2021 -0.6925 -0.6925
vn -0.2021 -0.5886 -0.7828
vn -0.2018 -0.4532 -0.8682
vn -0.2018 -0.2935 0.9344
vn -0.2020 -0.4532 0.8682
vn -0.2021 -0.5885 0.7828
vn -0.2021 -0.6925 0.6925
vn -0.2021 -0.7828 0.5885
vn -0.2020 -0.8682 0.4532
vn -0.2018 -0.9344 0.2935
vn -0.2020 -0.9673 0.1532
vn -0.2021 -0.9773 0.0641
vn -0.2021 0.6925 0.6925
vn -0.2021 0.5886 0.7828
vn -0.2018 0.4532 0.8682
vn -0.2018 0.2935 0.9344
vn -0.2020 0.1532 0.9673
vn -0.2021 0.0640 0.9773
vn -0.2021 -0.0000 0.9794
vn -0.2019 -0.0640 0.9773
vn -0.2020 -0.1532 0.9673
vn -0.2018 0.9344 -0.2935
vn -0.2020 0.9673 -0.1532
vn -0.2021 0.9773 -0.0640
vn -0.2020 0.9794 -0.0000
vn -0.2019 0.9773 0.0640
vn -0.2020 0.9673 0.1532
vn -0.2018 0.9344 0.2935
vn -0.2020 0.8682 0.4532
vn -0.2021 0.7829 0.5885
vn -0.2019 0.0640 -0.9773
vn -0.2020 0.1532 -0.9673
vn -0.2018 0.2935 -0.9344
vn -0.2020 0.4533 -0.8682
vn -0.2021 0.5885 -0.7828
vn -0.2021 0.6925 -0.6925
vn -0.2021 0.7828 -0.5885
vn -0.2018 0.8683 -0.4532
vn -0.1532 -0.9673 -0.2021
vn -0.0641 -0.9772 -0.2023
vn -0.0000 -0.9793 -0.2023
vn 0.0640 -0.9772 -0.2022
vn 0.1532 -0.9673 -0.2022
vn 0.2935 -0.9344 -0.2021
vn 0.4531 -0.8682 -0.2021
vn 0.5885 -0.7828 -0.2022
vn -0.5183 -0.6468 0.5594
vn -0.5180 -0.6467 0.5599
vn -0.5176 -0.6465 0.5604
vn -0.5182 -0.6468 0.5595
vn -0.5119 0.6528 0.5584
vn -0.5118 0.6528 0.5585
vn -0.5121 0.6529 0.5580
vn -0.5113 0.6525 0.5593
vn -0.5811 0.1156 -0.8056
vn -0.5880 0.0770 -0.8052
vn -0.5880 0.0771 -0.8052
vn -0.5940 0.0384 -0.8036
vn -0.5944 -0.0001 -0.8041
vn -0.5944 -0.0000 -0.8042
vn -0.5940 -0.0384 -0.8036
vn -0.5880 -0.0770 -0.8052
vn -0.5880 -0.0771 -0.8052
vn -0.5811 -0.1156 -0.8056
vn 0.1144 0.8100 0.5752
vn 0.0765 0.8095 0.5821
vn 0.0384 0.8079 0.5881
vn -0.0000 0.8085 0.5885
vn -0.0384 0.8079 0.5881
vn -0.0765 0.8095 0.5821
vn -0.1144 0.8100 0.5752
vn -0.5051 0.3031 0.8081
vn -0.5052 0.3028 0.8081
vn -0.5196 0.2778 0.8080
vn -0.4673 0.3586 0.8081
vn -0.4165 0.4165 0.8081
vn -0.3586 0.4673 0.8081
vn -0.3027 0.5053 0.8081
vn -0.3029 0.5052 0.8081
vn -0.2777 0.5196 0.8080
vn -0.5792 0.5737 0.5792
vn -0.3024 0.5055 -0.8081
vn -0.3028 0.5052 -0.8081
vn -0.2777 0.5196 -0.8080
vn -0.3586 0.4673 -0.8081
vn -0.4165 0.4165 -0.8081
vn -0.4673 0.3586 -0.8081
vn -0.5051 0.3031 -0.8081
vn -0.5052 0.3029 -0.8081
vn -0.5196 0.2778 -0.8080
vn -0.5199 0.5149 -0.6816
vn -0.5051 0.8081 -0.3030
vn -0.5052 0.8081 -0.3028
vn -0.5196 0.8080 -0.2777
vn -0.4673 0.8081 -0.3585
vn -0.4165 0.8081 -0.4165
vn -0.3586 0.8081 -0.4673
vn -0.3030 0.8081 -0.5051
vn -0.3029 0.8081 -0.5052
vn -0.2777 0.8080 -0.5196
vn 0.5685 0.5790 0.5845
vn -0.0001 -0.0005 1.0000
vn -0.0000 -0.0005 1.0000
vn -0.0002 -0.0001 1.0000
vn -0.0001 -0.0004 1.0000
vn 1.0000 -0.0001 -0.0001
vn -0.5616 0.6616 0.4969
vn -0.5656 0.6604 0.4939
vn -0.5575 0.6627 0.5000
vn -0.5613 0.4969 0.6619
vn -0.5615 0.4967 0.6618
vn -0.5574 0.4998 0.6629
vn -0.5654 0.4938 0.6607
vn 0.8056 0.5811 0.1156
vn 0.8052 0.5880 0.0771
vn 0.8052 0.5880 0.0770
vn 0.8036 0.5940 0.0384
vn 0.8042 0.5944 0.0001
vn 0.8042 0.5944 -0.0000
vn 0.8036 0.5940 -0.0384
vn 0.8052 0.5880 -0.0770
vn 0.8053 0.5879 -0.0771
vn 0.8056 0.5811 -0.1156
vn -1.0000 -0.0015 0.0059
vn -1.0000 -0.0015 0.0060
vn -1.0000 -0.0083 0.0030
vn 0.8056 -0.5811 -0.1156
vn 0.8052 -0.5880 -0.0772
vn 0.8052 -0.5880 -0.0771
vn 0.8035 -0.5940 -0.0387
vn 0.8041 -0.5945 0.0001
vn 0.8041 -0.5945 -0.0000
vn 0.8035 -0.5940 0.0386
vn 0.8052 -0.5880 0.0771
vn 0.8051 -0.5881 0.0772
vn 0.8056 -0.5811 0.1156
vn 0.8100 0.1144 -0.5752
vn 0.8095 0.0765 -0.5821
vn 0.8079 0.0384 -0.5881
vn 0.8085 -0.0000 -0.5885
vn 0.8079 -0.0385 -0.5881
vn 0.8095 -0.0764 -0.5821
vn 0.8095 -0.0765 -0.5822
vn 0.8100 -0.1144 -0.5752
vn -0.5207 0.5571 -0.6470
vn -0.5208 0.5570 -0.6470
vn -0.5155 0.5644 -0.6448
vn -0.5259 0.5497 -0.6491
vn 0.5119 -0.6528 0.5584
vn 0.5118 -0.6528 0.5585
vn 0.5121 -0.6529 0.5580
vn 0.5113 -0.6525 0.5593
vn -1.0000 -0.0001 -0.0001
vn -0.9999 0.0106 -0.0001
vn -0.9999 0.0106 0.0106
vn -1.0000 -0.0001 0.0001
vn 0.6468 -0.5183 0.5594
vn 0.6465 -0.5176 0.5604
vn 0.6467 -0.5180 0.5599
vn -0.5811 -0.8056 0.1156
vn -0.5880 -0.8052 0.0772
vn -0.5880 -0.8052 0.0771
vn -0.5945 -0.8041 -0.0000
vn -0.5940 -0.8035 0.0386
vn -0.5940 -0.8035 -0.0386
vn -0.5880 -0.8052 -0.0771
vn -0.5881 -0.8051 -0.0772
vn -0.5811 -0.8056 -0.1156
vn 0.5615 -0.4971 -0.6616
vn 0.5616 -0.4969 -0.6616
vn 0.5656 -0.4939 -0.6604
vn 0.5575 -0.5001 -0.6627
vn -1.0000 0.0001 -0.0001
vn -1.0000 -0.0001 0.0002
vn -0.6467 0.5599 -0.5180
vn -0.6468 0.5594 -0.5184
vn -0.6468 0.5595 -0.5183
vn -0.6465 0.5605 -0.5176
vn 0.6527 0.5588 -0.5116
vn 0.6528 0.5585 -0.5118
vn 0.6529 0.5581 -0.5121
vn 0.6525 0.5593 -0.5113
vn 0.5053 0.3026 -0.8081
vn 0.5052 0.3028 -0.8081
vn 0.5196 0.2778 -0.8080
vn 0.4673 0.3586 -0.8081
vn 0.4165 0.4165 -0.8081
vn 0.3586 0.4673 -0.8081
vn 0.3030 0.5051 -0.8081
vn 0.3029 0.5052 -0.8081
vn 0.2777 0.5196 -0.8080
vn -0.5571 -0.5207 -0.6470
vn -0.5570 -0.5208 -0.6470
vn -0.5644 -0.5155 -0.6448
vn -0.5496 -0.5259 -0.6491
vn -0.0014 -1.0000 0.0015
vn -0.0123 -0.9999 0.0018
vn -0.0015 -1.0000 0.0015
vn -0.0015 -1.0000 0.0012
vn -0.0014 -1.0000 0.0014
vn 0.5571 -0.6470 -0.5206
vn 0.5570 -0.6470 -0.5207
vn 0.5644 -0.6448 -0.5155
vn 0.5496 -0.6491 -0.5259
vn 0.1144 -0.5752 0.8099
vn 0.0765 -0.5821 0.8095
vn 0.0384 -0.5881 0.8079
vn -0.0000 -0.5885 0.8085
vn -0.0384 -0.5881 0.8079
vn -0.0766 -0.5821 0.8095
vn -0.0765 -0.5822 0.8095
vn -0.1144 -0.5752 0.8099
vn 0.5811 0.8056 -0.1156
vn 0.5880 0.8052 -0.0772
vn 0.5880 0.8052 -0.0771
vn 0.5940 0.8035 -0.0387
vn 0.5945 0.8041 -0.0000
vn 0.5940 0.8035 0.0386
vn 0.5880 0.8052 0.0771
vn 0.5881 0.8051 0.0772
vn 0.5811 0.8056 0.1156
vn 0.0102 -0.9999 0.0099
vn 0.0029 -1.0000 0.0062
vn 0.5207 -0.5570 -0.6470
vn 0.5259 -0.5497 -0.6491
vn 0.5155 -0.5644 -0.6448
vn 0.5205 -0.5569 0.6472
vn 0.5257 -0.5495 0.6494
vn 0.5153 -0.5643 0.6450
vn 0.3026 0.5054 0.8081
vn 0.3028 0.5052 0.8081
vn 0.2777 0.5196 0.8080
vn 0.3586 0.4673 0.8081
vn 0.4165 0.4165 0.8081
vn 0.4673 0.3586 0.8081
vn 0.5053 0.3028 0.8081
vn 0.5052 0.3029 0.8081
vn 0.5196 0.2778 0.8080
vn -0.5570 -0.5205 0.6472
vn -0.5495 -0.5257 0.6494
vn -0.5643 -0.5153 0.6450
vn -0.5612 0.6619 -0.4969
vn -0.5615 0.6618 -0.4967
vn -0.5574 0.6630 -0.4998
vn -0.5654 0.6607 -0.4937
vn -0.1144 0.5752 0.8099
vn -0.0766 0.5821 0.8095
vn -0.0384 0.5881 0.8079
vn -0.0000 0.5885 0.8085
vn -0.0000 0.5886 0.8084
vn 0.0385 0.5881 0.8078
vn 0.0767 0.5821 0.8095
vn 0.0765 0.5822 0.8095
vn 0.1144 0.5752 0.8099
vn 0.5811 0.1156 0.8056
vn 0.5880 0.0771 0.8052
vn 0.5940 0.0387 0.8035
vn 0.5945 -0.0000 0.8041
vn 0.5940 -0.0386 0.8035
vn 0.5880 -0.0770 0.8052
vn 0.5881 -0.0772 0.8051
vn 0.5811 -0.1156 0.8056
vn -0.5811 -0.1156 0.8056
vn -0.5880 -0.0770 0.8052
vn -0.5940 -0.0384 0.8036
vn -0.5944 -0.0000 0.8042
vn -0.5945 -0.0000 0.8041
vn -0.5939 0.0384 0.8036
vn -0.5880 0.0770 0.8052
vn -0.5880 0.0771 0.8052
vn -0.5811 0.1156 0.8056
vn 1.0000 0.0015 -0.0047
vn 1.0000 -0.0025 -0.0081
vn 1.0000 0.0015 -0.0048
vn 0.5614 -0.4968 0.6619
vn 0.5615 -0.4967 0.6618
vn 0.5574 -0.4998 0.6629
vn 0.5654 -0.4938 0.6607
vn 0.5242 0.6758 -0.5182
vn -0.9999 -0.0000 -0.0106
vn -0.9999 0.0001 -0.0112
vn -0.9999 0.0001 -0.0109
vn -0.9999 -0.0000 -0.0108
vn -0.9999 0.0111 -0.0111
vn 0.0014 1.0000 0.0013
vn 0.0123 0.9999 0.0015
vn 0.0013 1.0000 0.0013
vn 0.0014 1.0000 0.0014
vn 0.0015 1.0000 0.0018
vn 0.0014 1.0000 0.0012
vn -0.1144 0.8100 -0.5752
vn -0.0765 0.8095 -0.5821
vn -0.0384 0.8079 -0.5881
vn -0.0000 0.8085 -0.5885
vn 0.0385 0.8079 -0.5881
vn 0.0766 0.8095 -0.5821
vn 0.0765 0.8095 -0.5821
vn 0.1144 0.8100 -0.5752
vn 0.5571 0.6470 0.5207
vn 0.5569 0.6470 0.5208
vn 0.5644 0.6448 0.5155
vn 0.5496 0.6491 0.5259
vn -0.0003 -0.0000 1.0000
vn 0.0001 -0.0003 1.0000
vn -0.0002 -0.0000 1.0000
vn 0.0007 -0.0000 1.0000
vn -0.0001 0.0001 1.0000
vn -0.0004 0.0001 1.0000
vn -0.0005 -0.0000 1.0000
vn -0.0001 0.0002 1.0000
vn 0.8100 -0.1144 0.5752
vn 0.8095 -0.0765 0.5821
vn 0.8079 -0.0384 0.5881
vn 0.8085 -0.0000 0.5885
vn 0.8079 0.0384 0.5881
vn 0.8095 0.0764 0.5821
vn 0.8095 0.0765 0.5821
vn 0.8100 0.1144 0.5752
vn -0.6467 0.5180 0.5599
vn -0.6468 0.5181 0.5597
vn -0.6468 0.5183 0.5594
vn -0.6465 0.5176 0.5604
vn 0.6528 0.5119 0.5585
vn 0.6528 0.5118 0.5585
vn 0.6529 0.5122 0.5581
vn 0.6525 0.5113 0.5593
vn -0.5811 0.8056 0.1156
vn -0.5880 0.8052 0.0771
vn -0.5880 0.8052 0.0770
vn -0.5940 0.8036 0.0384
vn -0.5944 0.8042 0.0001
vn -0.5944 0.8041 -0.0000
vn -0.5940 0.8036 -0.0384
vn -0.5880 0.8052 -0.0770
vn -0.5811 0.8056 -0.1156
vn -0.5613 -0.6619 0.4968
vn -0.5614 -0.6618 0.4968
vn -0.5574 -0.6630 0.4998
vn -0.5654 -0.6607 0.4937
vn 0.5570 0.5207 -0.6470
vn 0.5644 0.5155 -0.6448
vn 0.5496 0.5259 -0.6491
vn 0.1144 -0.8100 0.5752
vn 0.0765 -0.8095 0.5821
vn 0.0384 -0.8079 0.5881
vn -0.0000 -0.8085 0.5885
vn -0.0384 -0.8079 0.5881
vn -0.0763 -0.8095 0.5821
vn -0.0765 -0.8095 0.5821
vn -0.1144 -0.8100 0.5752
vn 0.0001 -1.0000 -0.0003
vn -0.8056 -0.5811 0.1156
vn -0.8052 -0.5880 0.0771
vn -0.8036 -0.5940 0.0384
vn -0.8042 -0.5944 0.0001
vn -0.8042 -0.5944 -0.0000
vn -0.8036 -0.5940 -0.0384
vn -0.8052 -0.5880 -0.0770
vn -0.8053 -0.5879 -0.0771
vn -0.8056 -0.5811 -0.1156
vn -0.8056 0.5811 -0.1156
vn -0.8052 0.5880 -0.0772
vn -0.8052 0.5880 -0.0771
vn -0.8035 0.5940 -0.0387
vn -0.8041 0.5945 -0.0000
vn -0.8035 0.5940 0.0386
vn -0.8052 0.5880 0.0771
vn -0.8051 0.5881 0.0772
vn -0.8056 0.5811 0.1156
vn -0.8100 -0.1144 -0.5752
vn -0.8095 -0.0765 -0.5821
vn -0.8095 -0.0766 -0.5821
vn -0.8079 -0.0384 -0.5881
vn -0.8085 -0.0000 -0.5885
vn -0.8079 0.0385 -0.5880
vn -0.8095 0.0764 -0.5821
vn -0.8095 0.0765 -0.5821
vn -0.8100 0.1144 -0.5752
vn -0.8100 0.1144 0.5752
vn -0.8095 0.0765 0.5821
vn -0.8079 0.0384 0.5881
vn -0.8085 -0.0000 0.5885
vn -0.8079 -0.0384 0.5881
vn -0.8095 -0.0764 0.5821
vn -0.8096 -0.0765 0.5820
vn -0.8100 -0.1144 0.5752
vn -0.6526 -0.5116 0.5589
vn -0.6528 -0.5119 0.5584
vn -0.6525 -0.5113 0.5593
vn -0.6529 -0.5122 0.5581
vn 1.0000 -0.0002 -0.0001
vn 0.8081 -0.5051 0.3030
vn 0.8081 -0.5052 0.3028
vn 0.8080 -0.5196 0.2777
vn 0.8081 -0.4673 0.3585
vn 0.8081 -0.4165 0.4165
vn 0.8081 -0.3586 0.4673
vn 0.8081 -0.3030 0.5051
vn 0.8081 -0.3029 0.5052
vn 0.8080 -0.2777 0.5196
vn 0.0004 -1.0000 -0.0000
vn 0.0001 -1.0000 -0.0000
vn 0.4969 0.5612 0.6619
vn 0.4967 0.5615 0.6618
vn 0.4998 0.5574 0.6629
vn 0.4938 0.5654 0.6607
vn 0.6526 -0.5589 0.5116
vn 0.6527 -0.5588 0.5116
vn 0.6525 -0.5593 0.5113
vn 0.6529 -0.5581 0.5121
vn 0.0029 -1.0000 -0.0060
vn 0.0095 -0.9999 -0.0094
vn 0.0029 -1.0000 -0.0061
vt 0.987982 0.209030
vt 0.983364 0.213662
vt 0.978740 0.209030
vt 0.987982 0.218241
vt 0.983364 0.218241
vt 0.992601 0.213662
vt 0.997225 0.209030
vt 0.992601 0.218241
vt 0.499426 0.686154
vt 0.499426 0.691924
vt 0.488925 0.691580
vt 0.509550 0.685823
vt 0.509927 0.691580
vt 0.508674 0.672460
vt 0.499426 0.672762
vt 0.489302 0.685823
vt 0.478469 0.690551
vt 0.362989 0.604294
vt 0.357903 0.607013
vt 0.351383 0.576275
vt 0.372048 0.629108
vt 0.376625 0.625595
vt 0.385895 0.644898
vt 0.389975 0.640818
vt 0.401685 0.658746
vt 0.405198 0.654168
vt 0.423781 0.672890
vt 0.426499 0.667804
vt 0.452844 0.684928
vt 0.454518 0.679410
vt 0.479222 0.684830
vt 0.490178 0.672460
vt 0.499426 0.531367
vt 0.517882 0.391181
vt 0.508674 0.390274
vt 0.540449 0.396132
vt 0.566044 0.406734
vt 0.585502 0.419191
vt 0.599408 0.431385
vt 0.611603 0.445291
vt 0.624059 0.464749
vt 0.634661 0.490344
vt 0.639612 0.512911
vt 0.652889 0.511163
vt 0.647469 0.486459
vt 0.635863 0.458440
vt 0.622227 0.437139
vt 0.608877 0.421916
vt 0.593654 0.408566
vt 0.572353 0.394930
vt 0.544334 0.383324
vt 0.519630 0.377904
vt 0.626805 0.433626
vt 0.612957 0.417836
vt 0.597167 0.403988
vt 0.575072 0.389844
vt 0.546008 0.377806
vt 0.520383 0.372183
vt 0.509550 0.376911
vt 0.499426 0.389972
vt 0.490178 0.390274
vt 0.480970 0.391181
vt 0.489302 0.376911
vt 0.488925 0.371154
vt 0.499426 0.370810
vt 0.499426 0.376580
vt 0.509927 0.371154
vt 0.519630 0.684830
vt 0.517882 0.671553
vt 0.540449 0.666602
vt 0.566044 0.656000
vt 0.585502 0.643544
vt 0.599408 0.631349
vt 0.611603 0.617443
vt 0.624059 0.597985
vt 0.634661 0.572390
vt 0.639612 0.549823
vt 0.640519 0.540615
vt 0.652889 0.551571
vt 0.647469 0.576275
vt 0.635863 0.604294
vt 0.622227 0.625595
vt 0.608877 0.640818
vt 0.593654 0.654168
vt 0.572353 0.667804
vt 0.544334 0.679410
vt 0.520383 0.690551
vt 0.546008 0.684928
vt 0.575072 0.672890
vt 0.597167 0.658746
vt 0.612957 0.644898
vt 0.626805 0.629108
vt 0.640949 0.607013
vt 0.652987 0.577949
vt 0.658609 0.552324
vt 0.653882 0.541491
vt 0.640821 0.531367
vt 0.640519 0.522119
vt 0.653882 0.521244
vt 0.659639 0.520866
vt 0.658609 0.510410
vt 0.652987 0.484785
vt 0.640949 0.455722
vt 0.659983 0.531367
vt 0.654213 0.531367
vt 0.659639 0.541868
vt 0.344971 0.541491
vt 0.344639 0.531367
vt 0.358333 0.540615
vt 0.358031 0.531367
vt 0.359240 0.549823
vt 0.364191 0.572390
vt 0.374793 0.597985
vt 0.387250 0.617443
vt 0.399444 0.631349
vt 0.413350 0.643544
vt 0.432808 0.656000
vt 0.458403 0.666602
vt 0.480970 0.671553
vt 0.345963 0.551571
vt 0.345865 0.484785
vt 0.357903 0.455722
vt 0.362989 0.458440
vt 0.351383 0.486459
vt 0.364192 0.490344
vt 0.359240 0.512911
vt 0.358333 0.522119
vt 0.344971 0.521244
vt 0.339213 0.520866
vt 0.338869 0.531367
vt 0.339213 0.541868
vt 0.340243 0.552324
vt 0.345865 0.577949
vt 0.340243 0.510410
vt 0.345963 0.511163
vt 0.387250 0.445291
vt 0.374793 0.464749
vt 0.399444 0.431385
vt 0.389975 0.421916
vt 0.405198 0.408566
vt 0.413350 0.419191
vt 0.426499 0.394930
vt 0.432808 0.406734
vt 0.454518 0.383324
vt 0.458403 0.396132
vt 0.479222 0.377904
vt 0.376625 0.437139
vt 0.478469 0.372183
vt 0.452844 0.377806
vt 0.423781 0.389844
vt 0.401685 0.403988
vt 0.385895 0.417836
vt 0.372048 0.433626
vt 0.330241 0.809343
vt 0.358555 0.833161
vt 0.325120 0.826226
vt 0.432166 0.833161
vt 0.432166 0.858809
vt 0.311624 0.858809
vt 0.970801 0.192313
vt 0.966182 0.192313
vt 0.970801 0.096635
vt 0.966182 0.096635
vt 0.961564 0.192313
vt 0.961564 0.096635
vt 0.940680 0.775622
vt 0.997177 0.775622
vt 0.997177 0.995740
vt 0.940680 0.995740
vt 0.579711 0.065373
vt 0.579711 0.086707
vt 0.493154 0.065373
vt 0.493154 0.086707
vt 0.406472 0.065373
vt 0.406472 0.086707
vt 0.006387 0.080464
vt 0.062601 0.080464
vt 0.062600 0.299963
vt 0.006387 0.299963
vt 0.238923 0.930750
vt 0.238923 0.986324
vt 0.018921 0.986323
vt 0.018921 0.930751
vt 0.579997 0.948274
vt 0.603802 0.976588
vt 0.586918 0.981709
vt 0.554336 0.995206
vt 0.579997 0.874663
vt 0.554336 0.874663
vt 0.795887 0.696208
vt 0.924358 0.696140
vt 0.854009 0.775556
vt 0.923778 0.407952
vt 0.796409 0.407952
vt 0.853053 0.315295
vt 0.939580 0.315295
vt 0.488813 0.262099
vt 0.494162 0.261924
vt 0.494162 0.370982
vt 0.230158 0.541981
vt 0.229983 0.536631
vt 0.339041 0.536631
vt 0.510040 0.262099
vt 0.504690 0.370982
vt 0.504690 0.261924
vt 0.510040 0.800635
vt 0.504690 0.800810
vt 0.504690 0.691752
vt 0.957057 0.192313
vt 0.957057 0.096635
vt 0.975308 0.096635
vt 0.975308 0.192313
vt 0.983364 0.313924
vt 0.978857 0.313924
vt 0.978857 0.218241
vt 0.997108 0.218241
vt 0.997108 0.313924
vt 0.992601 0.313924
vt 0.983374 0.192640
vt 0.978866 0.192640
vt 0.978866 0.096949
vt 0.983374 0.096949
vt 0.992612 0.096949
vt 0.997119 0.096949
vt 0.997119 0.192640
vt 0.992612 0.192640
vt 0.961518 0.313631
vt 0.957011 0.313631
vt 0.957011 0.217945
vt 0.961518 0.217945
vt 0.970756 0.217945
vt 0.975263 0.217945
vt 0.975263 0.313631
vt 0.970756 0.313631
vt 0.357765 0.097653
vt 0.357765 0.226365
vt 0.282777 0.167206
vt 0.282777 0.080464
vt 0.310297 0.788228
vt 0.310304 0.916942
vt 0.238923 0.844035
vt 0.768694 0.541981
vt 0.659811 0.536631
vt 0.768869 0.536631
vt 0.768694 0.520754
vt 0.768869 0.526103
vt 0.659811 0.526103
vt 0.488813 0.800635
vt 0.494162 0.691752
vt 0.494162 0.800810
vt 0.230158 0.520754
vt 0.339041 0.526103
vt 0.229983 0.526103
vt 0.032303 0.630426
vt 0.160900 0.630444
vt 0.105405 0.710523
vt 0.018921 0.710523
vt 0.545181 0.896116
vt 0.545181 0.972353
vt 0.532540 0.972353
vt 0.532540 0.910881
vt 0.406646 0.150749
vt 0.391308 0.166746
vt 0.391308 0.086707
vt 0.423028 0.174996
vt 0.417439 0.200442
vt 0.591495 0.166746
vt 0.568165 0.200919
vt 0.563283 0.174996
vt 0.579515 0.150191
vt 0.023876 0.508794
vt 0.023876 0.421661
vt 0.045863 0.421661
vt 0.045863 0.508794
vt 0.023876 0.595947
vt 0.045863 0.595947
vt 0.897868 0.677990
vt 0.869628 0.657144
vt 0.893157 0.646077
vt 0.911149 0.662246
vt 0.960318 0.677972
vt 0.960318 0.662246
vt 0.635021 0.980125
vt 0.635027 0.851590
vt 0.720497 0.909074
vt 0.720497 0.995740
vt 0.202375 0.382151
vt 0.073691 0.382152
vt 0.149260 0.300718
vt 0.898685 0.479180
vt 0.960318 0.479180
vt 0.960318 0.494990
vt 0.911149 0.494990
vt 0.966137 0.318114
vt 0.970756 0.318114
vt 0.975394 0.322754
vt 0.966137 0.322754
vt 0.966137 0.313631
vt 0.961518 0.318114
vt 0.956881 0.322754
vt 0.966137 0.217945
vt 0.961518 0.213426
vt 0.966137 0.208861
vt 0.970756 0.213426
vt 0.975317 0.208861
vt 0.956957 0.208861
vt 0.987993 0.197145
vt 0.992612 0.197145
vt 0.997274 0.201797
vt 0.987993 0.201797
vt 0.987993 0.192640
vt 0.983374 0.197145
vt 0.978711 0.201797
vt 0.987993 0.096949
vt 0.983374 0.092415
vt 0.987993 0.087831
vt 0.992612 0.092415
vt 0.997189 0.087831
vt 0.978796 0.087831
vt 0.987982 0.318463
vt 0.992601 0.318463
vt 0.997296 0.323147
vt 0.987982 0.323147
vt 0.987982 0.313924
vt 0.983364 0.318463
vt 0.978669 0.323147
vt 0.961564 0.196875
vt 0.966182 0.201487
vt 0.970801 0.196875
vt 0.975406 0.201487
vt 0.956959 0.201487
vt 0.966182 0.092204
vt 0.961564 0.092204
vt 0.956983 0.087620
vt 0.966182 0.087620
vt 0.970801 0.092204
vt 0.975382 0.087620
vt 0.976147 0.479400
vt 0.243104 0.193714
vt 0.207229 0.225174
vt 0.175769 0.261046
vt 0.131915 0.750195
vt 0.163375 0.786067
vt 0.199250 0.817527
vt 0.330801 0.972353
vt 0.330804 0.896223
vt 0.343801 0.910881
vt 0.343801 0.972353
vt 0.641169 0.237876
vt 0.641168 0.109238
vt 0.719444 0.094985
vt 0.719541 0.181778
vt 0.591499 0.086707
vt 0.591581 0.074757
vt 0.760169 0.882565
vt 0.796042 0.851104
vt 0.827501 0.815230
vt 0.391308 0.074757
vt 0.115680 0.407435
vt 0.149088 0.429957
vt 0.120797 0.438451
vt 0.100264 0.421561
vt 0.045863 0.407436
vt 0.115564 0.610536
vt 0.045863 0.610535
vt 0.100264 0.596040
vt 0.354135 0.861383
vt 0.361694 0.890193
vt 0.183798 0.655406
vt 0.170657 0.642161
vt 0.203580 0.688559
vt 0.228329 0.717932
vt 0.257509 0.742910
vt 0.290507 0.762951
vt 0.303648 0.776195
vt 0.330537 0.248258
vt 0.347806 0.236758
vt 0.297409 0.268220
vt 0.268081 0.293134
vt 0.243165 0.322461
vt 0.223202 0.355587
vt 0.213923 0.370636
vt 0.807463 0.490377
vt 0.831057 0.516799
vt 0.814174 0.521920
vt 0.781591 0.535417
vt 0.807463 0.414942
vt 0.781591 0.414942
vt 0.775109 0.369404
vt 0.783817 0.385920
vt 0.754666 0.338398
vt 0.826545 0.275622
vt 0.729923 0.309239
vt 0.795086 0.239747
vt 0.700765 0.284495
vt 0.759213 0.208287
vt 0.668460 0.262748
vt 0.650644 0.252741
vt 0.665251 0.830242
vt 0.646107 0.838219
vt 0.698290 0.810365
vt 0.727531 0.785537
vt 0.752358 0.756295
vt 0.772233 0.723253
vt 0.779624 0.704695
vt 0.412761 0.786674
vt 0.380178 0.773178
vt 0.429644 0.791795
vt 0.464234 0.798675
vt 0.232118 0.566559
vt 0.238998 0.601148
vt 0.244119 0.618032
vt 0.257616 0.650615
vt 0.265933 0.666175
vt 0.285526 0.695498
vt 0.308779 0.722014
vt 0.335295 0.745267
vt 0.364619 0.764861
vt 0.939580 0.094985
vt 0.595000 0.872312
vt 0.571182 0.845103
vt 0.588066 0.839982
vt 0.620649 0.826486
vt 0.595000 0.947029
vt 0.620649 0.947028
vt 0.807463 0.671022
vt 0.781591 0.671022
vt 0.807463 0.596324
vt 0.781591 0.550489
vt 0.814174 0.563985
vt 0.831057 0.569107
vt 0.031306 0.407364
vt 0.309177 0.039363
vt 0.586091 0.786674
vt 0.569207 0.791795
vt 0.534618 0.798675
vt 0.766735 0.566559
vt 0.759854 0.601148
vt 0.754733 0.618032
vt 0.741236 0.650615
vt 0.732920 0.666175
vt 0.713326 0.695498
vt 0.690073 0.722014
vt 0.663557 0.745267
vt 0.634234 0.764861
vt 0.618674 0.773178
vt 0.528522 0.168082
vt 0.493155 0.165764
vt 0.457789 0.168082
vt 0.642058 0.067380
vt 0.719251 0.039118
vt 0.960318 0.578601
vt 0.980388 0.494990
vt 0.980388 0.578601
vt 0.980388 0.662246
vt 0.034193 0.370352
vt 0.946866 0.031396
vt 0.946866 0.009442
vt 0.972433 0.031396
vt 0.972433 0.009442
vt 0.982659 0.031396
vt 0.982659 0.009442
vt 0.992886 0.031396
vt 0.992886 0.009463
vt 0.747448 0.031396
vt 0.747448 0.009463
vt 0.757675 0.009442
vt 0.757675 0.031396
vt 0.767901 0.031396
vt 0.767901 0.009442
vt 0.793468 0.031396
vt 0.793468 0.009442
vt 0.824147 0.031396
vt 0.824147 0.009442
vt 0.849714 0.031396
vt 0.849714 0.009442
vt 0.870167 0.031396
vt 0.870167 0.009442
vt 0.890620 0.031396
vt 0.890620 0.009442
vt 0.916187 0.031396
vt 0.916187 0.009442
vt 0.548030 0.031396
vt 0.548030 0.009442
vt 0.578709 0.031396
vt 0.578709 0.009442
vt 0.604276 0.031396
vt 0.604276 0.009442
vt 0.624729 0.031396
vt 0.624729 0.009442
vt 0.645182 0.031396
vt 0.645182 0.009442
vt 0.670749 0.031396
vt 0.670749 0.009442
vt 0.701428 0.031396
vt 0.701428 0.009442
vt 0.726995 0.031396
vt 0.726995 0.009442
vt 0.737221 0.031396
vt 0.737221 0.009442
vt 0.379291 0.031396
vt 0.379291 0.009442
vt 0.399744 0.031396
vt 0.399744 0.009442
vt 0.425311 0.031396
vt 0.425311 0.009442
vt 0.455991 0.031396
vt 0.455991 0.009442
vt 0.481557 0.031396
vt 0.481557 0.009442
vt 0.491784 0.031396
vt 0.491784 0.009442
vt 0.502010 0.031396
vt 0.502010 0.009463
vt 0.512237 0.009442
vt 0.512237 0.031396
vt 0.522463 0.031396
vt 0.522463 0.009442
vt 0.210553 0.031396
vt 0.210553 0.009442
vt 0.236119 0.031396
vt 0.236119 0.009442
vt 0.246346 0.031396
vt 0.246346 0.009442
vt 0.256572 0.031396
vt 0.256572 0.009463
vt 0.266799 0.009442
vt 0.266799 0.031396
vt 0.277025 0.031396
vt 0.277025 0.009442
vt 0.302592 0.009442
vt 0.302592 0.031396
vt 0.333272 0.009442
vt 0.333272 0.031396
vt 0.358838 0.009442
vt 0.358838 0.031396
vt 0.011134 0.031396
vt 0.011134 0.009463
vt 0.021361 0.009442
vt 0.021361 0.031396
vt 0.031587 0.031396
vt 0.031587 0.009442
vt 0.057154 0.031396
vt 0.057154 0.009442
vt 0.087834 0.031396
vt 0.087834 0.009442
vt 0.113400 0.031396
vt 0.113400 0.009442
vt 0.133853 0.031396
vt 0.133853 0.009442
vt 0.154306 0.031396
vt 0.154306 0.009442
vt 0.179873 0.031396
vt 0.179873 0.009442
vt 0.996800 0.352226
vt 0.834627 0.458457
vt 0.811363 0.431240
vt 0.828247 0.426118
vt 0.860830 0.412622
vt 0.834627 0.533155
vt 0.860829 0.533155
vt 0.835019 0.571752
vt 0.861221 0.571752
vt 0.835020 0.646115
vt 0.861222 0.692226
vt 0.828639 0.678730
vt 0.811756 0.673609
vt 0.899808 0.612639
vt 0.902038 0.578620
vt 0.899808 0.544600
vt 0.893157 0.511163
vt 0.364204 0.830292
vt 0.364204 0.804631
vt 0.438920 0.830292
vt 0.484747 0.804631
vt 0.471251 0.837213
vt 0.466129 0.854097
vt 0.939580 0.039118
vt 0.969243 0.696947
vt 0.976147 0.677817
vt 0.311647 0.958388
vt 0.534618 0.264058
vt 0.569207 0.270939
vt 0.586091 0.276060
vt 0.618674 0.289557
vt 0.634234 0.297873
vt 0.663557 0.317467
vt 0.690073 0.340720
vt 0.713326 0.367236
vt 0.732920 0.396560
vt 0.741236 0.412119
vt 0.754733 0.444702
vt 0.759854 0.461585
vt 0.766735 0.496175
vt 0.113862 0.473319
vt 0.111537 0.508794
vt 0.113862 0.544270
vt 0.120797 0.579138
vt 0.438288 0.972353
vt 0.399633 0.896573
vt 0.438232 0.899103
vt 0.476833 0.896573
vt 0.514772 0.890193
vt 0.330734 0.985696
vt 0.438289 0.972353
vt 0.983731 0.067025
vt 0.563283 0.200457
vt 0.528522 0.193542
vt 0.503904 0.191804
vt 0.493155 0.191219
vt 0.482407 0.191804
vt 0.457789 0.193542
vt 0.423028 0.200457
vt 0.532540 0.995416
vt 0.438289 0.995416
vt 0.343801 0.995416
vt 0.361693 0.863899
vt 0.399632 0.870589
vt 0.426508 0.872270
vt 0.438233 0.872837
vt 0.449957 0.872270
vt 0.476833 0.870589
vt 0.514772 0.863899
vt 0.875297 0.544600
vt 0.868472 0.511162
vt 0.877013 0.568271
vt 0.877632 0.578619
vt 0.877013 0.588967
vt 0.875297 0.612639
vt 0.868472 0.646077
vt 0.148753 0.438450
vt 0.141817 0.473319
vt 0.140074 0.497965
vt 0.139492 0.508794
vt 0.140074 0.519623
vt 0.141817 0.544269
vt 0.148753 0.579138
vt 0.865283 0.500939
vt 0.036127 0.034354
vt 0.412761 0.276060
vt 0.429644 0.270939
vt 0.464234 0.264058
vt 0.232118 0.496175
vt 0.238998 0.461585
vt 0.244119 0.444702
vt 0.257616 0.412119
vt 0.265933 0.396560
vt 0.285526 0.367236
vt 0.308779 0.340720
vt 0.335295 0.317467
vt 0.364619 0.297873
vt 0.380178 0.289557
vt 0.522567 0.861518
vt 0.148820 0.586917
vt 0.031306 0.610322
vt 0.545181 0.985696
s 0
usemtl materialsmodelspropsmetal_box
f 4/1/1 2/2/1 1/3/1
s 1
f 6/4/2 5/5/3 3/2/4
f 7/1/5 6/4/2 3/2/4
f 6/4/2 7/1/5 8/6/6
f 7/1/5 9/7/7 8/6/6
f 10/8/8 6/4/2 8/6/6
f 13/9/9 12/10/10 11/11/11
f 15/12/12 14/13/13 12/10/10
f 13/9/9 15/12/12 12/10/10
f 15/12/12 13/9/9 16/14/14
f 13/9/9 17/15/15 16/14/14
f 13/9/9 18/16/16 17/15/15
f 18/16/16 13/9/9 11/11/11
f 18/16/16 11/11/11 19/17/17
f 22/18/18 21/19/19 20/20/20
f 23/21/21 21/19/19 22/18/18
f 24/22/22 23/21/21 22/18/18
f 25/23/23 23/21/21 24/22/22
f 26/24/24 25/23/23 24/22/22
f 27/25/25 25/23/23 26/24/24
f 28/26/26 27/25/25 26/24/24
f 29/27/27 27/25/25 28/26/26
f 30/28/28 29/27/27 28/26/26
f 31/29/29 29/27/27 30/28/28
f 32/30/30 31/29/29 30/28/28
f 19/17/17 31/29/29 32/30/30
f 33/31/31 19/17/17 32/30/30
f 33/31/31 18/16/16 19/17/17
f 18/16/16 33/31/31 34/32/32
f 18/16/16 34/32/32 17/15/15
f 34/32/32 35/33/33 17/15/15
f 17/15/15 35/33/33 16/14/14
f 37/34/34 35/33/33 36/35/35
f 35/33/33 37/34/34 38/36/36
f 35/33/33 38/36/36 39/37/37
f 35/33/33 39/37/37 40/38/38
f 35/33/33 40/38/38 41/39/39
f 35/33/33 41/39/39 42/40/40
f 35/33/33 42/40/40 43/41/41
f 35/33/33 43/41/41 44/42/42
f 35/33/33 44/42/42 45/43/43
f 46/44/44 45/43/43 44/42/42
f 47/45/45 46/44/44 44/42/42
f 47/45/45 44/42/42 43/41/41
f 48/46/46 47/45/45 43/41/41
f 48/46/46 43/41/41 42/40/40
f 49/47/47 48/46/46 42/40/40
f 49/47/47 42/40/40 41/39/39
f 50/48/48 49/47/47 41/39/39
f 50/48/48 41/39/39 40/38/38
f 51/49/49 50/48/48 40/38/38
f 51/49/49 40/38/38 39/37/37
f 52/50/50 51/49/49 39/37/37
f 52/50/50 39/37/37 38/36/36
f 53/51/51 52/50/50 38/36/36
f 53/51/51 38/36/36 37/34/34
f 54/52/52 53/51/51 37/34/34
f 54/52/52 37/34/34 36/35/35
f 49/47/47 55/53/53 48/46/46
f 56/54/54 55/53/53 49/47/47
f 50/48/48 56/54/54 49/47/47
f 57/55/55 56/54/54 50/48/48
f 51/49/49 57/55/55 50/48/48
f 58/56/56 57/55/55 51/49/49
f 52/50/50 58/56/56 51/49/49
f 59/57/57 58/56/56 52/50/50
f 53/51/51 59/57/57 52/50/50
f 60/58/58 59/57/57 53/51/51
f 54/52/52 60/58/58 53/51/51
f 54/52/52 61/59/59 60/58/58
f 61/59/59 54/52/52 36/35/35
f 61/59/59 36/35/35 62/60/60
f 36/35/35 35/33/33 62/60/60
f 62/60/60 35/33/33 63/61/61
f 63/61/61 35/33/33 64/62/62
f 65/63/63 63/61/61 64/62/62
f 65/63/63 67/64/64 66/65/65
f 68/66/66 65/63/63 66/65/65
f 65/63/63 68/66/66 63/61/61
f 68/66/66 62/60/60 63/61/61
f 68/66/66 61/59/59 62/60/60
f 61/59/59 68/66/66 69/67/67
f 61/59/59 69/67/67 60/58/58
f 68/66/66 66/65/65 69/67/67
f 72/68/68 71/69/69 70/70/70
f 35/33/33 70/70/70 71/69/69
f 35/33/33 73/71/71 70/70/70
f 35/33/33 74/72/72 73/71/71
f 35/33/33 75/73/73 74/72/72
f 35/33/33 76/74/74 75/73/73
f 35/33/33 77/75/75 76/74/74
f 35/33/33 78/76/76 77/75/75
f 35/33/33 79/77/77 78/76/76
f 79/77/77 35/33/33 80/78/78
f 81/79/79 79/77/77 80/78/78
f 81/79/79 82/80/80 79/77/77
f 82/80/80 78/76/76 79/77/77
f 82/80/80 83/81/81 78/76/76
f 83/81/81 77/75/75 78/76/76
f 83/81/81 84/82/82 77/75/75
f 84/82/82 76/74/74 77/75/75
f 84/82/82 85/83/83 76/74/74
f 85/83/83 75/73/73 76/74/74
f 85/83/83 86/84/84 75/73/73
f 86/84/84 74/72/72 75/73/73
f 86/84/84 87/85/85 74/72/72
f 87/85/85 73/71/71 74/72/72
f 87/85/85 88/86/86 73/71/71
f 88/86/86 70/70/70 73/71/71
f 88/86/86 72/68/68 70/70/70
f 16/14/14 35/33/33 71/69/69
f 15/12/12 16/14/14 71/69/69
f 72/68/68 15/12/12 71/69/69
f 15/12/12 72/68/68 14/13/13
f 72/68/68 89/87/87 14/13/13
f 90/88/88 89/87/87 72/68/68
f 88/86/86 90/88/88 72/68/68
f 91/89/89 90/88/88 88/86/86
f 87/85/85 91/89/89 88/86/86
f 92/90/90 91/89/89 87/85/85
f 86/84/84 92/90/90 87/85/85
f 93/91/91 92/90/90 86/84/84
f 85/83/83 93/91/91 86/84/84
f 94/92/92 93/91/91 85/83/83
f 84/82/82 94/92/92 85/83/83
f 95/93/93 94/92/92 84/82/82
f 83/81/81 95/93/93 84/82/82
f 96/94/94 95/93/93 83/81/81
f 82/80/80 96/94/94 83/81/81
f 97/95/95 96/94/94 82/80/80
f 81/79/79 97/95/95 82/80/80
f 81/79/79 98/96/96 97/95/95
f 98/96/96 81/79/79 80/78/78
f 98/96/96 80/78/78 99/97/97
f 80/78/78 35/33/33 99/97/97
f 99/97/97 35/33/33 100/98/98
f 100/98/98 35/33/33 45/43/43
f 101/99/99 100/98/98 45/43/43
f 46/44/44 101/99/99 45/43/43
f 101/99/99 46/44/44 102/100/100
f 46/44/44 103/101/101 102/100/100
f 104/102/102 103/101/101 46/44/44
f 47/45/45 104/102/102 46/44/44
f 105/103/103 104/102/102 47/45/45
f 48/46/46 105/103/103 47/45/45
f 55/53/53 105/103/103 48/46/46
f 101/99/99 102/100/100 106/104/104
f 107/105/105 101/99/99 106/104/104
f 101/99/99 107/105/105 100/98/98
f 107/105/105 99/97/97 100/98/98
f 107/105/105 98/96/96 99/97/97
f 98/96/96 107/105/105 108/106/106
f 98/96/96 108/106/106 97/95/95
f 107/105/105 106/104/104 108/106/106
f 111/107/107 110/108/108 109/109/109
f 110/108/108 112/110/110 109/109/109
f 112/110/110 35/33/33 109/109/109
f 109/109/109 35/33/33 113/111/111
f 35/33/33 114/112/112 113/111/111
f 35/33/33 115/113/113 114/112/112
f 35/33/33 116/114/114 115/113/113
f 35/33/33 117/115/115 116/114/114
f 35/33/33 118/116/116 117/115/115
f 35/33/33 119/117/117 118/116/116
f 35/33/33 120/118/118 119/117/117
f 35/33/33 121/119/119 120/118/118
f 121/119/119 35/33/33 34/32/32
f 33/31/31 121/119/119 34/32/32
f 33/31/31 32/30/30 121/119/119
f 32/30/30 120/118/118 121/119/119
f 32/30/30 30/28/28 120/118/118
f 30/28/28 119/117/117 120/118/118
f 30/28/28 28/26/26 119/117/117
f 28/26/26 118/116/116 119/117/117
f 28/26/26 26/24/24 118/116/116
f 26/24/24 117/115/115 118/116/116
f 26/24/24 24/22/22 117/115/115
f 24/22/22 116/114/114 117/115/115
f 24/22/22 22/18/18 116/114/114
f 22/18/18 115/113/113 116/114/114
f 22/18/18 20/20/20 115/113/113
f 20/20/20 114/112/112 115/113/113
f 20/20/20 122/120/120 114/112/112
f 122/120/120 113/111/111 114/112/112
f 122/120/120 111/107/107 113/111/111
f 111/107/107 109/109/109 113/111/111
f 125/121/121 124/122/122 123/123/123
f 126/124/124 125/121/121 123/123/123
f 126/124/124 123/123/123 127/125/125
f 126/124/124 127/125/125 128/126/126
f 127/125/125 35/33/33 128/126/126
f 128/126/126 35/33/33 129/127/127
f 129/127/127 35/33/33 112/110/110
f 130/128/128 129/127/127 112/110/110
f 110/108/108 130/128/128 112/110/110
f 130/128/128 110/108/108 131/129/129
f 110/108/108 132/130/130 131/129/129
f 110/108/108 111/107/107 132/130/130
f 111/107/107 133/131/131 132/130/130
f 111/107/107 122/120/120 133/131/131
f 122/120/120 134/132/132 133/131/131
f 135/133/133 134/132/132 122/120/120
f 20/20/20 135/133/133 122/120/120
f 21/19/19 135/133/133 20/20/20
f 130/128/128 131/129/129 136/134/134
f 137/135/135 130/128/128 136/134/134
f 130/128/128 137/135/135 129/127/127
f 137/135/135 128/126/126 129/127/127
f 137/135/135 126/124/124 128/126/126
f 137/135/135 136/134/134 126/124/124
f 136/134/134 125/121/121 126/124/124
f 139/136/136 35/33/33 138/137/137
f 140/138/138 35/33/33 139/136/136
f 141/139/139 140/138/138 139/136/136
f 141/139/139 142/140/140 140/138/138
f 142/140/140 143/141/141 140/138/138
f 142/140/140 144/142/142 143/141/141
f 144/142/142 145/143/143 143/141/141
f 144/142/142 146/144/144 145/143/143
f 146/144/144 147/145/145 145/143/143
f 146/144/144 148/146/146 147/145/145
f 148/146/146 64/62/62 147/145/145
f 64/62/62 35/33/33 147/145/145
f 147/145/145 35/33/33 145/143/143
f 145/143/143 35/33/33 143/141/141
f 143/141/141 35/33/33 140/138/138
f 149/147/147 141/139/139 139/136/136
f 149/147/147 139/136/136 138/137/137
f 148/146/146 65/63/63 64/62/62
f 65/63/63 148/146/146 67/64/64
f 148/146/146 150/148/148 67/64/64
f 151/149/149 150/148/148 148/146/146
f 146/144/144 151/149/149 148/146/146
f 152/150/150 151/149/149 146/144/144
f 144/142/142 152/150/150 146/144/144
f 153/151/151 152/150/150 144/142/142
f 142/140/140 153/151/151 144/142/142
f 154/152/152 153/151/151 142/140/140
f 141/139/139 154/152/152 142/140/140
f 155/153/153 154/152/152 141/139/139
f 149/147/147 155/153/153 141/139/139
f 124/122/122 155/153/153 149/147/147
f 123/123/123 124/122/122 149/147/147
f 123/123/123 149/147/147 138/137/137
f 123/123/123 138/137/137 127/125/125
f 138/137/137 35/33/33 127/125/125
s 0
f 162/154/154 159/155/154 156/156/154
f 161/155/155 165/157/155 164/158/155
s 1
f 157/156/156 160/155/157 163/158/156
s 0
f 166/159/155 158/156/155 164/158/155
f 169/160/158 168/161/158 167/162/158
f 168/161/158 170/163/158 167/162/158
f 170/163/158 168/161/158 171/164/158
f 172/165/158 170/163/158 171/164/158
f 177/166/159 175/167/159 174/168/159
f 178/169/160 176/166/160 173/168/160
f 181/170/161 180/171/161 179/172/161
f 180/171/161 182/173/161 179/172/161
f 183/174/161 179/172/161 182/173/161
f 184/175/161 183/174/161 182/173/161
f 187/176/162 186/177/162 185/178/162
f 188/179/162 187/176/162 185/178/162
f 193/180/162 191/181/162 190/182/162
f 194/183/162 192/180/162 189/182/162
f 197/184/154 196/185/154 195/186/154
f 197/184/154 195/186/154 199/187/154
s 1
f 203/188/163 198/184/164 201/187/165
s 0
f 204/189/155 202/188/155 200/187/155
f 209/190/166 207/191/166 206/166/166
f 210/192/167 208/190/167 205/166/167
f 215/193/168 213/194/168 212/195/168
f 216/196/169 214/193/169 211/195/169
s 1
f 219/64/170 218/197/170 217/198/171
f 220/199/170 219/64/170 217/198/171
f 223/131/172 222/200/172 221/201/172
f 224/202/172 223/131/172 221/201/172
f 227/203/173 226/67/173 225/204/173
f 228/205/174 227/203/173 225/204/173
f 231/13/175 230/206/176 229/207/175
f 232/208/175 231/13/175 229/207/175
s 0
f 235/164/177 234/209/177 233/210/177
f 236/165/177 235/164/177 233/210/177
f 239/162/33 238/211/33 237/212/33
f 240/160/33 239/162/33 237/212/33
f 243/213/178 242/214/178 241/215/178
f 244/5/178 243/213/178 241/215/178
f 247/8/154 246/216/154 245/217/154
f 248/218/154 247/8/154 245/217/154
f 251/219/154 250/220/154 249/221/154
f 252/222/154 251/219/154 249/221/154
f 255/223/178 254/224/178 253/225/178
f 256/226/178 255/223/178 253/225/178
f 259/227/177 258/228/177 257/229/177
f 260/230/177 259/227/177 257/229/177
f 263/231/33 262/232/33 261/233/33
f 264/234/33 263/231/33 261/233/33
f 267/235/179 266/236/179 265/237/179
f 268/238/179 267/235/179 265/237/179
f 271/239/180 270/240/180 269/180/180
f 272/241/181 271/239/181 269/180/181
s 1
f 275/242/182 274/106/182 273/243/182
f 276/244/183 275/242/182 273/243/182
f 279/100/184 278/245/184 277/246/184
f 280/247/184 279/100/184 277/246/184
f 283/248/185 282/11/185 281/249/185
f 284/250/186 283/248/185 281/249/185
f 287/251/187 286/129/187 285/252/187
f 288/253/188 287/251/187 285/252/187
s 0
f 291/254/189 290/255/189 289/256/189
f 292/257/189 291/254/189 289/256/189
s 1
f 295/258/190 294/259/191 293/260/192
f 296/261/191 295/258/190 293/260/192
f 300/262/193 299/263/193 298/264/194
s 0
f 302/175/195 301/262/195 297/264/195
s 1
f 305/263/196 304/262/197 303/265/198
f 306/266/198 305/263/196 303/265/198
s 0
f 311/267/199 309/268/199 308/269/199
s 1
f 307/269/200 312/270/200 310/267/200
s 0
f 316/254/201 315/255/201 313/256/201
f 318/257/202 317/254/202 314/256/202
f 321/239/203 320/240/203 319/180/203
f 322/241/203 321/239/203 319/180/203
f 325/235/204 324/236/204 323/237/204
f 326/238/204 325/235/204 323/237/204
f 329/271/205 328/272/205 327/273/205
f 330/274/205 329/271/205 327/273/205
f 331/275/205 329/271/205 330/274/205
f 332/276/205 331/275/205 330/274/205
f 335/175/206 334/174/206 333/173/206
f 334/174/206 336/172/206 333/173/206
f 337/171/206 333/173/206 336/172/206
f 338/170/206 337/171/206 336/172/206
f 341/274/207 340/276/207 339/275/207
f 342/271/207 341/274/207 339/275/207
f 343/273/207 341/274/207 342/271/207
f 344/272/207 343/273/207 342/271/207
f 347/219/178 346/220/178 345/221/178
f 348/222/178 347/219/178 345/221/178
s 1
f 351/277/208 350/278/209 349/279/210
f 351/277/208 349/279/210 352/280/211
s 0
f 355/281/212 354/277/212 353/280/212
f 356/282/212 355/281/212 353/280/212
f 359/283/213 358/284/213 357/285/213
f 360/286/213 359/283/213 357/285/213
f 363/287/214 362/288/214 361/178/214
f 364/289/214 363/287/214 361/178/214
f 367/290/158 366/291/158 365/292/158
f 368/293/158 367/290/158 365/292/158
f 371/190/204 370/191/204 369/166/204
f 372/192/204 371/190/204 369/166/204
f 375/223/154 374/224/154 373/225/154
f 376/226/154 375/223/154 373/225/154
f 379/227/158 378/228/158 377/229/158
f 380/230/158 379/227/158 377/229/158
s 1
f 383/251/215 382/129/215 381/252/215
f 384/253/216 383/251/215 381/252/215
f 387/248/217 386/11/217 385/249/217
f 388/250/218 387/248/217 385/249/217
f 391/100/219 390/245/219 389/246/219
f 392/247/219 391/100/219 389/246/219
f 395/242/220 394/106/220 393/243/220
f 396/244/221 395/242/220 393/243/220
f 399/294/222 398/295/223 397/296/224
f 400/297/225 399/294/222 397/296/224
f 402/298/177 401/234/226 398/295/223
f 399/294/222 402/298/177 398/295/223
f 402/298/177 399/294/222 403/299/227
f 399/294/222 404/297/228 403/299/227
s 0
f 404/297/229 405/300/230 403/299/227
s 1
f 406/227/231 402/298/177 403/299/227
s 0
f 409/231/212 408/232/212 407/233/212
f 410/234/212 409/231/212 407/233/212
s 1
f 413/301/232 412/230/233 411/302/234
f 414/303/232 413/301/232 411/302/234
f 413/301/232 414/303/232 415/304/235
f 414/303/232 416/305/236 415/304/235
f 414/303/232 411/302/234 417/306/237
f 418/231/238 413/301/232 415/304/235
s 0
f 421/227/158 420/228/158 419/229/158
f 422/230/158 421/227/158 419/229/158
s 1
f 425/307/239 424/308/240 423/309/241
f 426/310/242 425/307/239 423/309/241
f 428/311/158 427/226/243 424/308/240
f 425/307/239 428/311/158 424/308/240
f 428/311/158 425/307/239 429/312/244
f 425/307/239 430/310/245 429/312/244
f 430/310/245 431/313/246 429/312/244
f 432/219/247 428/311/158 429/312/244
s 0
f 435/223/177 434/224/177 433/225/177
f 436/226/177 435/223/177 433/225/177
s 1
f 439/314/212 438/222/248 437/315/248
f 440/316/212 439/314/212 437/315/248
f 439/314/212 440/316/212 441/317/249
f 440/316/212 442/318/249 441/317/249
f 440/316/212 437/315/248 443/319/248
f 444/223/249 439/314/212 441/317/249
s 0
f 447/219/33 446/220/33 445/221/33
f 448/222/33 447/219/33 445/221/33
s 1
f 451/320/250 450/321/251 449/322/252
f 452/323/253 451/320/250 449/322/252
f 454/324/212 453/218/251 450/321/251
f 451/320/250 454/324/212 450/321/251
f 454/324/212 451/320/250 456/325/254
f 451/320/250 458/323/255 456/325/254
s 0
f 457/323/256 459/326/256 455/325/256
s 1
f 460/213/257 454/324/212 456/325/254
s 0
f 463/8/33 462/216/33 461/217/33
f 464/218/33 463/8/33 461/217/33
s 1
f 467/4/258 466/5/259 465/2/260
f 468/1/258 467/4/258 465/2/260
f 467/4/258 468/1/258 469/6/261
f 468/1/258 470/7/262 469/6/261
f 468/1/258 465/2/260 471/3/263
f 472/8/264 467/4/258 469/6/261
s 0
f 475/213/177 474/214/177 473/215/177
f 476/5/177 475/213/177 473/215/177
s 1
f 479/161/265 478/164/266 477/327/267
f 480/328/265 479/161/265 477/327/267
f 479/161/265 480/328/265 481/329/268
f 480/328/265 482/330/269 481/329/268
f 480/328/265 477/327/267 483/331/270
f 484/160/271 479/161/265 481/329/268
s 0
f 487/162/212 486/211/212 485/212/212
f 488/160/212 487/162/212 485/212/212
s 1
f 491/332/33 490/333/272 489/334/273
f 492/335/274 491/332/33 489/334/273
f 494/163/33 493/165/275 490/333/272
f 491/332/33 494/163/33 490/333/272
f 494/163/33 491/332/33 495/336/276
f 491/332/33 496/335/277 495/336/276
f 496/335/277 497/337/277 495/336/276
f 498/162/278 494/163/33 495/336/276
s 0
f 501/164/158 500/209/158 499/210/158
f 502/165/158 501/164/158 499/210/158
s 1
f 505/13/279 504/206/279 503/207/279
f 506/208/279 505/13/279 503/207/279
f 509/203/280 508/67/280 507/204/280
f 510/205/281 509/203/280 507/204/280
f 513/131/282 512/200/282 511/201/282
f 514/202/282 513/131/282 511/201/282
f 517/64/283 516/197/283 515/198/283
f 518/199/283 517/64/283 515/198/283
s 0
f 521/193/284 520/194/284 519/195/284
f 522/196/285 521/193/285 519/195/285
f 525/190/286 524/191/286 523/166/286
f 526/192/286 525/190/286 523/166/286
s 1
f 529/287/287 528/288/287 527/178/287
s 0
f 530/289/287 529/287/287 527/178/287
f 533/283/288 532/284/288 531/285/288
f 534/286/288 533/283/288 531/285/288
f 537/235/286 536/236/286 535/237/286
f 538/238/286 537/235/286 535/237/286
f 541/239/285 540/240/285 539/180/285
f 542/241/284 541/239/284 539/180/284
f 545/254/287 544/255/287 543/256/287
f 546/257/287 545/254/287 543/256/287
s 1
f 549/277/289 548/278/290 547/279/291
f 549/277/289 547/279/291 550/280/292
s 0
f 553/291/158 552/338/158 551/292/158
f 554/290/158 553/291/158 551/292/158
f 555/293/158 554/290/158 551/292/158
f 558/177/212 557/238/212 556/237/212
f 558/177/212 556/237/212 559/339/212
f 558/177/212 559/339/212 560/340/212
f 558/177/212 560/340/212 561/341/212
f 558/177/212 561/341/212 562/289/212
f 563/178/212 558/177/212 562/289/212
f 566/183/212 565/257/212 564/256/212
f 566/183/212 564/256/212 567/342/212
f 566/183/212 567/342/212 568/343/212
f 566/183/212 568/343/212 569/344/212
f 566/183/212 569/344/212 570/241/212
f 566/183/212 570/241/212 571/180/212
f 574/218/158 573/324/158 572/8/158
f 573/324/158 575/4/158 572/8/158
f 575/4/158 573/324/158 576/213/158
f 577/5/158 575/4/158 576/213/158
s 1
f 580/345/293 579/346/293 578/347/294
f 581/348/295 580/345/293 578/347/294
s 0
f 584/349/288 583/350/288 582/351/288
f 585/352/288 584/349/288 582/351/288
s 1
f 588/353/296 587/267/297 586/270/298
f 589/171/296 588/353/296 586/270/298
f 588/353/296 589/171/296 590/354/299
s 0
f 593/226/158 592/311/158 591/223/158
f 592/311/158 594/314/158 591/223/158
f 594/314/158 592/311/158 595/219/158
f 596/222/158 594/314/158 595/219/158
f 599/269/300 598/270/300 597/267/300
f 597/267/300 601/268/301 600/269/301
s 1
f 604/263/302 603/262/303 602/265/304
f 605/266/305 604/263/302 602/265/304
f 608/258/306 607/259/307 606/260/307
f 609/261/306 608/258/306 606/260/307
s 0
f 612/169/212 611/286/212 610/285/212
f 612/169/212 610/285/212 613/355/212
f 612/169/212 613/355/212 614/356/212
f 612/169/212 614/356/212 615/357/212
f 612/169/212 615/357/212 616/192/212
f 617/166/212 612/169/212 616/192/212
f 620/193/203 619/194/203 618/195/203
f 621/196/308 620/193/308 618/195/308
f 625/258/154 624/259/154 622/260/154
f 627/261/309 626/258/309 623/260/309
s 1
f 630/251/310 629/129/310 628/252/310
f 631/253/311 630/251/310 628/252/310
f 634/248/312 633/11/312 632/249/312
f 635/250/313 634/248/312 632/249/312
s 0
f 638/264/314 637/358/314 636/175/314
s 1
f 636/175/314 639/262/315 638/264/314
f 639/262/315 640/263/315 638/264/314
s 0
f 643/234/158 642/298/158 641/231/158
f 642/298/158 644/301/158 641/231/158
f 644/301/158 642/298/158 645/227/158
f 646/230/158 644/301/158 645/227/158
s 1
f 649/359/316 648/360/317 647/361/318
f 649/359/316 647/361/318 650/362/319
f 653/100/320 652/245/320 651/246/320
f 654/247/320 653/100/320 651/246/320
f 657/242/321 656/106/321 655/243/321
f 658/244/322 657/242/321 655/243/321
f 661/64/323 660/197/323 659/198/324
f 662/199/323 661/64/323 659/198/324
f 665/131/325 664/200/326 663/201/325
f 666/202/325 665/131/325 663/201/325
f 669/203/327 668/67/327 667/204/327
f 670/205/328 669/203/327 667/204/327
f 673/13/329 672/206/329 671/207/329
f 674/208/329 673/13/329 671/207/329
s 0
f 677/363/158 676/359/158 675/362/158
f 678/273/158 677/363/158 675/362/158
f 681/364/212 680/365/212 679/276/212
f 682/366/212 681/364/212 679/276/212
s 1
f 685/294/330 684/295/331 683/296/332
f 686/297/333 685/294/330 683/296/332
f 688/298/33 687/234/334 684/295/331
f 685/294/330 688/298/33 684/295/331
f 688/298/33 685/294/330 689/299/335
f 685/294/330 690/297/336 689/299/335
f 690/297/336 691/300/337 689/299/335
f 692/227/338 688/298/33 689/299/335
s 0
f 695/231/212 694/232/212 693/233/212
f 696/234/212 695/231/212 693/233/212
s 1
f 699/301/339 698/230/340 697/302/341
f 700/303/339 699/301/339 697/302/341
f 699/301/339 700/303/339 701/304/342
f 700/303/339 702/305/270 701/304/342
f 700/303/339 697/302/341 703/306/269
f 704/231/343 699/301/339 701/304/342
s 0
f 707/227/158 706/228/158 705/229/158
f 708/230/158 707/227/158 705/229/158
s 1
f 711/307/344 710/308/345 709/309/346
f 712/310/347 711/307/344 709/309/346
f 714/311/158 713/226/247 710/308/345
f 711/307/344 714/311/158 710/308/345
f 714/311/158 711/307/344 715/312/348
f 711/307/344 716/310/349 715/312/348
f 716/310/349 717/313/350 715/312/348
f 718/219/243 714/311/158 715/312/348
s 0
f 721/223/33 720/224/33 719/225/33
f 722/226/33 721/223/33 719/225/33
s 1
f 725/314/212 724/222/249 723/315/249
f 726/316/212 725/314/212 723/315/249
f 725/314/212 726/316/212 727/317/248
f 726/316/212 728/318/248 727/317/248
f 726/316/212 723/315/249 729/319/249
f 730/223/248 725/314/212 727/317/248
s 0
f 733/219/177 732/220/177 731/221/177
f 734/222/177 733/219/177 731/221/177
s 1
f 737/320/351 736/321/257 735/322/352
f 738/323/353 737/320/351 735/322/352
f 740/324/212 739/218/257 736/321/257
f 737/320/351 740/324/212 736/321/257
f 740/324/212 737/320/351 741/325/354
f 737/320/351 742/323/355 741/325/354
s 0
f 742/323/356 743/326/356 741/325/356
s 1
f 744/213/251 740/324/212 741/325/354
s 0
f 747/8/177 746/216/177 745/217/177
f 748/218/177 747/8/177 745/217/177
s 1
f 751/4/357 750/5/264 749/2/358
f 752/1/357 751/4/357 749/2/358
f 751/4/357 752/1/357 753/6/359
f 752/1/357 754/7/263 753/6/359
f 752/1/357 749/2/358 755/3/262
f 756/8/259 751/4/357 753/6/359
s 0
f 759/349/360 758/350/360 757/351/360
f 760/352/360 759/349/360 757/351/360
f 763/213/33 762/214/33 761/215/33
f 764/5/33 763/213/33 761/215/33
s 1
f 767/161/361 766/164/362 765/327/363
f 768/328/361 767/161/361 765/327/363
f 767/161/361 768/328/361 769/329/364
f 768/328/361 770/330/237 769/329/364
f 768/328/361 765/327/363 771/331/236
f 772/160/365 767/161/361 769/329/364
s 0
f 775/162/212 774/211/212 773/212/212
f 776/160/212 775/162/212 773/212/212
s 1
f 779/353/366 778/267/367 777/270/367
f 780/171/366 779/353/366 777/270/367
s 0
f 785/349/368 783/350/368 782/351/368
f 786/352/369 784/349/369 781/351/369
f 791/287/370 789/288/370 788/178/370
f 792/289/371 790/287/371 787/178/371
f 796/283/372 795/284/372 793/285/372
f 798/286/373 797/283/373 794/285/373
s 1
f 801/346/374 800/367/375 799/368/376
f 801/346/374 799/368/376 802/347/377
f 805/369/378 804/256/379 803/370/380
f 804/256/379 805/369/378 806/371/381
f 807/342/381 804/256/379 806/371/381
f 807/342/381 806/371/381 808/372/382
f 809/343/382 807/342/381 808/372/382
f 809/343/382 808/372/382 810/373/383
f 811/344/383 809/343/382 810/373/383
f 811/344/383 810/373/383 812/374/384
f 813/241/385 811/344/383 812/374/384
f 814/375/386 813/241/385 812/374/384
f 817/376/387 816/237/388 815/377/389
f 816/237/388 817/376/387 818/378/390
f 819/339/390 816/237/388 818/378/390
f 819/339/390 818/378/390 820/379/391
f 821/340/391 819/339/390 820/379/391
f 821/340/391 820/379/391 822/380/392
f 823/341/392 821/340/391 822/380/392
f 823/341/392 822/380/392 824/381/393
f 825/289/394 823/341/392 824/381/393
f 826/382/395 825/289/394 824/381/393
s 0
f 829/383/178 828/384/178 827/385/178
f 829/383/178 827/385/178 831/386/178
f 835/387/396 830/383/396 833/386/396
f 836/388/397 834/387/397 832/386/397
s 1
f 839/389/398 838/195/399 837/390/400
f 838/195/399 839/389/398 840/391/401
f 841/392/401 838/195/399 840/391/401
f 841/392/401 840/391/401 842/393/402
f 843/394/402 841/392/401 842/393/402
f 843/394/402 842/393/402 844/395/403
f 845/396/403 843/394/402 844/395/403
f 845/396/403 844/395/403 846/397/404
f 847/352/405 845/396/403 846/397/404
f 848/398/406 847/352/405 846/397/404
f 851/399/407 850/285/408 849/400/409
f 850/285/408 851/399/407 852/401/410
f 853/355/410 850/285/408 852/401/410
f 853/355/410 852/401/410 854/402/411
f 855/356/411 853/355/410 854/402/411
f 855/356/411 854/402/411 856/403/412
f 857/357/412 855/356/411 856/403/412
f 857/357/412 856/403/412 858/404/413
f 859/192/414 857/357/412 858/404/413
f 860/405/415 859/192/414 858/404/413
s 0
f 865/235/416 863/236/416 862/237/416
f 866/238/417 864/235/417 861/237/417
s 1
f 871/239/418 869/240/418 868/180/418
s 0
f 872/241/419 870/239/419 867/180/419
f 875/8/178 874/216/178 873/217/178
f 876/218/178 875/8/178 873/217/178
f 879/406/178 878/407/178 877/29/178
f 879/406/178 877/29/178 880/408/178
f 880/408/178 877/29/178 881/17/178
f 882/409/178 880/408/178 881/17/178
f 882/409/178 881/17/178 883/11/178
f 884/248/178 882/409/178 883/11/178
f 887/200/178 886/131/178 885/132/178
f 888/410/178 887/200/178 885/132/178
f 888/410/178 885/132/178 889/133/178
f 890/411/178 888/410/178 889/133/178
f 890/411/178 889/133/178 891/412/178
f 891/412/178 889/133/178 892/19/178
f 893/413/178 891/412/178 892/19/178
f 893/413/178 892/19/178 894/414/178
f 894/414/178 892/19/178 895/21/178
f 896/415/178 894/414/178 895/21/178
f 896/415/178 895/21/178 897/23/178
f 898/416/178 896/415/178 897/23/178
f 898/416/178 897/23/178 899/25/178
f 900/417/178 898/416/178 899/25/178
f 900/417/178 899/25/178 901/27/178
f 902/418/178 900/417/178 901/27/178
f 902/418/178 901/27/178 878/407/178
f 878/407/178 901/27/178 877/29/178
s 1
f 905/161/420 904/164/421 903/327/422
f 907/328/420 903/327/422 906/331/423
f 907/328/420 905/161/420 903/327/422
f 905/161/420 907/328/420 908/329/424
f 909/160/425 905/161/420 908/329/424
f 907/328/420 910/330/426 908/329/424
f 913/4/427 912/5/428 911/2/429
f 915/1/427 911/2/429 914/3/430
f 915/1/427 913/4/427 911/2/429
f 913/4/427 915/1/427 916/6/431
f 917/8/432 913/4/427 916/6/431
f 915/1/427 918/7/433 916/6/431
f 921/314/33 920/222/434 919/315/434
f 923/316/33 919/315/434 922/319/434
f 923/316/33 921/314/33 919/315/434
f 921/314/33 923/316/33 924/317/435
f 925/223/435 921/314/33 924/317/435
f 923/316/33 926/318/435 924/317/435
f 929/301/157 928/230/436 927/302/437
f 931/303/157 927/302/437 930/306/438
f 931/303/157 929/301/157 927/302/437
f 929/301/157 931/303/157 932/304/439
f 933/231/440 929/301/157 932/304/439
f 931/303/157 934/305/441 932/304/439
f 937/310/442 936/307/443 935/309/444
f 936/307/443 938/308/445 935/309/444
f 936/307/443 939/311/177 938/308/445
f 939/311/177 940/226/446 938/308/445
f 943/310/447 942/313/448 941/312/449
f 936/307/443 943/310/447 941/312/449
f 939/311/177 936/307/443 941/312/449
f 944/219/449 939/311/177 941/312/449
f 947/262/450 946/263/450 945/264/451
f 948/175/450 947/262/450 945/264/451
s 0
f 952/193/181 951/194/181 949/195/181
f 954/196/180 953/193/180 950/195/180
f 957/289/178 956/178/178 955/177/178
f 955/177/178 958/341/178 957/289/178
f 959/340/178 958/341/178 955/177/178
f 955/177/178 960/339/178 959/340/178
f 955/177/178 961/237/178 960/339/178
f 955/177/178 962/238/178 961/237/178
f 965/183/178 964/257/178 963/256/178
f 965/183/178 963/256/178 966/342/178
f 965/183/178 966/342/178 967/343/178
f 965/183/178 967/343/178 968/344/178
f 965/183/178 968/344/178 969/241/178
f 965/183/178 969/241/178 970/180/178
s 1
f 973/335/452 972/332/154 971/334/453
f 972/332/154 974/333/454 971/334/453
f 972/332/154 975/163/154 974/333/454
f 975/163/154 976/165/455 974/333/454
f 979/335/456 978/337/457 977/336/458
f 972/332/154 979/335/456 977/336/458
f 975/163/154 972/332/154 977/336/458
f 980/162/459 975/163/154 977/336/458
s 0
f 983/195/178 982/419/178 981/196/178
f 982/419/178 983/195/178 984/392/178
f 982/419/178 984/392/178 985/394/178
f 982/419/178 985/394/178 986/396/178
f 982/419/178 986/396/178 987/352/178
f 988/351/178 982/419/178 987/352/178
s 1
f 991/323/460 990/320/461 989/322/462
f 990/320/461 992/321/463 989/322/462
f 990/320/461 993/324/33 992/321/463
f 993/324/33 994/218/464 992/321/463
f 997/323/465 996/326/466 995/325/467
f 990/320/461 997/323/465 995/325/467
f 993/324/33 990/320/461 995/325/467
f 998/213/468 993/324/33 995/325/467
s 0
f 1001/192/178 1000/166/178 999/169/178
f 999/169/178 1002/357/178 1001/192/178
f 999/169/178 1003/356/178 1002/357/178
f 999/169/178 1004/355/178 1003/356/178
f 1005/285/178 1004/355/178 999/169/178
f 1005/285/178 999/169/178 1006/286/178
s 1
f 1011/420/469 1008/421/178 1007/422/178
s 0
f 1009/420/178 1007/422/178 1012/423/178
s 1
f 1016/424/470 1010/420/470 1014/423/470
s 0
f 1017/425/471 1015/424/471 1013/423/471
s 1
f 1020/294/472 1019/295/473 1018/296/474
f 1021/297/475 1020/294/472 1018/296/474
f 1024/297/476 1023/300/477 1022/299/478
f 1020/294/472 1024/297/476 1022/299/478
f 1025/298/178 1020/294/472 1022/299/478
f 1020/294/472 1025/298/178 1019/295/473
f 1025/298/178 1026/234/479 1019/295/473
f 1027/227/480 1025/298/178 1022/299/478
s 0
f 1030/231/177 1029/232/177 1028/233/177
f 1031/234/177 1030/231/177 1028/233/177
s 1
f 1034/301/481 1033/230/482 1032/302/483
f 1035/303/481 1034/301/481 1032/302/483
f 1034/301/481 1035/303/481 1036/304/437
f 1035/303/481 1037/305/438 1036/304/437
f 1035/303/481 1032/302/483 1038/306/441
f 1039/231/484 1034/301/481 1036/304/437
s 0
f 1042/227/33 1041/228/33 1040/229/33
f 1043/230/33 1042/227/33 1040/229/33
s 1
f 1046/307/485 1045/308/486 1044/309/487
f 1047/310/488 1046/307/485 1044/309/487
f 1049/311/33 1048/226/489 1045/308/486
f 1046/307/485 1049/311/33 1045/308/486
f 1049/311/33 1046/307/485 1050/312/490
f 1046/307/485 1051/310/491 1050/312/490
f 1051/310/491 1052/313/492 1050/312/490
f 1053/219/493 1049/311/33 1050/312/490
s 0
f 1056/223/178 1055/224/178 1054/225/178
f 1057/226/178 1056/223/178 1054/225/178
s 1
f 1060/314/177 1059/222/433 1058/315/433
f 1061/316/177 1060/314/177 1058/315/433
f 1060/314/177 1061/316/177 1062/317/430
f 1061/316/177 1063/318/430 1062/317/430
f 1061/316/177 1058/315/433 1064/319/433
f 1065/223/430 1060/314/177 1062/317/430
s 0
f 1068/219/154 1067/220/154 1066/221/154
f 1069/222/154 1068/219/154 1066/221/154
s 1
f 1072/320/494 1071/321/495 1070/322/496
f 1073/323/497 1072/320/494 1070/322/496
f 1075/324/177 1074/218/495 1071/321/495
f 1072/320/494 1075/324/177 1071/321/495
f 1075/324/177 1072/320/494 1076/325/498
f 1072/320/494 1077/323/499 1076/325/498
s 0
f 1077/323/500 1078/326/500 1076/325/501
s 1
f 1079/213/502 1075/324/177 1076/325/498
s 0
f 1082/8/154 1081/216/154 1080/217/154
f 1083/218/154 1082/8/154 1080/217/154
s 1
f 1086/4/503 1085/5/504 1084/2/505
f 1087/1/503 1086/4/503 1084/2/505
f 1086/4/503 1087/1/503 1088/6/506
f 1087/1/503 1089/7/434 1088/6/506
f 1087/1/503 1084/2/505 1090/3/435
f 1091/8/507 1086/4/503 1088/6/506
s 0
f 1094/213/178 1093/214/178 1092/215/178
f 1095/5/178 1094/213/178 1092/215/178
s 1
f 1098/161/397 1097/164/425 1096/327/508
f 1099/328/397 1098/161/397 1096/327/508
f 1098/161/397 1099/328/397 1100/329/509
f 1099/328/397 1101/330/423 1100/329/509
f 1099/328/397 1096/327/508 1102/331/426
f 1103/160/421 1098/161/397 1100/329/509
s 0
f 1106/162/177 1105/211/177 1104/212/177
f 1107/160/177 1106/162/177 1104/212/177
f 1110/426/212 1109/427/212 1108/428/212
f 1109/427/212 1111/429/212 1108/428/212
f 1111/429/212 1112/430/212 1108/428/212
f 1113/431/212 1108/428/212 1112/430/212
f 1116/383/212 1115/384/212 1114/385/212
f 1116/383/212 1114/385/212 1117/386/212
f 1118/387/212 1116/383/212 1117/386/212
f 1119/388/212 1118/387/212 1117/386/212
s 1
f 1122/363/510 1121/359/510 1120/362/511
f 1123/273/511 1122/363/510 1120/362/511
f 1122/363/510 1123/273/511 1124/432/512
f 1127/297/513 1126/294/514 1125/296/515
f 1126/294/514 1128/295/516 1125/296/515
f 1126/294/514 1129/298/178 1128/295/516
f 1129/298/178 1130/234/480 1128/295/516
f 1133/297/517 1132/300/518 1131/299/479
f 1126/294/514 1133/297/517 1131/299/479
f 1129/298/178 1126/294/514 1131/299/479
f 1134/227/479 1129/298/178 1131/299/479
f 1137/369/519 1136/256/520 1135/370/521
f 1136/256/520 1137/369/519 1138/371/522
f 1139/342/522 1136/256/520 1138/371/522
f 1139/342/522 1138/371/522 1140/372/523
f 1141/343/523 1139/342/522 1140/372/523
f 1141/343/523 1140/372/523 1142/373/524
f 1143/344/524 1141/343/523 1142/373/524
f 1143/344/524 1142/373/524 1144/374/525
f 1145/241/526 1143/344/524 1144/374/525
f 1146/375/527 1145/241/526 1144/374/525
f 1149/248/528 1148/11/528 1147/249/528
f 1150/250/529 1149/248/528 1147/249/528
f 1153/251/530 1152/129/530 1151/252/530
f 1154/253/531 1153/251/530 1151/252/530
s 0
f 1157/363/158 1156/359/158 1155/362/158
f 1158/273/158 1157/363/158 1155/362/158
f 1157/363/158 1158/273/158 1159/432/158
f 1162/235/532 1161/238/532 1160/433/532
f 1165/434/212 1164/88/212 1163/89/212
f 1166/435/212 1164/88/212 1165/434/212
f 1166/435/212 1167/436/212 1164/88/212
f 1167/436/212 1168/87/212 1164/88/212
f 1167/436/212 1169/206/212 1168/87/212
f 1169/206/212 1170/13/212 1168/87/212
f 1173/106/212 1172/242/212 1171/437/212
f 1174/95/212 1173/106/212 1171/437/212
f 1175/94/212 1174/95/212 1171/437/212
f 1176/438/212 1175/94/212 1171/437/212
f 1177/439/212 1175/94/212 1176/438/212
f 1177/439/212 1178/440/212 1175/94/212
f 1178/440/212 1179/93/212 1175/94/212
f 1180/441/212 1179/93/212 1178/440/212
f 1180/441/212 1181/442/212 1179/93/212
f 1181/442/212 1182/92/212 1179/93/212
f 1181/442/212 1183/443/212 1182/92/212
f 1183/443/212 1184/91/212 1182/92/212
f 1183/443/212 1185/444/212 1184/91/212
f 1185/444/212 1186/90/212 1184/91/212
f 1185/444/212 1187/445/212 1186/90/212
f 1187/445/212 1163/89/212 1186/90/212
f 1188/446/212 1163/89/212 1187/445/212
f 1188/446/212 1165/434/212 1163/89/212
s 1
f 1191/171/533 1190/270/534 1189/173/535
f 1190/270/534 1192/269/536 1189/173/535
f 1193/447/537 1189/173/535 1192/269/536
f 1194/448/538 1189/173/535 1193/447/537
f 1195/449/539 1189/173/535 1194/448/538
f 1196/265/538 1189/173/535 1195/449/539
f 1197/175/540 1189/173/535 1196/265/538
f 1198/262/541 1197/175/540 1196/265/538
s 0
f 1203/335/542 1202/337/542 1200/336/542
s 1
f 1205/332/543 1204/335/544 1201/336/543
f 1208/163/178 1207/165/545 1206/333/546
f 1209/332/546 1208/163/178 1206/333/546
f 1208/163/178 1209/332/546 1199/336/547
f 1210/162/548 1208/163/178 1199/336/547
f 1209/332/546 1206/333/546 1211/334/549
f 1212/335/550 1209/332/546 1211/334/549
s 0
f 1215/450/551 1214/451/551 1213/351/551
f 1218/412/212 1217/133/212 1216/19/212
f 1219/411/212 1217/133/212 1218/412/212
f 1219/411/212 1220/410/212 1217/133/212
f 1220/410/212 1221/132/212 1217/133/212
f 1220/410/212 1222/200/212 1221/132/212
f 1222/200/212 1223/131/212 1221/132/212
f 1226/248/212 1225/409/212 1224/11/212
f 1225/409/212 1227/17/212 1224/11/212
f 1225/409/212 1228/408/212 1227/17/212
f 1228/408/212 1229/29/212 1227/17/212
f 1230/406/212 1229/29/212 1228/408/212
f 1230/406/212 1231/407/212 1229/29/212
f 1231/407/212 1232/27/212 1229/29/212
f 1233/418/212 1232/27/212 1231/407/212
f 1233/418/212 1234/417/212 1232/27/212
f 1234/417/212 1235/25/212 1232/27/212
f 1234/417/212 1236/416/212 1235/25/212
f 1236/416/212 1237/23/212 1235/25/212
f 1236/416/212 1238/415/212 1237/23/212
f 1238/415/212 1239/21/212 1237/23/212
f 1238/415/212 1240/414/212 1239/21/212
f 1240/414/212 1216/19/212 1239/21/212
f 1241/413/212 1216/19/212 1240/414/212
f 1241/413/212 1218/412/212 1216/19/212
s 1
f 1244/345/552 1243/346/553 1242/347/553
f 1245/348/554 1244/345/552 1242/347/553
s 0
f 1250/267/555 1248/268/555 1247/269/555
f 1246/269/556 1251/270/556 1249/267/556
f 1254/452/557 1253/292/557 1252/453/557
f 1257/454/557 1254/452/557 1252/453/557
f 1255/452/558 1258/454/558 1259/455/558
f 1261/282/559 1256/452/559 1260/455/559
f 1264/456/560 1263/179/560 1262/178/560
s 1
f 1267/457/561 1266/458/562 1265/459/563
f 1266/458/562 1268/460/564 1265/459/563
f 1269/461/565 1265/459/563 1268/460/564
f 1270/462/566 1269/461/565 1268/460/564
f 1271/463/567 1269/461/565 1270/462/566
f 1272/464/177 1271/463/567 1270/462/566
f 1275/465/568 1274/466/154 1273/467/569
f 1276/468/570 1275/465/568 1273/467/569
f 1277/469/571 1276/468/570 1273/467/569
f 1278/470/572 1277/469/571 1273/467/569
f 1277/469/571 1278/470/572 1279/471/573
f 1278/470/572 1280/472/574 1279/471/573
f 1279/471/573 1280/472/574 1281/473/575
f 1280/472/574 1282/474/576 1281/473/575
f 1281/473/575 1282/474/576 1283/475/577
f 1282/474/576 1284/476/578 1283/475/577
f 1283/475/577 1284/476/578 1285/477/579
f 1284/476/578 1286/478/580 1285/477/579
f 1285/477/579 1286/478/580 1287/479/581
f 1286/478/580 1288/480/582 1287/479/581
f 1287/479/581 1288/480/582 1289/481/583
f 1288/480/582 1290/482/584 1289/481/583
f 1289/481/583 1290/482/584 1267/457/561
f 1290/482/584 1266/458/562 1267/457/561
f 1293/483/585 1292/484/586 1291/485/587
f 1292/484/586 1294/486/588 1291/485/587
f 1291/485/587 1294/486/588 1295/487/589
f 1294/486/588 1296/488/590 1295/487/589
f 1295/487/589 1296/488/590 1297/489/591
f 1296/488/590 1298/490/207 1297/489/591
f 1297/489/591 1298/490/207 1299/491/592
f 1298/490/207 1300/492/593 1299/491/592
f 1299/491/592 1300/492/593 1301/493/594
f 1300/492/593 1302/494/595 1301/493/594
f 1301/493/594 1302/494/595 1303/495/596
f 1302/494/595 1304/496/597 1303/495/596
f 1303/495/596 1304/496/597 1305/497/598
f 1304/496/597 1306/498/599 1305/497/598
f 1307/499/600 1305/497/598 1306/498/599
f 1308/500/601 1307/499/600 1306/498/599
f 1275/465/568 1307/499/600 1308/500/601
f 1274/466/154 1275/465/568 1308/500/601
f 1311/501/602 1310/502/603 1309/503/604
f 1310/502/603 1312/504/605 1309/503/604
f 1309/503/604 1312/504/605 1313/505/606
f 1312/504/605 1314/506/607 1313/505/606
f 1313/505/606 1314/506/607 1315/507/608
f 1314/506/607 1316/508/609 1315/507/608
f 1315/507/608 1316/508/609 1317/509/610
f 1316/508/609 1318/510/611 1317/509/610
f 1319/511/612 1317/509/610 1318/510/611
f 1320/512/613 1319/511/612 1318/510/611
f 1321/513/614 1319/511/612 1320/512/613
f 1322/514/33 1321/513/614 1320/512/613
f 1321/513/614 1322/514/33 1323/515/615
f 1324/516/616 1321/513/614 1323/515/615
f 1325/517/617 1324/516/616 1323/515/615
f 1326/518/618 1325/517/617 1323/515/615
f 1325/517/617 1326/518/618 1293/483/585
f 1326/518/618 1292/484/586 1293/483/585
f 1329/519/619 1328/520/620 1327/521/621
f 1328/520/620 1330/522/622 1327/521/621
f 1331/523/623 1327/521/621 1330/522/622
f 1332/524/624 1331/523/623 1330/522/622
f 1333/525/625 1331/523/623 1332/524/624
f 1334/526/178 1333/525/625 1332/524/624
f 1333/525/625 1334/526/178 1335/527/626
f 1336/528/627 1333/525/625 1335/527/626
f 1337/529/628 1336/528/627 1335/527/626
f 1338/530/629 1337/529/628 1335/527/626
f 1337/529/628 1338/530/629 1339/531/630
f 1340/532/631 1337/529/628 1339/531/630
f 1340/532/631 1339/531/630 1341/533/632
f 1342/534/633 1340/532/631 1341/533/632
f 1342/534/633 1341/533/632 1343/535/634
f 1344/536/635 1342/534/633 1343/535/634
f 1344/536/635 1343/535/634 1310/502/603
f 1311/501/602 1344/536/635 1310/502/603
f 1347/537/567 1346/538/177 1345/539/636
f 1348/540/637 1347/537/567 1345/539/636
f 1349/541/638 1348/540/637 1345/539/636
f 1350/542/639 1349/541/638 1345/539/636
f 1349/541/638 1350/542/639 1351/543/640
f 1350/542/639 1352/544/641 1351/543/640
f 1351/543/640 1352/544/641 1353/545/642
f 1352/544/641 1354/546/643 1353/545/642
f 1353/545/642 1354/546/643 1355/547/644
f 1354/546/643 1356/548/645 1355/547/644
f 1355/547/644 1356/548/645 1357/549/646
f 1356/548/645 1358/550/647 1357/549/646
f 1357/549/646 1358/550/647 1359/551/648
f 1358/550/647 1360/552/649 1359/551/648
f 1359/551/648 1360/552/649 1361/553/650
f 1360/552/649 1362/554/651 1361/553/650
f 1361/553/650 1362/554/651 1329/519/619
f 1362/554/651 1328/520/620 1329/519/619
s 0
f 1365/450/652 1364/451/652 1363/351/652
s 1
f 1368/389/653 1367/195/654 1366/390/655
f 1367/195/654 1368/389/653 1369/391/656
f 1370/392/656 1367/195/654 1369/391/656
f 1370/392/656 1369/391/656 1371/393/657
f 1372/394/657 1370/392/656 1371/393/657
f 1372/394/657 1371/393/657 1373/395/658
f 1374/396/658 1372/394/657 1373/395/658
f 1374/396/658 1373/395/658 1375/397/659
f 1376/352/660 1374/396/658 1375/397/659
f 1377/398/661 1376/352/660 1375/397/659
f 1380/399/662 1379/285/663 1378/400/664
f 1379/285/663 1380/399/662 1381/401/665
f 1382/355/665 1379/285/663 1381/401/665
f 1382/355/665 1381/401/665 1383/402/666
f 1384/356/666 1382/355/665 1383/402/666
f 1384/356/666 1383/402/666 1385/403/667
f 1386/357/667 1384/356/666 1385/403/667
f 1386/357/667 1385/403/667 1387/404/668
f 1388/192/669 1386/357/667 1387/404/668
f 1389/405/670 1388/192/669 1387/404/668
s 0
f 1392/256/154 1391/183/154 1390/257/154
f 1391/183/154 1392/256/154 1393/342/154
f 1391/183/154 1393/342/154 1394/343/154
f 1394/343/154 1395/344/154 1391/183/154
f 1391/183/154 1395/344/154 1396/241/154
f 1396/241/154 1397/180/154 1391/183/154
f 1400/193/671 1399/196/671 1398/555/671
f 1403/285/154 1402/169/154 1401/286/154
f 1402/169/154 1403/285/154 1404/355/154
f 1402/169/154 1404/355/154 1405/356/154
f 1402/169/154 1405/356/154 1406/357/154
f 1402/169/154 1406/357/154 1407/192/154
f 1408/166/154 1402/169/154 1407/192/154
f 1411/556/158 1410/557/158 1409/558/158
f 1411/556/158 1409/558/158 1412/559/158
s 1
f 1414/560/672 1411/556/258 1413/559/673
f 1415/561/674 1414/560/672 1413/559/673
f 1418/364/675 1417/365/675 1416/276/675
f 1419/366/676 1418/364/675 1416/276/675
f 1422/363/677 1421/359/677 1420/362/677
f 1423/273/677 1422/363/677 1420/362/677
f 1426/16/678 1425/31/679 1424/32/680
f 1426/16/678 1424/32/680 1427/15/681
f 1428/9/682 1426/16/678 1427/15/681
f 1431/25/683 1430/23/684 1429/26/685
f 1431/25/683 1429/26/685 1432/28/686
f 1433/27/687 1431/25/683 1432/28/686
f 1433/27/687 1432/28/686 1434/30/688
f 1435/29/689 1433/27/687 1434/30/688
f 1435/29/689 1434/30/688 1425/31/679
f 1425/31/679 1434/30/688 1436/119/690
f 1425/31/679 1436/119/690 1424/32/680
f 1436/119/690 1437/33/212 1424/32/680
f 1424/32/680 1437/33/212 1427/15/681
f 1427/15/681 1437/33/212 1438/14/691
f 1428/9/682 1427/15/681 1438/14/691
f 1439/12/692 1428/9/682 1438/14/691
f 1439/12/692 1438/14/691 1440/69/693
f 1441/68/694 1439/12/692 1440/69/693
f 1441/68/694 1440/69/693 1442/70/695
f 1443/86/696 1441/68/694 1442/70/695
f 1443/86/696 1442/70/695 1444/71/697
f 1437/33/212 1446/34/698 1445/36/699
f 1437/33/212 1445/36/699 1447/37/700
f 1437/33/212 1447/37/700 1448/38/701
f 1437/33/212 1448/38/701 1449/39/702
f 1437/33/212 1449/39/702 1450/40/703
f 1437/33/212 1450/40/703 1451/41/704
f 1437/33/212 1451/41/704 1452/42/705
f 1437/33/212 1452/42/705 1453/43/706
f 1454/98/707 1437/33/212 1453/43/706
f 1455/97/708 1437/33/212 1454/98/707
f 1456/78/709 1437/33/212 1455/97/708
f 1457/77/710 1437/33/212 1456/78/709
f 1437/33/212 1457/77/710 1458/76/711
f 1437/33/212 1458/76/711 1459/75/712
f 1437/33/212 1459/75/712 1460/74/713
f 1437/33/212 1460/74/713 1461/73/714
f 1437/33/212 1461/73/714 1462/72/715
f 1437/33/212 1462/72/715 1444/71/697
f 1437/33/212 1444/71/697 1442/70/695
f 1437/33/212 1442/70/695 1440/69/693
f 1438/14/691 1437/33/212 1440/69/693
f 1463/85/716 1443/86/696 1444/71/697
f 1463/85/716 1444/71/697 1462/72/715
f 1464/84/717 1463/85/716 1462/72/715
f 1464/84/717 1462/72/715 1461/73/714
f 1465/83/718 1464/84/717 1461/73/714
f 1465/83/718 1461/73/714 1460/74/713
f 1466/82/719 1465/83/718 1460/74/713
f 1466/82/719 1460/74/713 1459/75/712
f 1467/81/720 1466/82/719 1459/75/712
f 1467/81/720 1459/75/712 1458/76/711
f 1468/80/721 1467/81/720 1458/76/711
f 1468/80/721 1458/76/711 1457/77/710
f 1469/79/722 1468/80/721 1457/77/710
f 1469/79/722 1457/77/710 1456/78/709
f 1470/96/723 1469/79/722 1456/78/709
f 1470/96/723 1456/78/709 1455/97/708
f 1471/105/724 1470/96/723 1455/97/708
f 1471/105/724 1455/97/708 1454/98/707
f 1473/92/725 1472/91/726 1466/82/719
f 1473/92/725 1466/82/719 1467/81/720
f 1474/93/727 1473/92/725 1467/81/720
f 1474/93/727 1467/81/720 1468/80/721
f 1475/94/728 1474/93/727 1468/80/721
f 1475/94/728 1468/80/721 1469/79/722
f 1476/95/729 1475/94/728 1469/79/722
f 1469/79/722 1470/96/723 1476/95/729
f 1470/96/723 1477/106/730 1476/95/729
f 1470/96/723 1471/105/724 1477/106/730
f 1471/105/724 1478/104/731 1477/106/730
f 1471/105/724 1479/99/732 1478/104/731
f 1479/99/732 1480/100/733 1478/104/731
f 1479/99/732 1481/44/734 1480/100/733
f 1481/44/734 1482/101/735 1480/100/733
f 1482/101/735 1481/44/734 1483/45/736
f 1484/102/737 1482/101/735 1483/45/736
f 1484/102/737 1483/45/736 1485/46/738
f 1479/99/732 1471/105/724 1454/98/707
f 1479/99/732 1454/98/707 1453/43/706
f 1481/44/734 1479/99/732 1453/43/706
f 1481/44/734 1453/43/706 1452/42/705
f 1483/45/736 1481/44/734 1452/42/705
f 1483/45/736 1452/42/705 1451/41/704
f 1485/46/738 1483/45/736 1451/41/704
f 1485/46/738 1451/41/704 1450/40/703
f 1486/47/739 1485/46/738 1450/40/703
f 1486/47/739 1450/40/703 1449/39/702
f 1487/48/740 1486/47/739 1449/39/702
f 1487/48/740 1449/39/702 1448/38/701
f 1488/49/741 1487/48/740 1448/38/701
f 1488/49/741 1448/38/701 1447/37/700
f 1489/50/742 1488/49/741 1447/37/700
f 1489/50/742 1447/37/700 1445/36/699
f 1490/51/743 1489/50/742 1445/36/699
f 1490/51/743 1445/36/699 1446/34/698
f 1491/103/744 1484/102/737 1485/46/738
f 1491/103/744 1485/46/738 1486/47/739
f 1492/53/745 1491/103/744 1486/47/739
f 1492/53/745 1486/47/739 1487/48/740
f 1493/54/746 1492/53/745 1487/48/740
f 1493/54/746 1487/48/740 1488/49/741
f 1494/55/747 1493/54/746 1488/49/741
f 1494/55/747 1488/49/741 1489/50/742
f 1495/56/748 1494/55/747 1489/50/742
f 1495/56/748 1489/50/742 1490/51/743
f 1496/57/749 1495/56/748 1490/51/743
f 1496/57/749 1490/51/743 1497/52/750
f 1498/58/751 1496/57/749 1497/52/750
f 1497/52/750 1499/59/752 1498/58/751
f 1499/59/752 1500/67/753 1498/58/751
f 1499/59/752 1501/66/754 1500/67/753
f 1501/66/754 1502/65/755 1500/67/753
f 1501/66/754 1503/63/756 1502/65/755
f 1497/52/750 1490/51/743 1446/34/698
f 1497/52/750 1446/34/698 1504/35/757
f 1499/59/752 1497/52/750 1504/35/757
f 1499/59/752 1504/35/757 1505/60/758
f 1501/66/754 1499/59/752 1505/60/758
f 1501/66/754 1505/60/758 1506/61/759
f 1503/63/756 1501/66/754 1506/61/759
f 1503/63/756 1506/61/759 1507/62/760
f 1508/146/761 1503/63/756 1507/62/760
f 1508/146/761 1507/62/760 1509/145/762
f 1510/144/763 1508/146/761 1509/145/762
f 1510/144/763 1509/145/762 1511/143/764
f 1512/142/765 1510/144/763 1511/143/764
f 1512/142/765 1511/143/764 1513/141/766
f 1514/140/767 1512/142/765 1513/141/766
f 1514/140/767 1513/141/766 1515/138/768
f 1516/139/769 1514/140/767 1515/138/768
f 1516/139/769 1515/138/768 1517/136/770
f 1503/63/756 1518/64/771 1502/65/755
f 1503/63/756 1508/146/761 1518/64/771
f 1508/146/761 1519/148/772 1518/64/771
f 1519/148/772 1508/146/761 1510/144/763
f 1520/149/773 1519/148/772 1510/144/763
f 1520/149/773 1510/144/763 1512/142/765
f 1521/150/774 1520/149/773 1512/142/765
f 1521/150/774 1512/142/765 1514/140/767
f 1522/151/775 1521/150/774 1514/140/767
f 1522/151/775 1514/140/767 1516/139/769
f 1523/152/776 1522/151/775 1516/139/769
f 1523/152/776 1516/139/769 1524/147/777
f 1525/153/778 1523/152/776 1524/147/777
f 1525/153/778 1524/147/777 1526/123/779
f 1527/122/780 1525/153/778 1526/123/779
f 1527/122/780 1526/123/779 1528/124/781
f 1529/121/782 1527/122/780 1528/124/781
f 1529/121/782 1528/124/781 1530/135/783
f 1524/147/777 1516/139/769 1517/136/770
f 1524/147/777 1517/136/770 1531/137/784
f 1526/123/779 1524/147/777 1531/137/784
f 1531/137/784 1532/125/785 1526/123/779
f 1532/125/785 1528/124/781 1526/123/779
f 1528/124/781 1532/125/785 1533/126/786
f 1530/135/783 1528/124/781 1533/126/786
f 1530/135/783 1533/126/786 1534/127/787
f 1535/128/788 1530/135/783 1534/127/787
f 1535/128/788 1534/127/787 1536/110/789
f 1537/108/790 1535/128/788 1536/110/789
f 1537/108/790 1536/110/789 1538/109/791
f 1539/107/792 1537/108/790 1538/109/791
f 1539/107/792 1538/109/791 1540/111/793
f 1541/120/794 1539/107/792 1540/111/793
f 1541/120/794 1540/111/793 1542/112/795
f 1543/20/796 1541/120/794 1542/112/795
f 1543/20/796 1542/112/795 1544/113/797
f 1545/134/798 1529/121/782 1530/135/783
f 1530/135/783 1535/128/788 1545/134/798
f 1535/128/788 1546/129/799 1545/134/798
f 1535/128/788 1537/108/790 1546/129/799
f 1537/108/790 1547/130/800 1546/129/799
f 1537/108/790 1539/107/792 1547/130/800
f 1539/107/792 1548/131/801 1547/130/800
f 1539/107/792 1541/120/794 1548/131/801
f 1541/120/794 1549/132/802 1548/131/801
f 1549/132/802 1541/120/794 1543/20/796
f 1550/133/803 1549/132/802 1543/20/796
f 1550/133/803 1543/20/796 1551/18/804
f 1552/19/805 1550/133/803 1551/18/804
f 1552/19/805 1551/18/804 1553/22/806
f 1554/21/807 1552/19/805 1553/22/806
f 1554/21/807 1553/22/806 1555/24/808
f 1430/23/684 1554/21/807 1555/24/808
f 1430/23/684 1555/24/808 1429/26/685
f 1551/18/804 1543/20/796 1544/113/797
f 1551/18/804 1544/113/797 1556/114/809
f 1553/22/806 1551/18/804 1556/114/809
f 1553/22/806 1556/114/809 1557/115/810
f 1555/24/808 1553/22/806 1557/115/810
f 1555/24/808 1557/115/810 1558/116/811
f 1429/26/685 1555/24/808 1558/116/811
f 1429/26/685 1558/116/811 1559/117/812
f 1432/28/686 1429/26/685 1559/117/812
f 1432/28/686 1559/117/812 1560/118/813
f 1434/30/688 1432/28/686 1560/118/813
f 1434/30/688 1560/118/813 1436/119/690
f 1437/33/212 1436/119/690 1560/118/813
f 1437/33/212 1560/118/813 1559/117/812
f 1437/33/212 1559/117/812 1558/116/811
f 1437/33/212 1558/116/811 1557/115/810
f 1437/33/212 1557/115/810 1556/114/809
f 1437/33/212 1556/114/809 1544/113/797
f 1437/33/212 1544/113/797 1542/112/795
f 1437/33/212 1542/112/795 1540/111/793
f 1538/109/791 1437/33/212 1540/111/793
f 1536/110/789 1437/33/212 1538/109/791
f 1534/127/787 1437/33/212 1536/110/789
f 1533/126/786 1437/33/212 1534/127/787
f 1532/125/785 1437/33/212 1533/126/786
f 1531/137/784 1437/33/212 1532/125/785
f 1517/136/770 1437/33/212 1531/137/784
f 1515/138/768 1437/33/212 1517/136/770
f 1513/141/766 1437/33/212 1515/138/768
f 1511/143/764 1437/33/212 1513/141/766
f 1509/145/762 1437/33/212 1511/143/764
f 1507/62/760 1437/33/212 1509/145/762
f 1506/61/759 1437/33/212 1507/62/760
f 1505/60/758 1437/33/212 1506/61/759
f 1504/35/757 1437/33/212 1505/60/758
f 1446/34/698 1437/33/212 1504/35/757
s 0
f 1564/328/814 1562/327/814 1561/331/814
s 1
f 1567/328/815 1566/330/816 1565/329/817
f 1568/161/818 1567/328/815 1565/329/817
f 1567/328/815 1568/161/818 1563/327/819
f 1568/161/818 1569/164/820 1563/327/819
f 1570/160/821 1568/161/818 1565/329/817
s 0
f 1573/235/822 1572/238/822 1571/433/822
f 1576/179/823 1575/176/823 1574/177/823
f 1577/178/824 1576/179/824 1574/177/824
f 1580/183/33 1579/257/33 1578/256/33
f 1580/183/33 1578/256/33 1581/342/33
f 1580/183/33 1581/342/33 1582/343/33
f 1580/183/33 1582/343/33 1583/344/33
f 1580/183/33 1583/344/33 1584/241/33
f 1580/183/33 1584/241/33 1585/180/33
f 1588/193/825 1587/196/825 1586/555/825
s 1
f 1591/251/826 1590/129/826 1589/252/826
f 1592/253/827 1591/251/826 1589/252/826
f 1595/248/828 1594/11/828 1593/249/828
f 1596/250/829 1595/248/828 1593/249/828
f 1599/100/830 1598/245/831 1597/246/830
f 1600/247/830 1599/100/830 1597/246/830
f 1603/242/832 1602/106/832 1601/243/832
f 1604/244/833 1603/242/832 1601/243/832
f 1607/294/834 1606/295/835 1605/296/836
f 1608/297/837 1607/294/834 1605/296/836
f 1610/298/178 1609/234/838 1606/295/835
f 1607/294/834 1610/298/178 1606/295/835
f 1610/298/178 1607/294/834 1611/299/839
f 1607/294/834 1612/297/840 1611/299/839
f 1612/297/840 1613/300/841 1611/299/839
f 1614/227/842 1610/298/178 1611/299/839
s 0
f 1617/231/212 1616/232/212 1615/233/212
f 1618/234/212 1617/231/212 1615/233/212
s 1
f 1621/301/843 1620/230/844 1619/302/845
f 1622/303/843 1621/301/843 1619/302/845
f 1621/301/843 1622/303/843 1623/304/846
f 1622/303/843 1624/305/814 1623/304/846
f 1622/303/843 1619/302/845 1625/306/816
f 1626/231/847 1621/301/843 1623/304/846
s 0
f 1629/227/158 1628/228/158 1627/229/158
f 1630/230/158 1629/227/158 1627/229/158
s 1
f 1633/307/848 1632/308/849 1631/309/850
f 1634/310/851 1633/307/848 1631/309/850
f 1636/311/158 1635/226/852 1632/308/849
f 1633/307/848 1636/311/158 1632/308/849
f 1636/311/158 1633/307/848 1637/312/853
f 1633/307/848 1638/310/854 1637/312/853
f 1638/310/854 1639/313/855 1637/312/853
f 1640/219/856 1636/311/158 1637/312/853
s 0
f 1643/223/178 1642/224/178 1641/225/178
f 1644/226/178 1643/223/178 1641/225/178
s 1
f 1647/314/212 1646/222/857 1645/315/857
f 1648/316/212 1647/314/212 1645/315/857
f 1647/314/212 1648/316/212 1649/317/858
f 1648/316/212 1650/318/858 1649/317/858
f 1648/316/212 1645/315/857 1651/319/857
f 1652/223/858 1647/314/212 1649/317/858
s 0
f 1655/219/154 1654/220/154 1653/221/154
f 1656/222/154 1655/219/154 1653/221/154
s 1
f 1659/320/859 1658/321/860 1657/322/861
f 1660/323/862 1659/320/859 1657/322/861
f 1662/324/212 1661/218/860 1658/321/860
f 1659/320/859 1662/324/212 1658/321/860
f 1662/324/212 1659/320/859 1663/325/863
f 1659/320/859 1664/323/864 1663/325/863
f 1664/323/864 1665/326/865 1663/325/863
f 1666/213/866 1662/324/212 1663/325/863
s 0
f 1669/8/154 1668/216/154 1667/217/154
f 1670/218/154 1669/8/154 1667/217/154
s 1
f 1673/4/867 1672/5/8 1671/2/868
f 1674/1/867 1673/4/867 1671/2/868
f 1673/4/867 1674/1/867 1675/6/869
f 1674/1/867 1676/7/1 1675/6/869
f 1674/1/867 1671/2/868 1677/3/7
f 1678/8/3 1673/4/867 1675/6/869
s 0
f 1681/213/178 1680/214/178 1679/215/178
f 1682/5/178 1681/213/178 1679/215/178
s 1
f 1685/161/471 1684/164/870 1683/327/871
f 1686/328/471 1685/161/471 1683/327/871
f 1685/161/471 1686/328/471 1687/329/872
f 1686/328/471 1688/330/873 1687/329/872
f 1686/328/471 1683/327/871 1689/331/874
f 1690/160/875 1685/161/471 1687/329/872
s 0
f 1693/162/212 1692/211/212 1691/212/212
f 1694/160/212 1693/162/212 1691/212/212
f 1700/562/503 1698/563/503 1696/564/503
f 1699/563/361 1702/565/361 1697/564/361
f 1701/565/33 1703/566/33 1695/564/33
f 1704/567/33 1695/564/33 1703/566/33
f 1707/196/33 1706/195/33 1705/419/33
f 1705/419/33 1706/195/33 1708/392/33
f 1705/419/33 1708/392/33 1709/394/33
f 1705/419/33 1709/394/33 1710/396/33
f 1705/419/33 1710/396/33 1711/352/33
f 1712/351/33 1705/419/33 1711/352/33
f 1715/193/876 1714/196/876 1713/555/876
s 1
f 1721/452/877 1718/282/877 1717/280/878
s 0
f 1725/279/879 1719/452/879 1716/280/879
f 1724/279/880 1727/568/880 1722/452/880
f 1728/569/877 1721/452/877 1726/568/877
s 1
f 1729/570/877 1721/452/877 1728/569/877
s 0
f 1732/571/881 1723/452/881 1730/570/881
s 1
f 1733/292/880 1720/452/882 1731/571/880
f 1734/293/883 1733/292/880 1731/571/880
f 1738/426/884 1737/427/885 1736/428/330
f 1737/427/885 1739/429/361 1736/428/330
f 1740/429/886 1741/430/33 1735/428/33
s 0
f 1742/431/33 1735/428/33 1741/430/33
f 1745/383/33 1744/384/33 1743/385/33
f 1745/383/33 1743/385/33 1747/386/33
f 1750/387/887 1746/383/887 1748/386/887
f 1751/388/33 1749/387/33 1747/386/33
f 1754/454/888 1753/455/888 1752/282/888
f 1755/452/888 1754/454/888 1752/282/888
f 1756/453/888 1754/454/888 1755/452/888
f 1757/292/888 1756/453/888 1755/452/888
f 1760/363/158 1759/359/158 1758/362/158
f 1761/273/158 1760/363/158 1758/362/158
f 1764/364/212 1763/365/212 1762/276/212
f 1765/366/212 1764/364/212 1762/276/212
f 1768/572/33 1767/573/33 1766/574/33
f 1767/573/33 1769/575/33 1766/574/33
f 1769/575/33 1770/576/33 1766/574/33
f 1771/577/33 1766/574/33 1770/576/33
s 1
f 1774/157/889 1773/158/890 1772/155/891
f 1773/158/890 1775/159/892 1772/155/891
f 1775/159/892 1776/156/158 1772/155/891
f 1777/154/158 1772/155/891 1776/156/158
s 0
f 1780/231/212 1779/232/212 1778/233/212
f 1781/234/212 1780/231/212 1778/233/212
f 1784/184/177 1783/185/177 1782/186/177
f 1784/184/177 1782/186/177 1786/187/177
f 1789/188/427 1785/184/427 1787/187/427
f 1790/189/177 1788/188/177 1786/187/177
f 1793/345/893 1792/346/893 1791/347/893
f 1794/348/893 1793/345/893 1791/347/893
s 1
f 1798/307/894 1797/310/895 1795/312/896
f 1797/310/895 1799/313/897 1795/312/896
f 1801/311/158 1800/307/898 1796/312/852
f 1802/219/852 1801/311/158 1796/312/852
f 1801/311/158 1804/226/856 1803/308/899
f 1800/307/898 1801/311/158 1803/308/899
f 1800/307/898 1803/308/899 1805/309/899
f 1806/310/900 1800/307/898 1805/309/899
s 0
f 1809/193/901 1808/196/901 1807/555/901
s 1
f 1813/294/902 1812/295/903 1810/296/904
f 1814/297/905 1813/294/902 1810/296/904
f 1817/297/906 1816/300/907 1815/299/908
f 1818/294/909 1817/297/906 1815/299/908
f 1819/298/154 1818/294/909 1815/299/908
f 1818/294/909 1819/298/154 1811/295/903
f 1819/298/154 1820/234/910 1811/295/903
f 1821/227/911 1819/298/154 1815/299/908
s 0
f 1826/349/912 1824/350/912 1823/351/912
f 1827/352/913 1825/349/913 1822/351/913
f 1832/166/914 1830/167/914 1829/168/914
f 1833/169/915 1831/166/915 1828/168/915
f 1837/578/915 1836/419/915 1834/351/915
f 1839/451/914 1838/578/914 1835/351/914
f 1843/320/916 1842/323/916 1841/325/916
f 1842/323/917 1844/326/917 1841/325/917
s 1
f 1848/324/212 1846/320/918 1840/325/919
f 1849/213/860 1848/324/212 1840/325/919
f 1848/324/212 1852/218/866 1850/321/920
f 1846/320/918 1848/324/212 1850/321/920
s 0
f 1847/320/921 1851/321/921 1854/322/921
s 1
f 1855/323/922 1845/320/923 1853/322/923
s 0
f 1858/579/924 1857/167/924 1856/166/924
s 1
f 1864/452/925 1861/282/925 1859/280/925
f 1866/279/926 1865/452/927 1860/280/165
f 1868/568/928 1865/452/927 1866/279/926
s 0
f 1869/569/929 1862/452/929 1867/568/929
f 1869/569/929 1870/570/929 1862/452/929
s 1
f 1871/570/930 1873/571/931 1863/452/930
s 0
f 1874/292/929 1862/452/929 1872/571/929
s 1
f 1875/293/926 1874/292/932 1872/571/932
s 0
f 1878/578/933 1877/419/933 1876/351/933
f 1879/451/933 1878/578/933 1876/351/933
s 1
f 1885/281/934 1882/277/934 1881/280/934
s 0
f 1886/282/935 1883/281/935 1880/280/935
s 1
f 1884/281/936 1887/282/936 1888/580/937
s 0
f 1892/303/874 1891/305/874 1890/304/874
s 1
f 1895/303/873 1894/302/938 1893/306/873
f 1895/303/873 1896/301/939 1894/302/938
f 1896/301/939 1895/303/873 1889/304/940
f 1897/231/941 1896/301/939 1889/304/940
f 1896/301/939 1898/230/942 1894/302/938
s 0
f 1901/450/943 1900/451/943 1899/351/943
f 1904/420/177 1903/421/177 1902/422/177
f 1904/420/177 1902/422/177 1906/423/177
f 1909/424/944 1905/420/944 1907/423/944
f 1910/425/177 1908/424/177 1906/423/177
s 1
f 1913/127/945 1912/128/946 1911/135/947
f 1914/126/948 1913/127/945 1911/135/947
f 1917/131/949 1916/130/950 1915/107/951
f 1916/130/950 1918/108/952 1915/107/951
f 1916/130/950 1919/129/953 1918/108/952
f 1919/129/953 1912/128/946 1918/108/952
f 1919/129/953 1920/134/954 1912/128/946
f 1920/134/954 1911/135/947 1912/128/946
f 1921/124/955 1911/135/947 1920/134/954
f 1921/124/955 1922/125/956 1911/135/947
f 1922/125/956 1914/126/948 1911/135/947
f 1923/33/177 1914/126/948 1922/125/956
f 1914/126/948 1923/33/177 1913/127/945
f 1913/127/945 1923/33/177 1924/110/957
f 1913/127/945 1924/110/957 1912/128/946
f 1924/110/957 1918/108/952 1912/128/946
f 1918/108/952 1924/110/957 1925/109/958
f 1915/107/951 1918/108/952 1925/109/958
f 1915/107/951 1925/109/958 1926/111/959
f 1927/120/960 1915/107/951 1926/111/959
f 1928/121/961 1921/124/955 1920/134/954
f 1923/33/177 1930/74/962 1929/73/963
f 1923/33/177 1929/73/963 1931/72/964
f 1923/33/177 1931/72/964 1932/71/965
f 1932/71/965 1933/70/966 1923/33/177
f 1933/70/966 1934/69/967 1923/33/177
f 1935/14/968 1923/33/177 1934/69/967
f 1936/15/969 1923/33/177 1935/14/968
f 1937/32/970 1923/33/177 1936/15/969
f 1938/119/971 1923/33/177 1937/32/970
f 1939/118/972 1923/33/177 1938/119/971
f 1940/117/973 1923/33/177 1939/118/972
f 1941/116/974 1923/33/177 1940/117/973
f 1942/115/975 1923/33/177 1941/116/974
f 1943/114/976 1923/33/177 1942/115/975
f 1944/113/977 1923/33/177 1943/114/976
f 1945/112/978 1923/33/177 1944/113/977
f 1926/111/959 1923/33/177 1945/112/978
f 1925/109/958 1923/33/177 1926/111/959
f 1924/110/957 1923/33/177 1925/109/958
f 1926/111/959 1945/112/978 1927/120/960
f 1945/112/978 1946/20/979 1927/120/960
f 1945/112/978 1944/113/977 1946/20/979
f 1944/113/977 1947/18/980 1946/20/979
f 1944/113/977 1943/114/976 1947/18/980
f 1943/114/976 1948/22/981 1947/18/980
f 1943/114/976 1942/115/975 1948/22/981
f 1942/115/975 1949/24/982 1948/22/981
f 1942/115/975 1941/116/974 1949/24/982
f 1941/116/974 1950/26/983 1949/24/982
f 1941/116/974 1940/117/973 1950/26/983
f 1940/117/973 1951/28/984 1950/26/983
f 1940/117/973 1939/118/972 1951/28/984
f 1939/118/972 1952/30/985 1951/28/984
f 1939/118/972 1938/119/971 1952/30/985
f 1938/119/971 1953/31/986 1952/30/985
f 1953/31/986 1938/119/971 1937/32/970
f 1954/16/987 1953/31/986 1937/32/970
f 1956/17/988 1955/29/989 1953/31/986
f 1955/29/989 1952/30/985 1953/31/986
f 1955/29/989 1957/27/990 1952/30/985
f 1957/27/990 1951/28/984 1952/30/985
f 1957/27/990 1958/25/991 1951/28/984
f 1958/25/991 1950/26/983 1951/28/984
f 1958/25/991 1959/23/992 1950/26/983
f 1959/23/992 1949/24/982 1950/26/983
f 1959/23/992 1960/21/993 1949/24/982
f 1960/21/993 1948/22/981 1949/24/982
f 1960/21/993 1961/19/994 1948/22/981
f 1961/19/994 1947/18/980 1948/22/981
f 1961/19/994 1962/133/995 1947/18/980
f 1962/133/995 1946/20/979 1947/18/980
f 1962/133/995 1963/132/996 1946/20/979
f 1963/132/996 1927/120/960 1946/20/979
f 1963/132/996 1917/131/949 1927/120/960
f 1917/131/949 1915/107/951 1927/120/960
f 1966/92/997 1965/91/998 1964/82/999
f 1965/91/998 1967/83/1000 1964/82/999
f 1965/91/998 1968/90/1001 1967/83/1000
f 1968/90/1001 1969/84/1002 1967/83/1000
f 1968/90/1001 1970/89/1003 1969/84/1002
f 1970/89/1003 1971/85/1004 1969/84/1002
f 1970/89/1003 1972/88/1005 1971/85/1004
f 1972/88/1005 1973/86/1006 1971/85/1004
f 1972/88/1005 1974/87/1007 1973/86/1006
f 1974/87/1007 1975/68/1008 1973/86/1006
f 1974/87/1007 1976/13/1009 1975/68/1008
f 1976/13/1009 1977/12/1010 1975/68/1008
f 1976/13/1009 1978/10/1011 1977/12/1010
f 1978/10/1011 1979/9/1012 1977/12/1010
f 1978/10/1011 1980/11/1013 1979/9/1012
f 1980/11/1013 1954/16/987 1979/9/1012
f 1980/11/1013 1956/17/988 1954/16/987
f 1956/17/988 1953/31/986 1954/16/987
f 1954/16/987 1937/32/970 1936/15/969
f 1979/9/1012 1954/16/987 1936/15/969
f 1979/9/1012 1936/15/969 1935/14/968
f 1977/12/1010 1979/9/1012 1935/14/968
f 1977/12/1010 1935/14/968 1934/69/967
f 1975/68/1008 1977/12/1010 1934/69/967
f 1934/69/967 1933/70/966 1975/68/1008
f 1933/70/966 1973/86/1006 1975/68/1008
f 1933/70/966 1932/71/965 1973/86/1006
f 1932/71/965 1971/85/1004 1973/86/1006
f 1932/71/965 1931/72/964 1971/85/1004
f 1931/72/964 1969/84/1002 1971/85/1004
f 1931/72/964 1929/73/963 1969/84/1002
f 1929/73/963 1967/83/1000 1969/84/1002
f 1929/73/963 1930/74/962 1967/83/1000
f 1930/74/962 1964/82/999 1967/83/1000
f 1930/74/962 1981/75/1014 1964/82/999
f 1923/33/177 1981/75/1014 1930/74/962
f 1983/35/1015 1923/33/177 1982/60/1016
f 1982/60/1016 1923/33/177 1984/61/1017
f 1984/61/1017 1923/33/177 1985/62/1018
f 1923/33/177 1986/145/1019 1985/62/1018
f 1923/33/177 1987/143/1020 1986/145/1019
f 1923/33/177 1988/141/1021 1987/143/1020
f 1923/33/177 1989/138/1022 1988/141/1021
f 1923/33/177 1990/136/1023 1989/138/1022
f 1923/33/177 1991/137/1024 1990/136/1023
f 1990/136/1023 1991/137/1024 1992/123/1025
f 1993/147/1026 1990/136/1023 1992/123/1025
f 1989/138/1022 1990/136/1023 1993/147/1026
f 1994/139/1027 1989/138/1022 1993/147/1026
f 1988/141/1021 1989/138/1022 1994/139/1027
f 1995/140/1028 1988/141/1021 1994/139/1027
f 1987/143/1020 1988/141/1021 1995/140/1028
f 1996/142/1029 1987/143/1020 1995/140/1028
f 1987/143/1020 1996/142/1029 1997/144/1030
f 1986/145/1019 1987/143/1020 1997/144/1030
f 1986/145/1019 1997/144/1030 1998/146/1031
f 1985/62/1018 1986/145/1019 1998/146/1031
f 1985/62/1018 1998/146/1031 1999/63/1032
f 1984/61/1017 1985/62/1018 1999/63/1032
f 1984/61/1017 1999/63/1032 2000/66/1033
f 1982/60/1016 1984/61/1017 2000/66/1033
f 1982/60/1016 2000/66/1033 2001/59/1034
f 1923/33/177 1922/125/956 1991/137/1024
f 1991/137/1024 1922/125/956 1921/124/955
f 1992/123/1025 1991/137/1024 1921/124/955
f 1992/123/1025 1921/124/955 1928/121/961
f 2002/122/1035 1992/123/1025 1928/121/961
f 1993/147/1026 1992/123/1025 2002/122/1035
f 2003/153/1036 1993/147/1026 2002/122/1035
f 1994/139/1027 1993/147/1026 2003/153/1036
f 2004/152/1037 1994/139/1027 2003/153/1036
f 1995/140/1028 1994/139/1027 2004/152/1037
f 2005/151/1038 1995/140/1028 2004/152/1037
f 1996/142/1029 1995/140/1028 2005/151/1038
f 2006/150/1039 1996/142/1029 2005/151/1038
f 2006/150/1039 2007/149/1040 1996/142/1029
f 2007/149/1040 1997/144/1030 1996/142/1029
f 2007/149/1040 2008/148/1041 1997/144/1030
f 2008/148/1041 1998/146/1031 1997/144/1030
f 2008/148/1041 2009/64/1042 1998/146/1031
f 2012/43/1043 2011/42/1044 2010/44/1045
f 2012/43/1043 2010/44/1045 2013/99/1046
f 2014/98/1047 2012/43/1043 2013/99/1046
f 2014/98/1047 2013/99/1046 2015/105/1048
f 2016/97/1049 2014/98/1047 2015/105/1048
f 2016/97/1049 2015/105/1048 2017/78/1050
f 2017/78/1050 1923/33/177 2016/97/1049
f 2016/97/1049 1923/33/177 2014/98/1047
f 2014/98/1047 1923/33/177 2012/43/1043
f 1923/33/177 2011/42/1044 2012/43/1043
f 2011/42/1044 1923/33/177 2018/41/1051
f 2019/40/1052 2018/41/1051 1923/33/177
f 2020/39/1053 2019/40/1052 1923/33/177
f 2021/38/1054 2020/39/1053 1923/33/177
f 2022/37/1055 2021/38/1054 1923/33/177
f 2023/36/1056 2022/37/1055 1923/33/177
f 2024/34/1057 2023/36/1056 1923/33/177
f 2024/34/1057 1923/33/177 1983/35/1015
f 1983/35/1015 1982/60/1016 2001/59/1034
f 1983/35/1015 2001/59/1034 2025/52/1058
f 2024/34/1057 1983/35/1015 2025/52/1058
f 2024/34/1057 2025/52/1058 2026/51/1059
f 2023/36/1056 2024/34/1057 2026/51/1059
f 2023/36/1056 2026/51/1059 2027/50/1060
f 2022/37/1055 2023/36/1056 2027/50/1060
f 2022/37/1055 2027/50/1060 2028/49/1061
f 2021/38/1054 2022/37/1055 2028/49/1061
f 2021/38/1054 2028/49/1061 2029/48/1062
f 2020/39/1053 2021/38/1054 2029/48/1062
f 2020/39/1053 2029/48/1062 2030/47/1063
f 2019/40/1052 2020/39/1053 2030/47/1063
f 2019/40/1052 2030/47/1063 2031/46/1064
f 2018/41/1051 2019/40/1052 2031/46/1064
f 2018/41/1051 2031/46/1064 2032/45/1065
f 2011/42/1044 2018/41/1051 2032/45/1065
f 2011/42/1044 2032/45/1065 2010/44/1045
f 2009/64/1042 1999/63/1032 1998/146/1031
f 2009/64/1042 2033/65/1066 1999/63/1032
f 2033/65/1066 2000/66/1033 1999/63/1032
f 2033/65/1066 2034/67/1067 2000/66/1033
f 2034/67/1067 2001/59/1034 2000/66/1033
f 2034/67/1067 2035/58/1068 2001/59/1034
f 2035/58/1068 2025/52/1058 2001/59/1034
f 2035/58/1068 2036/57/1069 2025/52/1058
f 2036/57/1069 2026/51/1059 2025/52/1058
f 2036/57/1069 2037/56/1070 2026/51/1059
f 2037/56/1070 2027/50/1060 2026/51/1059
f 2037/56/1070 2038/55/1071 2027/50/1060
f 2038/55/1071 2028/49/1061 2027/50/1060
f 2038/55/1071 2039/54/1072 2028/49/1061
f 2039/54/1072 2029/48/1062 2028/49/1061
f 2039/54/1072 2040/53/1073 2029/48/1062
f 2040/53/1073 2030/47/1063 2029/48/1062
f 2040/53/1073 2041/103/1074 2030/47/1063
f 2041/103/1074 2031/46/1064 2030/47/1063
f 2041/103/1074 2042/102/1075 2031/46/1064
f 2042/102/1075 2032/45/1065 2031/46/1064
f 2032/45/1065 2042/102/1075 2043/101/1076
f 2010/44/1045 2032/45/1065 2043/101/1076
f 2043/101/1076 2044/100/1077 2010/44/1045
f 2044/100/1077 2013/99/1046 2010/44/1045
f 2044/100/1077 2045/104/1078 2013/99/1046
f 2045/104/1078 2015/105/1048 2013/99/1046
f 2015/105/1048 2045/104/1078 2046/96/1079
f 2015/105/1048 2046/96/1079 2017/78/1050
f 2047/77/1080 2017/78/1050 2046/96/1079
f 2047/77/1080 1923/33/177 2017/78/1050
f 1923/33/177 2047/77/1080 2048/76/1081
f 1923/33/177 2048/76/1081 1981/75/1014
f 1981/75/1014 2048/76/1081 2049/81/1082
f 1981/75/1014 2049/81/1082 1964/82/999
f 1966/92/997 1964/82/999 2049/81/1082
f 2045/104/1078 2050/106/1083 2046/96/1079
f 2051/93/1084 1966/92/997 2049/81/1082
f 2051/93/1084 2049/81/1082 2052/94/1085
f 2049/81/1082 2053/80/1086 2052/94/1085
f 2048/76/1081 2053/80/1086 2049/81/1082
f 2054/79/1087 2053/80/1086 2048/76/1081
f 2047/77/1080 2054/79/1087 2048/76/1081
f 2054/79/1087 2047/77/1080 2046/96/1079
f 2054/79/1087 2046/96/1079 2050/106/1083
f 2055/95/1088 2054/79/1087 2050/106/1083
f 2055/95/1088 2052/94/1085 2053/80/1086
f 2054/79/1087 2055/95/1088 2053/80/1086
f 2059/564/1089 2058/562/212 2056/563/212
s 0
f 2063/565/212 2061/566/212 2056/563/212
s 1
f 2062/566/1090 2060/564/1091 2057/563/1090
f 2064/567/212 2059/564/1089 2061/566/212
s 0
f 2067/581/1092 2066/181/1092 2065/180/1092
f 2070/182/161 2069/183/161 2068/180/161
f 2071/181/161 2070/182/161 2068/180/161
f 2074/184/158 2073/185/158 2072/186/158
f 2074/184/158 2072/186/158 2075/187/158
s 1
f 2077/188/1093 2074/184/879 2076/187/1094
f 2078/189/1095 2077/188/1093 2076/187/1094
f 2081/359/1096 2080/360/1097 2079/361/1096
f 2081/359/1096 2079/361/1096 2082/362/1098
s 0
f 2085/175/1099 2084/174/1099 2083/173/1099
f 2084/174/1099 2086/172/1099 2083/173/1099
f 2087/171/1099 2083/173/1099 2086/172/1099
f 2088/170/1099 2087/171/1099 2086/172/1099
f 2091/578/933 2090/419/933 2089/351/933
f 2092/451/933 2091/578/933 2089/351/933
f 2096/176/1100 2095/177/1100 2093/178/1100
f 2098/179/1101 2097/176/1101 2094/178/1101
f 2101/167/1101 2100/168/1101 2099/169/1101
f 2102/166/1101 2101/167/1101 2099/169/1101
f 2105/454/603 2104/455/603 2103/282/603
f 2106/452/603 2105/454/603 2103/282/603
f 2107/453/603 2105/454/603 2106/452/603
f 2108/292/603 2107/453/603 2106/452/603
f 2111/176/823 2110/177/823 2109/178/823
f 2112/179/824 2111/176/824 2109/178/824
f 2117/180/1102 2115/181/1102 2114/182/1102
f 2118/183/1103 2116/180/1103 2113/182/1103
f 2121/168/1102 2120/169/1102 2119/166/1102
s 1
f 2122/167/1102 2121/168/1102 2119/166/1102
s 0
f 2125/281/212 2124/277/212 2123/280/212
f 2126/282/212 2125/281/212 2123/280/212
f 2125/281/212 2126/282/212 2127/580/212
f 2130/235/1104 2129/238/1104 2128/433/1104
s 1
f 2133/168/1105 2132/169/1105 2131/166/1105
s 0
f 2134/167/1105 2133/168/1105 2131/166/1105
f 2137/180/1105 2136/181/1105 2135/182/1105
f 2138/183/1105 2137/180/1105 2135/182/1105
f 2142/578/1106 2141/419/1106 2139/351/1106
f 2144/451/1106 2143/578/1106 2140/351/1106
f 2147/176/1107 2146/177/1107 2145/178/1107
f 2148/179/1107 2147/176/1107 2145/178/1107
s 1
f 2151/369/1108 2150/256/1109 2149/370/1110
f 2150/256/1109 2151/369/1108 2152/371/1111
f 2153/342/1112 2150/256/1109 2152/371/1111
f 2153/342/1112 2152/371/1111 2154/372/1113
f 2155/343/1113 2153/342/1112 2154/372/1113
f 2155/343/1113 2154/372/1113 2156/373/1114
f 2157/344/1114 2155/343/1113 2156/373/1114
f 2157/344/1114 2156/373/1114 2158/374/1115
f 2159/241/1116 2157/344/1114 2158/374/1115
f 2160/375/1117 2159/241/1116 2158/374/1115
s 0
f 2163/58/177 2162/67/177 2161/203/177
f 2164/582/177 2163/58/177 2161/203/177
f 2165/57/177 2163/58/177 2164/582/177
f 2166/583/177 2165/57/177 2164/582/177
f 2167/584/177 2165/57/177 2166/583/177
f 2167/584/177 2168/585/177 2165/57/177
f 2168/585/177 2169/56/177 2165/57/177
f 2170/586/177 2169/56/177 2168/585/177
f 2171/55/177 2169/56/177 2170/586/177
f 2172/587/177 2171/55/177 2170/586/177
f 2173/54/177 2171/55/177 2172/587/177
f 2174/588/177 2173/54/177 2172/587/177
f 2175/53/177 2173/54/177 2174/588/177
f 2176/589/177 2175/53/177 2174/588/177
f 2177/103/177 2175/53/177 2176/589/177
f 2178/590/177 2177/103/177 2176/589/177
f 2179/591/177 2177/103/177 2178/590/177
f 2180/102/177 2177/103/177 2179/591/177
f 2181/592/177 2180/102/177 2179/591/177
f 2182/593/177 2180/102/177 2181/592/177
f 2182/593/177 2183/594/177 2180/102/177
f 2183/594/177 2184/101/177 2180/102/177
f 2184/101/177 2183/594/177 2185/100/177
f 2183/594/177 2186/245/177 2185/100/177
s 1
f 2189/376/1118 2188/237/1119 2187/377/1120
f 2188/237/1119 2189/376/1118 2190/378/1121
f 2191/339/1122 2188/237/1119 2190/378/1121
f 2191/339/1122 2190/378/1121 2192/379/1123
f 2193/340/1123 2191/339/1122 2192/379/1123
f 2193/340/1123 2192/379/1123 2194/380/1124
f 2195/341/1125 2193/340/1123 2194/380/1124
f 2195/341/1125 2194/380/1124 2196/381/1126
f 2197/289/1127 2195/341/1125 2196/381/1126
f 2198/382/1128 2197/289/1127 2196/381/1126
f 2201/332/177 2200/333/1129 2199/334/1130
f 2202/335/1131 2201/332/177 2199/334/1130
f 2204/163/177 2203/165/1132 2200/333/1129
f 2201/332/177 2204/163/177 2200/333/1129
f 2204/163/177 2201/332/177 2206/336/1133
f 2201/332/177 2208/335/1134 2206/336/1133
f 2207/335/1135 2209/337/1136 2205/336/1137
f 2210/162/1138 2204/163/177 2206/336/1133
s 0
f 2213/164/158 2212/209/158 2211/210/158
f 2214/165/158 2213/164/158 2211/210/158
s 1
f 2217/258/1139 2216/259/1140 2215/260/1141
f 2218/261/1140 2217/258/1139 2215/260/1141
s 0
f 2221/164/158 2220/209/158 2219/210/158
f 2222/165/158 2221/164/158 2219/210/158
s 1
f 2225/13/1142 2224/206/1142 2223/207/1142
f 2226/208/1142 2225/13/1142 2223/207/1142
f 2229/203/1143 2228/67/1143 2227/204/1143
f 2230/205/1144 2229/203/1143 2227/204/1143
f 2233/131/1145 2232/200/1145 2231/201/1145
f 2234/202/1145 2233/131/1145 2231/201/1145
s 0
f 2237/162/212 2236/211/212 2235/212/212
f 2238/160/212 2237/162/212 2235/212/212
f 2241/213/154 2240/214/154 2239/215/154
f 2242/5/154 2241/213/154 2239/215/154
s 1
f 2245/64/1146 2244/197/1146 2243/198/1146
f 2246/199/1146 2245/64/1146 2243/198/1146
s 0
f 2249/439/33 2248/440/33 2247/94/33
f 2249/439/33 2247/94/33 2250/438/33
f 2250/438/33 2247/94/33 2251/437/33
f 2247/94/33 2252/95/33 2251/437/33
f 2252/95/33 2253/106/33 2251/437/33
f 2253/106/33 2254/242/33 2251/437/33
f 2257/206/33 2256/13/33 2255/87/33
f 2258/436/33 2257/206/33 2255/87/33
f 2258/436/33 2255/87/33 2259/88/33
f 2260/435/33 2258/436/33 2259/88/33
f 2260/435/33 2259/88/33 2261/434/33
f 2261/434/33 2259/88/33 2262/89/33
f 2263/446/33 2261/434/33 2262/89/33
f 2263/446/33 2262/89/33 2264/445/33
f 2264/445/33 2262/89/33 2265/90/33
f 2266/444/33 2264/445/33 2265/90/33
f 2266/444/33 2265/90/33 2267/91/33
f 2268/443/33 2266/444/33 2267/91/33
f 2268/443/33 2267/91/33 2269/92/33
f 2270/442/33 2268/443/33 2269/92/33
f 2270/442/33 2269/92/33 2271/93/33
f 2272/441/33 2270/442/33 2271/93/33
f 2272/441/33 2271/93/33 2248/440/33
f 2248/440/33 2271/93/33 2247/94/33
f 2275/165/178 2274/163/178 2273/164/178
f 2274/163/178 2276/161/178 2273/164/178
f 2276/161/178 2274/163/178 2277/162/178
f 2278/160/178 2276/161/178 2277/162/178
f 2281/184/178 2280/185/178 2279/186/178
f 2281/184/178 2279/186/178 2283/187/178
f 2287/188/1147 2282/184/1147 2285/187/1147
f 2288/189/1148 2286/188/1148 2284/187/1148
f 2291/434/178 2290/88/178 2289/89/178
f 2292/435/178 2290/88/178 2291/434/178
f 2292/435/178 2293/436/178 2290/88/178
f 2293/436/178 2294/87/178 2290/88/178
f 2293/436/178 2295/206/178 2294/87/178
f 2295/206/178 2296/13/178 2294/87/178
f 2299/106/178 2298/242/178 2297/437/178
f 2300/95/178 2299/106/178 2297/437/178
f 2301/94/178 2300/95/178 2297/437/178
f 2302/438/178 2301/94/178 2297/437/178
f 2303/439/178 2301/94/178 2302/438/178
f 2303/439/178 2304/440/178 2301/94/178
f 2304/440/178 2305/93/178 2301/94/178
f 2306/441/178 2305/93/178 2304/440/178
f 2306/441/178 2307/442/178 2305/93/178
f 2307/442/178 2308/92/178 2305/93/178
f 2307/442/178 2309/443/178 2308/92/178
f 2309/443/178 2310/91/178 2308/92/178
f 2309/443/178 2311/444/178 2310/91/178
f 2311/444/178 2312/90/178 2310/91/178
f 2311/444/178 2313/445/178 2312/90/178
f 2313/445/178 2289/89/178 2312/90/178
f 2314/446/178 2289/89/178 2313/445/178
f 2314/446/178 2291/434/178 2289/89/178
s 1
f 2317/346/1149 2316/367/1150 2315/368/1151
f 2317/346/1149 2315/368/1151 2318/347/1152
s 0
f 2321/283/360 2320/284/360 2319/285/360
f 2322/286/360 2321/283/360 2319/285/360
s 1
f 2325/263/1153 2324/262/1154 2323/265/1155
f 2326/266/1156 2325/263/1153 2323/265/1155
s 0
f 2329/287/189 2328/288/189 2327/178/189
s 1
f 2330/289/189 2329/287/189 2327/178/189
f 2333/262/1157 2332/175/1157 2331/265/1158
f 2332/175/1157 2337/173/1159 2331/265/1158
f 2338/449/1160 2331/265/1158 2337/173/1159
s 0
f 2338/449/1161 2335/173/1161 2340/448/1161
f 2339/448/1162 2334/173/1162 2341/447/1162
s 1
f 2341/447/1163 2336/173/1164 2342/269/1165
f 2343/270/1166 2342/269/1165 2336/173/1164
f 2344/171/1167 2343/270/1166 2336/173/1164
s 0
f 2348/254/1168 2347/255/1168 2345/256/1168
f 2350/257/1169 2349/254/1169 2346/256/1169
s 1
f 2358/452/1170 2352/282/1171 2351/280/1172
f 2359/279/1173 2358/452/1170 2351/280/1172
s 0
f 2360/279/1174 2362/568/1174 2354/452/1174
f 2363/569/1175 2356/452/1175 2361/568/1175
f 2366/570/1176 2357/452/1176 2364/569/1176
f 2368/571/1177 2355/452/1177 2365/570/1177
s 1
f 2369/292/1178 2353/452/1179 2367/571/1180
f 2370/293/1181 2369/292/1178 2367/571/1180
s 0
f 2375/274/1182 2372/273/1183 2371/362/1182
s 1
f 2377/361/1184 2375/274/1185 2371/362/1185
s 0
f 2380/595/1186 2374/274/1186 2378/361/1186
f 2373/274/1187 2379/595/1187 2381/596/1187
f 2373/274/1187 2381/596/1187 2382/597/1187
f 2383/597/1185 2384/598/1185 2375/274/1185
f 2385/276/1188 2376/274/1188 2384/598/1189
s 1
f 2386/366/1190 2385/276/1191 2384/598/1185
f 2390/599/1192 2388/348/1193 2387/347/1194
f 2393/368/1195 2390/599/1192 2387/347/1194
f 2390/599/1192 2393/368/1195 2394/600/1196
f 2394/600/1196 2396/601/1197 2390/599/1192
s 0
f 2398/602/1198 2391/599/1198 2395/601/1198
f 2399/603/1199 2389/599/1199 2397/602/1199
f 2403/260/1200 2392/599/1200 2401/603/1200
s 1
f 2404/261/1201 2402/260/1202 2400/603/1192
f 2407/242/1203 2406/106/1203 2405/243/1203
f 2408/244/1204 2407/242/1203 2405/243/1203
f 2411/100/1205 2410/245/1205 2409/246/1205
f 2412/247/1205 2411/100/1205 2409/246/1205
f 2415/263/1206 2414/262/1207 2413/265/1208
f 2416/266/1207 2415/263/1206 2413/265/1208
f 2419/251/1209 2418/129/1209 2417/252/1209
f 2420/253/1210 2419/251/1209 2417/252/1209
f 2423/248/1211 2422/11/1211 2421/249/1211
f 2424/250/1212 2423/248/1211 2421/249/1211
f 2427/100/1213 2426/245/1213 2425/246/1213
f 2428/247/1213 2427/100/1213 2425/246/1213
f 2431/242/1214 2430/106/1215 2429/243/1215
f 2432/244/1214 2431/242/1214 2429/243/1215
f 2435/332/154 2434/333/1216 2433/334/1217
f 2436/335/1218 2435/332/154 2433/334/1217
f 2438/163/154 2437/165/459 2434/333/1216
f 2435/332/154 2438/163/154 2434/333/1216
f 2438/163/154 2435/332/154 2439/336/1219
f 2435/332/154 2440/335/1220 2439/336/1219
f 2440/335/1220 2441/337/1221 2439/336/1219
f 2442/162/455 2438/163/154 2439/336/1219
s 0
f 2445/164/33 2444/209/33 2443/210/33
f 2446/165/33 2445/164/33 2443/210/33
s 1
f 2449/13/1222 2448/206/1222 2447/207/1223
f 2450/208/1222 2449/13/1222 2447/207/1223
f 2453/203/1224 2452/67/1224 2451/204/1224
f 2454/205/1225 2453/203/1224 2451/204/1224
f 2457/131/1226 2456/200/1226 2455/201/1226
f 2458/202/1226 2457/131/1226 2455/201/1226
f 2461/64/1227 2460/197/1227 2459/198/1227
f 2462/199/1227 2461/64/1227 2459/198/1227
s 0
f 2465/193/1228 2464/194/1228 2463/195/1228
f 2466/196/1228 2465/193/1228 2463/195/1228
f 2469/190/1229 2468/191/1229 2467/166/1229
f 2470/192/1229 2469/190/1229 2467/166/1229
f 2473/287/1230 2472/288/1230 2471/178/1230
f 2474/289/1230 2473/287/1230 2471/178/1230
f 2477/283/1231 2476/284/1231 2475/285/1231
f 2478/286/1231 2477/283/1231 2475/285/1231
f 2481/556/212 2480/557/212 2479/558/212
f 2481/556/212 2479/558/212 2482/559/212
f 2483/560/212 2481/556/212 2482/559/212
f 2484/561/212 2483/560/212 2482/559/212
f 2487/235/1229 2486/236/1229 2485/237/1229
f 2488/238/1229 2487/235/1229 2485/237/1229
f 2491/239/1228 2490/240/1228 2489/180/1228
f 2492/241/1228 2491/239/1228 2489/180/1228
s 1
f 2495/254/1230 2494/255/1230 2493/256/1230
s 0
f 2496/257/1230 2495/254/1230 2493/256/1230
s 1
f 2499/277/1232 2498/278/1233 2497/279/1234
f 2499/277/1232 2497/279/1234 2500/280/1235
s 0
f 2503/184/212 2502/185/212 2501/186/212
f 2503/184/212 2501/186/212 2504/187/212
f 2505/188/212 2503/184/212 2504/187/212
f 2506/189/212 2505/188/212 2504/187/212
f 2512/289/2 2510/178/2 2508/177/2
f 2513/341/158 2511/289/158 2507/177/158
f 2514/340/158 2513/341/158 2507/177/158
f 2507/177/158 2515/339/158 2514/340/158
f 2516/237/158 2515/339/158 2507/177/158
f 2509/177/357 2518/238/357 2517/237/357
f 2521/167/1236 2520/168/1236 2519/169/1236
f 2522/166/1236 2521/167/1236 2519/169/1236
f 2527/183/867 2525/257/867 2524/256/867
f 2526/183/158 2523/256/158 2529/342/158
f 2526/183/158 2529/342/158 2530/343/158
f 2530/343/158 2531/344/158 2526/183/158
f 2526/183/158 2531/344/158 2532/241/158
f 2533/241/357 2534/180/357 2528/183/357
f 2537/5/178 2536/4/178 2535/213/178
f 2536/4/178 2538/324/178 2535/213/178
f 2538/324/178 2536/4/178 2539/8/178
f 2540/218/178 2538/324/178 2539/8/178
s 1
f 2543/345/1237 2542/346/1237 2541/347/1238
f 2544/348/1239 2543/345/1237 2541/347/1238
f 2543/345/1237 2544/348/1239 2545/604/1240
s 0
f 2548/222/178 2547/314/178 2546/219/178
f 2547/314/178 2549/311/178 2546/219/178
f 2549/311/178 2547/314/178 2550/223/178
f 2551/226/178 2549/311/178 2550/223/178
f 2554/349/1231 2553/350/1231 2552/351/1231
f 2555/352/1231 2554/349/1231 2552/351/1231
f 2558/353/1241 2557/267/1241 2556/270/1241
f 2559/171/1241 2558/353/1241 2556/270/1241
f 2558/353/1241 2559/171/1241 2560/354/1241
f 2563/230/178 2562/301/178 2561/227/178
f 2562/301/178 2564/298/178 2561/227/178
f 2564/298/178 2562/301/178 2565/231/178
f 2566/234/178 2564/298/178 2565/231/178
f 2570/269/1242 2569/270/1242 2567/267/1242
f 2568/267/1243 2572/268/1243 2571/269/1243
f 2577/345/1244 2575/346/1245 2573/347/1245
s 1
f 2578/348/1246 2576/345/1246 2574/347/1247
f 2582/605/1248 2580/348/1249 2579/347/1250
f 2584/368/1251 2582/605/1248 2579/347/1250
f 2582/605/1248 2584/368/1251 2586/600/1252
s 0
f 2585/600/1253 2587/601/1253 2581/605/1253
f 2589/602/1248 2582/605/1248 2588/601/1248
s 1
f 2591/603/1253 2583/605/1254 2590/602/1255
f 2592/260/1256 2583/605/1254 2591/603/1253
f 2593/261/1257 2592/260/1256 2591/603/1253
f 2596/269/1258 2595/270/1259 2594/267/1260
s 0
f 2594/267/1258 2597/268/1258 2596/269/1258
s 1
f 2600/263/1261 2599/262/1262 2598/265/1263
f 2601/266/1262 2600/263/1261 2598/265/1263
f 2604/171/1264 2603/270/1265 2602/173/1266
f 2603/270/1265 2605/269/1267 2602/173/1266
f 2606/447/1268 2602/173/1266 2605/269/1267
f 2607/448/1269 2602/173/1266 2606/447/1268
f 2607/448/1269 2608/449/1270 2602/173/1266
f 2608/449/1270 2609/265/1269 2602/173/1266
f 2610/175/1271 2602/173/1266 2609/265/1269
f 2611/262/1272 2610/175/1271 2609/265/1269
s 0
f 2614/352/154 2613/351/154 2612/419/154
f 2615/396/154 2614/352/154 2612/419/154
f 2616/394/154 2615/396/154 2612/419/154
f 2612/419/154 2617/392/154 2616/394/154
f 2612/419/154 2618/195/154 2617/392/154
f 2619/196/154 2618/195/154 2612/419/154
f 2624/169/2 2622/286/2 2621/285/2
f 2620/285/158 2626/355/158 2623/169/158
f 2623/169/158 2626/355/158 2627/356/158
f 2623/169/158 2627/356/158 2628/357/158
f 2623/169/158 2628/357/158 2629/192/158
f 2631/166/258 2625/169/258 2630/192/258
f 2635/181/1273 2634/182/1273 2632/183/1273
f 2637/180/1236 2636/181/1236 2633/183/1236
s 1
f 2643/274/1274 2640/273/1274 2639/362/859
s 0
f 2646/361/1275 2641/274/1275 2638/362/1275
f 2647/361/1089 2649/595/1089 2645/274/1089
f 2642/274/1090 2648/595/1090 2650/596/1090
f 2642/274/1090 2650/596/1090 2651/597/1090
s 1
f 2652/597/1276 2654/598/1276 2644/274/1276
s 0
f 2656/276/1090 2642/274/1090 2653/598/1090
f 2658/366/1090 2657/276/1277 2655/598/1277
s 1
f 2661/359/1278 2660/360/1279 2659/361/1278
f 2661/359/1278 2659/361/1278 2662/362/1280
s 0
f 2665/420/212 2664/421/212 2663/422/212
f 2665/420/212 2663/422/212 2666/423/212
f 2667/424/212 2665/420/212 2666/423/212
f 2668/425/212 2667/424/212 2666/423/212
f 2671/406/158 2670/407/158 2669/29/158
f 2671/406/158 2669/29/158 2672/408/158
f 2672/408/158 2669/29/158 2673/17/158
f 2674/409/158 2672/408/158 2673/17/158
f 2674/409/158 2673/17/158 2675/11/158
f 2676/248/158 2674/409/158 2675/11/158
f 2679/200/158 2678/131/158 2677/132/158
f 2680/410/158 2679/200/158 2677/132/158
f 2680/410/158 2677/132/158 2681/133/158
f 2682/411/158 2680/410/158 2681/133/158
f 2682/411/158 2681/133/158 2683/412/158
f 2683/412/158 2681/133/158 2684/19/158
f 2685/413/158 2683/412/158 2684/19/158
f 2685/413/158 2684/19/158 2686/414/158
f 2686/414/158 2684/19/158 2687/21/158
f 2688/415/158 2686/414/158 2687/21/158
f 2688/415/158 2687/21/158 2689/23/158
f 2690/416/158 2688/415/158 2689/23/158
f 2690/416/158 2689/23/158 2691/25/158
f 2692/417/158 2690/416/158 2691/25/158
f 2692/417/158 2691/25/158 2693/27/158
f 2694/418/158 2692/417/158 2693/27/158
f 2694/418/158 2693/27/158 2670/407/158
f 2670/407/158 2693/27/158 2669/29/158
f 2697/157/212 2696/158/212 2695/155/212
f 2696/158/212 2698/159/212 2695/155/212
f 2698/159/212 2699/156/212 2695/155/212
f 2700/154/212 2695/155/212 2699/156/212
f 2703/406/154 2702/407/154 2701/29/154
f 2703/406/154 2701/29/154 2704/408/154
f 2704/408/154 2701/29/154 2705/17/154
f 2706/409/154 2704/408/154 2705/17/154
f 2706/409/154 2705/17/154 2707/11/154
f 2708/248/154 2706/409/154 2707/11/154
f 2711/200/154 2710/131/154 2709/132/154
f 2712/410/154 2711/200/154 2709/132/154
f 2712/410/154 2709/132/154 2713/133/154
f 2714/411/154 2712/410/154 2713/133/154
f 2714/411/154 2713/133/154 2715/412/154
f 2715/412/154 2713/133/154 2716/19/154
f 2717/413/154 2715/412/154 2716/19/154
f 2717/413/154 2716/19/154 2718/414/154
f 2718/414/154 2716/19/154 2719/21/154
f 2720/415/154 2718/414/154 2719/21/154
f 2720/415/154 2719/21/154 2721/23/154
f 2722/416/154 2720/415/154 2721/23/154
f 2722/416/154 2721/23/154 2723/25/154
f 2724/417/154 2722/416/154 2723/25/154
f 2724/417/154 2723/25/154 2725/27/154
f 2726/418/154 2724/417/154 2725/27/154
f 2726/418/154 2725/27/154 2702/407/154
f 2702/407/154 2725/27/154 2701/29/154
f 2729/578/1281 2728/606/1281 2727/419/1281
f 2732/175/1282 2731/174/1282 2730/173/1282
f 2731/174/1282 2733/172/1282 2730/173/1282
f 2734/171/1282 2730/173/1282 2733/172/1282
f 2735/170/1282 2734/171/1282 2733/172/1282
s 1
f 2738/376/1283 2737/237/1284 2736/377/1285
f 2737/237/1284 2738/376/1283 2739/378/1286
f 2740/339/1286 2737/237/1284 2739/378/1286
f 2740/339/1286 2739/378/1286 2741/379/1287
f 2742/340/1287 2740/339/1286 2741/379/1287
f 2742/340/1287 2741/379/1287 2743/380/1288
f 2744/341/1288 2742/340/1287 2743/380/1288
f 2744/341/1288 2743/380/1288 2745/381/1289
f 2746/289/1290 2744/341/1288 2745/381/1289
f 2747/382/1291 2746/289/1290 2745/381/1289
s 0
f 2750/383/158 2749/384/158 2748/385/158
f 2750/383/158 2748/385/158 2752/386/158
s 1
f 2754/387/1292 2751/383/1293 2753/386/1294
f 2755/388/1295 2754/387/1292 2753/386/1294
f 2760/383/1296 2757/384/177 2756/385/177
s 0
f 2758/383/177 2756/385/177 2761/386/177
s 1
f 2763/387/1297 2759/383/265 2762/386/1298
f 2764/388/1299 2763/387/1297 2762/386/1298
f 2767/447/1300 2766/269/1301 2765/607/1301
f 2768/608/1302 2767/447/1300 2765/607/1301
f 2768/608/1302 2769/609/1303 2767/447/1300
f 2769/609/1303 2770/610/1304 2767/447/1300
f 2771/448/1305 2767/447/1300 2770/610/1304
f 2770/610/1304 2772/611/1306 2771/448/1305
f 2772/611/1306 2773/612/1307 2771/448/1305
f 2774/449/1307 2771/448/1305 2773/612/1307
f 2775/265/1308 2774/449/1307 2773/612/1307
f 2776/613/1308 2775/265/1308 2773/612/1307
s 0
f 2780/599/1309 2779/348/1309 2777/347/1309
s 1
f 2785/368/1310 2782/599/1311 2778/347/494
s 0
f 2784/368/1312 2787/600/1312 2783/599/1312
f 2788/601/494 2781/599/494 2786/600/494
f 2781/599/494 2788/601/494 2789/602/494
f 2790/602/1313 2791/603/1313 2781/599/1314
f 2792/260/1315 2781/599/1315 2791/603/1315
s 1
f 2793/261/1316 2792/260/1314 2791/603/1313
s 0
f 2796/605/1317 2795/260/1317 2794/614/1317
f 2797/615/1317 2796/605/1317 2794/614/1317
f 2798/348/1317 2796/605/1317 2797/615/1317
f 2799/616/1317 2798/348/1317 2797/615/1317
f 2802/363/158 2801/359/158 2800/362/158
f 2803/273/158 2802/363/158 2800/362/158
f 2802/363/158 2803/273/158 2804/432/158
s 1
f 2807/235/1318 2806/238/1318 2805/433/1318
f 2810/353/1319 2809/267/1319 2808/270/1320
f 2811/171/1319 2810/353/1319 2808/270/1320
s 0
f 2814/434/158 2813/88/158 2812/89/158
f 2815/435/158 2813/88/158 2814/434/158
f 2815/435/158 2816/436/158 2813/88/158
f 2816/436/158 2817/87/158 2813/88/158
f 2816/436/158 2818/206/158 2817/87/158
f 2818/206/158 2819/13/158 2817/87/158
f 2822/106/158 2821/242/158 2820/437/158
f 2823/95/158 2822/106/158 2820/437/158
f 2824/94/158 2823/95/158 2820/437/158
f 2825/438/158 2824/94/158 2820/437/158
f 2826/439/158 2824/94/158 2825/438/158
f 2826/439/158 2827/440/158 2824/94/158
f 2827/440/158 2828/93/158 2824/94/158
f 2829/441/158 2828/93/158 2827/440/158
f 2829/441/158 2830/442/158 2828/93/158
f 2830/442/158 2831/92/158 2828/93/158
f 2830/442/158 2832/443/158 2831/92/158
f 2832/443/158 2833/91/158 2831/92/158
f 2832/443/158 2834/444/158 2833/91/158
f 2834/444/158 2835/90/158 2833/91/158
f 2834/444/158 2836/445/158 2835/90/158
f 2836/445/158 2812/89/158 2835/90/158
f 2837/446/158 2812/89/158 2836/445/158
f 2837/446/158 2814/434/158 2812/89/158
s 1
f 2840/452/1321 2839/282/1322 2838/280/1323
f 2842/279/1324 2840/452/1321 2838/280/1323
s 0
f 2843/568/1324 2840/452/1324 2842/279/1324
f 2844/569/1325 2840/452/1325 2843/568/1325
f 2841/452/1325 2844/569/1325 2845/570/1325
s 1
f 2840/452/1326 2846/570/1327 2847/571/1328
f 2848/292/1329 2840/452/1326 2847/571/1328
f 2849/293/1326 2848/292/1329 2847/571/1328
f 2852/332/154 2851/333/1330 2850/334/1331
f 2853/335/1332 2852/332/154 2850/334/1331
f 2855/163/154 2854/165/1333 2851/333/1330
f 2852/332/154 2855/163/154 2851/333/1330
f 2855/163/154 2852/332/154 2856/336/1334
f 2852/332/154 2859/335/1335 2856/336/1334
s 0
f 2858/335/1336 2860/337/1336 2857/336/1336
s 1
f 2861/162/1337 2855/163/154 2856/336/1334
s 0
f 2864/164/158 2863/209/158 2862/210/158
f 2865/165/158 2864/164/158 2862/210/158
s 1
f 2868/13/1338 2867/206/1338 2866/207/1338
f 2869/208/1338 2868/13/1338 2866/207/1338
f 2872/203/1339 2871/67/1339 2870/204/1339
f 2873/205/1340 2872/203/1339 2870/204/1339
f 2876/131/1341 2875/200/1341 2874/201/1341
f 2877/202/1341 2876/131/1341 2874/201/1341
f 2880/64/1342 2879/197/1342 2878/198/1342
f 2881/199/1342 2880/64/1342 2878/198/1342
s 0
f 2884/193/1343 2883/194/1343 2882/195/1343
f 2885/196/1343 2884/193/1343 2882/195/1343
f 2888/190/1344 2887/191/1344 2886/166/1344
f 2889/192/1344 2888/190/1344 2886/166/1344
f 2894/287/1345 2892/288/1345 2891/178/1345
f 2895/289/1346 2893/287/1346 2890/178/1346
f 2899/283/1347 2898/284/1347 2896/285/1347
f 2901/286/1348 2900/283/1348 2897/285/1348
f 2904/556/33 2903/557/33 2902/558/33
s 1
f 2904/556/33 2902/558/33 2906/559/1349
f 2907/560/1350 2905/556/1351 2906/559/1349
f 2908/561/1352 2907/560/1350 2906/559/1349
s 0
f 2911/235/1344 2910/236/1344 2909/237/1344
f 2912/238/1344 2911/235/1344 2909/237/1344
f 2915/239/1343 2914/240/1343 2913/180/1343
f 2916/241/1343 2915/239/1343 2913/180/1343
f 2919/254/1353 2918/255/1353 2917/256/1353
f 2920/257/1353 2919/254/1353 2917/256/1353
s 1
f 2923/277/1354 2922/278/1355 2921/279/1356
f 2923/277/1354 2921/279/1356 2924/280/1357
s 0
f 2927/281/212 2926/277/212 2925/280/212
f 2928/282/212 2927/281/212 2925/280/212
f 2931/184/33 2930/185/33 2929/186/33
f 2931/184/33 2929/186/33 2932/187/33
f 2933/188/33 2931/184/33 2932/187/33
f 2934/189/33 2933/188/33 2932/187/33
f 2937/290/158 2936/291/158 2935/292/158
f 2938/293/158 2937/290/158 2935/292/158
s 1
f 2941/369/1358 2940/256/1359 2939/370/1360
f 2940/256/1359 2941/369/1358 2942/371/1361
f 2943/342/1362 2940/256/1359 2942/371/1361
f 2943/342/1362 2942/371/1361 2944/372/1363
f 2945/343/1363 2943/342/1362 2944/372/1363
f 2945/343/1363 2944/372/1363 2946/373/1364
f 2947/344/1364 2945/343/1363 2946/373/1364
f 2947/344/1364 2946/373/1364 2948/374/1365
f 2949/241/1366 2947/344/1364 2948/374/1365
f 2950/375/1367 2949/241/1366 2948/374/1365
f 2953/376/1368 2952/237/1369 2951/377/1370
f 2952/237/1369 2953/376/1368 2954/378/1371
f 2955/339/1371 2952/237/1369 2954/378/1371
f 2955/339/1371 2954/378/1371 2956/379/1372
f 2957/340/1372 2955/339/1371 2956/379/1372
f 2957/340/1372 2956/379/1372 2958/380/1373
f 2959/341/1373 2957/340/1372 2958/380/1373
f 2959/341/1373 2958/380/1373 2960/381/1374
f 2961/289/1375 2959/341/1373 2960/381/1374
f 2962/382/1376 2961/289/1375 2960/381/1374
f 2967/345/1377 2965/346/1378 2964/347/1377
s 0
f 2968/348/1379 2966/345/1379 2963/347/1379
f 2971/349/1380 2970/350/1380 2969/351/1380
f 2972/352/1380 2971/349/1380 2969/351/1380
f 2975/353/155 2974/267/155 2973/270/155
f 2976/171/155 2975/353/155 2973/270/155
f 2975/353/155 2976/171/155 2977/354/155
s 1
f 2980/368/1381 2979/617/1381 2978/618/1382
f 2981/600/1383 2980/368/1381 2978/618/1382
f 2981/600/1383 2978/618/1382 2982/619/1384
f 2983/601/1385 2981/600/1383 2982/619/1384
f 2984/620/1386 2983/601/1385 2982/619/1384
f 2984/620/1386 2985/621/1387 2983/601/1385
f 2985/621/1387 2986/622/1388 2983/601/1385
f 2987/602/1389 2983/601/1385 2986/622/1388
f 2987/602/1389 2986/622/1388 2988/623/1390
f 2989/603/1390 2987/602/1389 2988/623/1390
s 0
f 2996/171/494 2994/270/494 2990/173/494
s 1
f 2995/270/1312 2998/269/1310 2993/173/1312
s 0
f 3000/447/1312 2993/173/1312 2997/269/1312
f 3001/448/494 2990/173/494 2999/447/494
f 3002/449/494 2990/173/494 3001/448/494
f 3005/265/1313 2992/173/1313 3003/449/1313
f 3007/175/1315 2991/173/1315 3004/265/1315
s 1
f 3009/262/1316 3008/175/1391 3006/265/1392
s 0
f 3015/171/157 3013/270/157 3011/173/157
f 3014/270/1393 3017/269/1393 3012/173/1393
f 3018/447/157 3011/173/157 3016/269/157
s 1
f 3019/448/157 3011/173/157 3018/447/157
s 0
f 3020/449/157 3011/173/157 3019/448/157
f 3022/265/157 3011/173/157 3020/449/157
f 3024/175/309 3010/173/309 3021/265/309
f 3026/262/1394 3025/175/1394 3023/265/1394
s 1
f 3029/605/1395 3028/348/1396 3027/347/1397
f 3030/368/1398 3029/605/1395 3027/347/1397
f 3029/605/1395 3030/368/1398 3031/600/1399
f 3031/600/1399 3032/601/1400 3029/605/1395
f 3032/601/1400 3033/602/1401 3029/605/1395
f 3034/603/1402 3029/605/1395 3033/602/1401
f 3035/260/1403 3029/605/1395 3034/603/1402
f 3036/261/1404 3035/260/1403 3034/603/1402
f 3042/262/1405 3041/175/1406 3038/265/1407
s 0
f 3040/175/1405 3043/173/1405 3037/265/1405
f 3050/449/1408 3039/265/1408 3046/173/1408
f 3051/448/1409 3049/449/1409 3044/173/1409
f 3052/448/1410 3047/173/1410 3053/447/1410
f 3054/447/1411 3048/173/1411 3056/269/1411
s 1
f 3057/270/1412 3055/269/1413 3045/173/1407
f 3058/171/1414 3057/270/1412 3045/173/1407
s 0
f 3061/235/1415 3060/238/1415 3059/433/1415
f 3064/269/1416 3063/270/1416 3062/267/1416
s 1
f 3062/267/1417 3065/268/1417 3064/269/1417
f 3068/263/1418 3067/262/1419 3066/265/1420
f 3069/266/1419 3068/263/1418 3066/265/1420
s 0
f 3073/258/154 3072/259/154 3070/260/154
f 3075/261/155 3074/258/155 3071/260/155
s 1
f 3078/389/1421 3077/195/1422 3076/390/1423
f 3077/195/1422 3078/389/1421 3079/391/1424
f 3080/392/1424 3077/195/1422 3079/391/1424
f 3080/392/1424 3079/391/1424 3081/393/1425
f 3082/394/1425 3080/392/1424 3081/393/1425
f 3082/394/1425 3081/393/1425 3083/395/1426
f 3084/396/1426 3082/394/1425 3083/395/1426
f 3084/396/1426 3083/395/1426 3085/397/1427
f 3086/352/1428 3084/396/1426 3085/397/1427
f 3087/398/1429 3086/352/1428 3085/397/1427
f 3090/399/1430 3089/285/1431 3088/400/1432
f 3089/285/1431 3090/399/1430 3091/401/1433
f 3092/355/1434 3089/285/1431 3091/401/1433
f 3092/355/1434 3091/401/1433 3093/402/1435
f 3094/356/1435 3092/355/1434 3093/402/1435
f 3094/356/1435 3093/402/1435 3095/403/1436
f 3096/357/1436 3094/356/1435 3095/403/1436
f 3096/357/1436 3095/403/1436 3097/404/1437
f 3098/192/1438 3096/357/1436 3097/404/1437
f 3099/405/1439 3098/192/1438 3097/404/1437
s 0
f 3102/289/177 3101/178/177 3100/177/177
f 3103/341/177 3102/289/177 3100/177/177
f 3104/340/177 3103/341/177 3100/177/177
f 3104/340/177 3100/177/177 3105/339/177
f 3100/177/177 3106/237/177 3105/339/177
f 3106/237/177 3100/177/177 3107/238/177
s 1
f 3111/274/1440 3109/273/1441 3108/362/1441
f 3112/361/1440 3111/274/1440 3108/362/1441
f 3113/595/1442 3111/274/1440 3112/361/1440
s 0
f 3110/274/1443 3114/595/1443 3116/596/1443
f 3111/274/1440 3115/596/1444 3118/597/1444
s 1
f 3117/597/1445 3119/598/1445 3111/274/1440
f 3120/276/1446 3111/274/1440 3119/598/1445
f 3121/366/1447 3120/276/1446 3119/598/1445
f 3124/359/1448 3123/360/1449 3122/361/1450
f 3124/359/1448 3122/361/1450 3125/362/1451
s 0
f 3128/420/33 3127/421/33 3126/422/33
f 3128/420/33 3126/422/33 3129/423/33
f 3130/424/33 3128/420/33 3129/423/33
f 3131/425/33 3130/424/33 3129/423/33
s 1
f 3135/274/1452 3133/273/1453 3132/362/1454
f 3137/361/1455 3135/274/1452 3132/362/1454
f 3138/595/1456 3135/274/1452 3137/361/1455
s 0
f 3141/596/1457 3136/274/1457 3139/595/1457
s 1
f 3142/597/1458 3134/274/1459 3140/596/1460
f 3143/598/1461 3134/274/1459 3142/597/1458
f 3144/276/1462 3134/274/1459 3143/598/1461
f 3145/366/1463 3144/276/1462 3143/598/1461
f 3148/605/1464 3147/348/1465 3146/347/1466
f 3149/368/1467 3148/605/1464 3146/347/1466
f 3150/600/1468 3148/605/1464 3149/368/1467
f 3151/601/1469 3148/605/1464 3150/600/1468
f 3152/602/1470 3148/605/1464 3151/601/1469
f 3153/603/1471 3148/605/1464 3152/602/1470
f 3154/260/1472 3148/605/1464 3153/603/1471
f 3155/261/1473 3154/260/1472 3153/603/1471
s 0
f 3161/366/1392 3160/276/1392 3157/598/1392
f 3159/276/339 3163/274/339 3156/598/339
s 1
f 3158/598/1474 3166/274/1474 3168/597/1474
s 0
f 3169/596/1475 3167/597/1475 3164/274/1475
f 3170/595/1475 3169/596/1475 3164/274/1475
f 3173/361/1476 3171/595/1476 3165/274/1476
f 3172/361/1477 3162/274/1477 3174/362/1477
f 3164/274/1475 3176/273/1475 3175/362/1475
f 3179/157/33 3178/158/33 3177/155/33
f 3178/158/33 3180/159/33 3177/155/33
f 3180/159/33 3181/156/33 3177/155/33
f 3182/154/33 3177/155/33 3181/156/33
s 1
f 3185/624/1478 3184/625/1479 3183/571/1479
f 3186/570/1480 3185/624/1478 3183/571/1479
f 3185/624/1478 3186/570/1480 3187/626/1481
f 3186/570/1480 3188/569/1482 3187/626/1481
f 3188/569/1482 3189/627/1482 3187/626/1481
f 3188/569/1482 3190/568/1483 3189/627/1482
f 3191/628/1484 3189/627/1482 3190/568/1483
f 3192/629/1483 3191/628/1484 3190/568/1483
f 3192/629/1483 3190/568/1483 3193/279/1485
f 3194/630/1485 3192/629/1483 3193/279/1485
s 0
f 3197/578/1107 3196/419/1107 3195/351/1107
f 3198/451/1107 3197/578/1107 3195/351/1107
f 3201/190/1486 3200/191/1486 3199/166/1486
f 3202/192/179 3201/190/179 3199/166/179
f 3205/439/154 3204/440/154 3203/94/154
f 3205/439/154 3203/94/154 3206/438/154
f 3206/438/154 3203/94/154 3207/437/154
f 3203/94/154 3208/95/154 3207/437/154
f 3208/95/154 3209/106/154 3207/437/154
f 3209/106/154 3210/242/154 3207/437/154
f 3213/206/154 3212/13/154 3211/87/154
f 3214/436/154 3213/206/154 3211/87/154
f 3214/436/154 3211/87/154 3215/88/154
f 3216/435/154 3214/436/154 3215/88/154
f 3216/435/154 3215/88/154 3217/434/154
f 3217/434/154 3215/88/154 3218/89/154
f 3219/446/154 3217/434/154 3218/89/154
f 3219/446/154 3218/89/154 3220/445/154
f 3220/445/154 3218/89/154 3221/90/154
f 3222/444/154 3220/445/154 3221/90/154
f 3222/444/154 3221/90/154 3223/91/154
f 3224/443/154 3222/444/154 3223/91/154
f 3224/443/154 3223/91/154 3225/92/154
f 3226/442/154 3224/443/154 3225/92/154
f 3226/442/154 3225/92/154 3227/93/154
f 3228/441/154 3226/442/154 3227/93/154
f 3228/441/154 3227/93/154 3204/440/154
f 3204/440/154 3227/93/154 3203/94/154
f 3231/406/33 3230/407/33 3229/29/33
f 3231/406/33 3229/29/33 3232/408/33
f 3232/408/33 3229/29/33 3233/17/33
f 3234/409/33 3232/408/33 3233/17/33
f 3234/409/33 3233/17/33 3235/11/33
f 3236/248/33 3234/409/33 3235/11/33
f 3239/200/33 3238/131/33 3237/132/33
f 3240/410/33 3239/200/33 3237/132/33
f 3240/410/33 3237/132/33 3241/133/33
f 3242/411/33 3240/410/33 3241/133/33
f 3242/411/33 3241/133/33 3243/412/33
f 3243/412/33 3241/133/33 3244/19/33
f 3245/413/33 3243/412/33 3244/19/33
f 3245/413/33 3244/19/33 3246/414/33
f 3246/414/33 3244/19/33 3247/21/33
f 3248/415/33 3246/414/33 3247/21/33
f 3248/415/33 3247/21/33 3249/23/33
f 3250/416/33 3248/415/33 3249/23/33
f 3250/416/33 3249/23/33 3251/25/33
f 3252/417/33 3250/416/33 3251/25/33
f 3252/417/33 3251/25/33 3253/27/33
f 3254/418/33 3252/417/33 3253/27/33
f 3254/418/33 3253/27/33 3230/407/33
f 3230/407/33 3253/27/33 3229/29/33
f 3257/420/158 3256/421/158 3255/422/158
f 3257/420/158 3255/422/158 3258/423/158
s 1
f 3260/424/1487 3257/420/2 3259/423/1488
f 3261/425/1489 3260/424/1487 3259/423/1488
s 0
f 3264/578/161 3263/419/161 3262/351/161
f 3265/451/161 3264/578/161 3262/351/161
s 1
f 3270/605/1490 3267/348/1491 3266/347/1492
f 3272/368/1493 3270/605/1490 3266/347/1492
s 0
f 3274/600/1494 3271/605/1494 3272/368/1493
f 3275/601/1495 3269/605/1495 3273/600/1495
f 3276/602/1495 3269/605/1495 3275/601/1495
f 3278/603/1490 3270/605/1490 3277/602/1490
s 1
f 3280/260/890 3268/605/1496 3279/603/1497
f 3281/261/1498 3280/260/890 3279/603/1497
s 0
f 3285/176/1106 3284/177/1106 3282/178/1106
f 3287/179/1106 3286/176/1106 3283/178/1106
f 3290/406/177 3289/407/177 3288/29/177
f 3290/406/177 3288/29/177 3291/408/177
f 3291/408/177 3288/29/177 3292/17/177
f 3293/409/177 3291/408/177 3292/17/177
f 3293/409/177 3292/17/177 3294/248/177
f 3292/17/177 3295/11/177 3294/248/177
f 3298/131/177 3297/132/177 3296/200/177
f 3297/132/177 3299/410/177 3296/200/177
f 3299/410/177 3297/132/177 3300/133/177
f 3301/411/177 3299/410/177 3300/133/177
f 3301/411/177 3300/133/177 3302/412/177
f 3302/412/177 3300/133/177 3303/413/177
f 3300/133/177 3304/19/177 3303/413/177
f 3303/413/177 3304/19/177 3305/414/177
f 3305/414/177 3304/19/177 3306/21/177
f 3307/415/177 3305/414/177 3306/21/177
f 3307/415/177 3306/21/177 3308/23/177
f 3309/416/177 3307/415/177 3308/23/177
f 3309/416/177 3308/23/177 3310/25/177
f 3311/417/177 3309/416/177 3310/25/177
f 3311/417/177 3310/25/177 3312/27/177
f 3313/418/177 3311/417/177 3312/27/177
f 3313/418/177 3312/27/177 3289/407/177
f 3289/407/177 3312/27/177 3288/29/177
s 1
f 3316/269/1499 3315/607/1499 3314/608/1500
f 3317/447/1500 3316/269/1499 3314/608/1500
f 3317/447/1500 3314/608/1500 3318/609/1501
f 3319/448/1502 3317/447/1500 3318/609/1501
f 3320/610/1503 3319/448/1502 3318/609/1501
f 3320/610/1503 3321/611/1504 3319/448/1502
f 3321/611/1504 3322/612/1505 3319/448/1502
f 3323/449/1506 3319/448/1502 3322/612/1505
f 3323/449/1506 3322/612/1505 3324/613/1507
f 3325/265/1507 3323/449/1506 3324/613/1507
f 3328/361/1508 3327/631/1508 3326/632/1509
f 3329/595/1509 3328/361/1508 3326/632/1509
f 3329/595/1509 3326/632/1509 3330/633/1510
f 3331/596/1511 3329/595/1509 3330/633/1510
f 3332/634/1512 3331/596/1511 3330/633/1510
f 3332/634/1512 3333/635/1513 3331/596/1511
f 3333/635/1513 3334/636/1514 3331/596/1511
f 3335/597/1515 3331/596/1511 3334/636/1514
f 3335/597/1515 3334/636/1514 3336/637/1516
f 3337/598/1516 3335/597/1515 3336/637/1516
f 3340/290/1517 3339/571/1518 3338/638/1519
f 3339/571/1518 3340/290/1517 3341/293/1520
s 0
f 3344/419/1521 3343/578/1521 3342/606/1521
f 3348/182/160 3347/183/160 3345/180/160
f 3350/181/159 3349/182/159 3346/180/159
s 1
f 3353/353/1522 3352/267/1522 3351/270/1522
f 3354/171/1523 3353/353/1522 3351/270/1522
f 3353/353/1522 3354/171/1523 3355/354/1524
s 0
f 3358/193/1525 3357/196/1525 3356/555/1525
f 3361/292/647 3360/453/647 3359/452/647
f 3360/453/647 3362/454/647 3359/452/647
f 3363/282/647 3359/452/647 3362/454/647
f 3364/455/647 3363/282/647 3362/454/647
f 3367/281/212 3366/282/212 3365/580/212
f 3366/282/212 3367/281/212 3368/280/212
f 3367/281/212 3369/277/212 3368/280/212
s 1
f 3372/542/1526 3371/544/1527 3370/543/1528
f 3373/541/1529 3372/542/1526 3370/543/1528
f 3372/542/1526 3373/541/1529 3374/539/1530
f 3373/541/1529 3375/540/1531 3374/539/1530
f 3375/540/1531 3376/537/1532 3374/539/1530
f 3376/537/1532 3377/538/212 3374/539/1530
f 3380/526/178 3379/525/1533 3378/524/1534
f 3379/525/1533 3381/523/1535 3378/524/1534
f 3378/524/1534 3381/523/1535 3382/522/1536
f 3381/523/1535 3383/521/1537 3382/522/1536
f 3384/520/1538 3382/522/1536 3383/521/1537
f 3385/519/1539 3384/520/1538 3383/521/1537
f 3386/554/1540 3384/520/1538 3385/519/1539
f 3387/553/1541 3386/554/1540 3385/519/1539
f 3388/552/1542 3386/554/1540 3387/553/1541
f 3389/551/1543 3388/552/1542 3387/553/1541
f 3390/550/205 3388/552/1542 3389/551/1543
f 3391/549/1544 3390/550/205 3389/551/1543
f 3392/548/1545 3390/550/205 3391/549/1544
f 3393/547/1546 3392/548/1545 3391/549/1544
f 3394/546/1547 3392/548/1545 3393/547/1546
f 3395/545/1548 3394/546/1547 3393/547/1546
f 3371/544/1527 3394/546/1547 3395/545/1548
f 3370/543/1528 3371/544/1527 3395/545/1548
f 3398/506/1549 3397/508/1550 3396/507/1551
f 3399/505/1552 3398/506/1549 3396/507/1551
f 3400/504/1553 3398/506/1549 3399/505/1552
f 3401/503/1554 3400/504/1553 3399/505/1552
f 3402/502/161 3400/504/1553 3401/503/1554
f 3403/501/1555 3402/502/161 3401/503/1554
f 3403/501/1555 3404/536/1556 3402/502/161
f 3404/536/1556 3405/535/1557 3402/502/161
f 3404/536/1556 3406/534/1558 3405/535/1557
f 3406/534/1558 3407/533/1559 3405/535/1557
f 3406/534/1558 3408/532/1560 3407/533/1559
f 3408/532/1560 3409/531/1561 3407/533/1559
f 3408/532/1560 3410/529/1562 3409/531/1561
f 3410/529/1562 3411/530/1563 3409/531/1561
f 3411/530/1563 3410/529/1562 3412/527/1564
f 3410/529/1562 3413/528/1565 3412/527/1564
f 3413/528/1565 3379/525/1533 3412/527/1564
f 3379/525/1533 3380/526/178 3412/527/1564
f 3416/488/1566 3415/490/888 3414/489/1567
f 3417/487/1568 3416/488/1566 3414/489/1567
f 3418/486/1569 3416/488/1566 3417/487/1568
f 3419/485/1570 3418/486/1569 3417/487/1568
f 3420/484/1571 3418/486/1569 3419/485/1570
f 3421/483/1572 3420/484/1571 3419/485/1570
f 3422/518/1573 3420/484/1571 3421/483/1572
f 3423/517/1574 3422/518/1573 3421/483/1572
f 3422/518/1573 3423/517/1574 3424/515/1575
f 3423/517/1574 3425/516/1576 3424/515/1575
f 3425/516/1576 3426/513/1577 3424/515/1575
f 3426/513/1577 3427/514/158 3424/515/1575
f 3427/514/158 3426/513/1577 3428/512/1578
f 3426/513/1577 3429/511/1579 3428/512/1578
f 3428/512/1578 3429/511/1579 3430/510/1580
f 3429/511/1579 3431/509/1581 3430/510/1580
f 3397/508/1550 3430/510/1580 3431/509/1581
f 3396/507/1551 3397/508/1550 3431/509/1581
f 3434/470/1582 3433/472/1583 3432/471/1584
f 3435/469/1585 3434/470/1582 3432/471/1584
f 3434/470/1582 3435/469/1585 3436/467/1586
f 3435/469/1585 3437/468/1587 3436/467/1586
f 3437/468/1587 3438/465/1588 3436/467/1586
f 3438/465/1588 3439/466/154 3436/467/1586
f 3439/466/154 3438/465/1588 3440/500/1589
f 3438/465/1588 3441/499/1590 3440/500/1589
f 3440/500/1589 3441/499/1590 3442/498/1591
f 3441/499/1590 3443/497/1592 3442/498/1591
f 3444/496/1593 3442/498/1591 3443/497/1592
f 3445/495/1594 3444/496/1593 3443/497/1592
f 3446/494/1595 3444/496/1593 3445/495/1594
f 3447/493/1596 3446/494/1595 3445/495/1594
f 3448/492/1597 3446/494/1595 3447/493/1596
f 3449/491/1598 3448/492/1597 3447/493/1596
f 3415/490/888 3448/492/1597 3449/491/1598
f 3414/489/1567 3415/490/888 3449/491/1598
f 3452/464/212 3451/463/1532 3450/462/1599
f 3451/463/1532 3453/461/1600 3450/462/1599
f 3450/462/1599 3453/461/1600 3454/460/1601
f 3453/461/1600 3455/459/1602 3454/460/1601
f 3456/458/1603 3454/460/1601 3455/459/1602
f 3457/457/1604 3456/458/1603 3455/459/1602
f 3458/482/1605 3456/458/1603 3457/457/1604
f 3459/481/1606 3458/482/1605 3457/457/1604
f 3460/480/1607 3458/482/1605 3459/481/1606
f 3461/479/1608 3460/480/1607 3459/481/1606
f 3462/478/1609 3460/480/1607 3461/479/1608
f 3463/477/1610 3462/478/1609 3461/479/1608
f 3464/476/1611 3462/478/1609 3463/477/1610
f 3465/475/1612 3464/476/1611 3463/477/1610
f 3466/474/1613 3464/476/1611 3465/475/1612
f 3467/473/1614 3466/474/1613 3465/475/1612
f 3433/472/1583 3466/474/1613 3467/473/1614
f 3432/471/1584 3433/472/1583 3467/473/1614
s 0
f 3472/169/1351 3470/286/1351 3469/285/1351
f 3471/169/33 3468/285/33 3473/355/33
f 3471/169/33 3473/355/33 3474/356/33
f 3471/169/33 3474/356/33 3475/357/33
f 3471/169/33 3475/357/33 3476/192/33
f 3477/166/33 3471/169/33 3476/192/33
f 3480/456/1615 3479/179/1615 3478/178/1615
f 3483/276/580 3482/275/580 3481/274/580
f 3482/275/580 3484/271/580 3481/274/580
f 3485/273/580 3481/274/580 3484/271/580
f 3486/272/580 3485/273/580 3484/271/580
f 3489/237/154 3488/177/154 3487/238/154
f 3489/237/154 3490/339/154 3488/177/154
f 3488/177/154 3490/339/154 3491/340/154
f 3491/340/154 3492/341/154 3488/177/154
f 3493/289/154 3488/177/154 3492/341/154
f 3493/289/154 3494/178/154 3488/177/154
f 3497/456/1616 3496/179/1616 3495/178/1616
s 1
f 3500/452/1617 3499/282/1618 3498/280/1619
f 3501/279/1620 3500/452/1617 3498/280/1619
f 3501/279/1620 3502/568/1621 3500/452/1617
s 0
f 3503/569/1622 3500/452/1622 3502/568/1622
f 3503/569/1623 3504/570/1624 3500/452/1624
s 1
f 3504/570/1625 3505/571/1623 3500/452/1624
s 0
f 3506/292/1626 3500/452/1626 3505/571/1627
s 1
f 3507/293/1628 3506/292/1629 3505/571/1623
f 3510/399/1630 3509/285/1631 3508/400/1632
f 3509/285/1631 3510/399/1630 3511/401/1633
f 3512/355/1634 3509/285/1631 3511/401/1633
f 3512/355/1634 3511/401/1633 3513/402/1635
f 3514/356/1635 3512/355/1634 3513/402/1635
f 3514/356/1635 3513/402/1635 3515/403/1636
f 3516/357/1636 3514/356/1635 3515/403/1636
f 3516/357/1636 3515/403/1636 3517/404/1637
f 3518/192/1638 3516/357/1636 3517/404/1637
f 3519/405/1639 3518/192/1638 3517/404/1637
s 0
f 3522/176/1640 3521/639/1640 3520/177/1640
s 1
f 3525/542/1641 3524/544/1642 3523/543/1643
f 3526/541/1644 3525/542/1641 3523/543/1643
f 3525/542/1641 3526/541/1644 3527/539/1645
f 3526/541/1644 3528/540/1646 3527/539/1645
f 3528/540/1646 3529/537/1647 3527/539/1645
f 3529/537/1647 3530/538/212 3527/539/1645
f 3533/526/33 3532/525/1648 3531/524/1649
f 3532/525/1648 3534/523/1650 3531/524/1649
f 3531/524/1649 3534/523/1650 3535/522/1651
f 3534/523/1650 3536/521/1652 3535/522/1651
f 3537/520/1653 3535/522/1651 3536/521/1652
f 3538/519/1654 3537/520/1653 3536/521/1652
f 3539/554/1655 3537/520/1653 3538/519/1654
f 3540/553/1656 3539/554/1655 3538/519/1654
f 3541/552/1657 3539/554/1655 3540/553/1656
f 3542/551/1658 3541/552/1657 3540/553/1656
f 3543/550/206 3541/552/1657 3542/551/1658
f 3544/549/1659 3543/550/206 3542/551/1658
f 3545/548/1660 3543/550/206 3544/549/1659
f 3546/547/1661 3545/548/1660 3544/549/1659
f 3547/546/1662 3545/548/1660 3546/547/1661
f 3548/545/1663 3547/546/1662 3546/547/1661
f 3524/544/1642 3547/546/1662 3548/545/1663
f 3523/543/1643 3524/544/1642 3548/545/1663
f 3551/506/1664 3550/508/1665 3549/507/1666
f 3552/505/1667 3551/506/1664 3549/507/1666
f 3553/504/1668 3551/506/1664 3552/505/1667
f 3554/503/1669 3553/504/1668 3552/505/1667
f 3555/502/1099 3553/504/1668 3554/503/1669
f 3556/501/1670 3555/502/1099 3554/503/1669
f 3556/501/1670 3557/536/1671 3555/502/1099
f 3557/536/1671 3558/535/1672 3555/502/1099
f 3557/536/1671 3559/534/1673 3558/535/1672
f 3559/534/1673 3560/533/1674 3558/535/1672
f 3559/534/1673 3561/532/1675 3560/533/1674
f 3561/532/1675 3562/531/1676 3560/533/1674
f 3561/532/1675 3563/529/1677 3562/531/1676
f 3563/529/1677 3564/530/1678 3562/531/1676
f 3564/530/1678 3563/529/1677 3565/527/1679
f 3563/529/1677 3566/528/1680 3565/527/1679
f 3566/528/1680 3532/525/1648 3565/527/1679
f 3532/525/1648 3533/526/33 3565/527/1679
f 3569/488/1681 3568/490/1282 3567/489/1682
f 3570/487/1683 3569/488/1681 3567/489/1682
f 3571/486/1684 3569/488/1681 3570/487/1683
f 3572/485/1685 3571/486/1684 3570/487/1683
f 3573/484/1686 3571/486/1684 3572/485/1685
f 3574/483/1687 3573/484/1686 3572/485/1685
f 3575/518/1688 3573/484/1686 3574/483/1687
f 3576/517/1689 3575/518/1688 3574/483/1687
f 3575/518/1688 3576/517/1689 3577/515/1690
f 3576/517/1689 3578/516/1691 3577/515/1690
f 3578/516/1691 3579/513/1692 3577/515/1690
f 3579/513/1692 3580/514/158 3577/515/1690
f 3580/514/158 3579/513/1692 3581/512/1693
f 3579/513/1692 3582/511/1694 3581/512/1693
f 3581/512/1693 3582/511/1694 3583/510/1695
f 3582/511/1694 3584/509/1696 3583/510/1695
f 3550/508/1665 3583/510/1695 3584/509/1696
f 3549/507/1666 3550/508/1665 3584/509/1696
f 3587/470/1697 3586/472/1698 3585/471/1699
f 3588/469/1700 3587/470/1697 3585/471/1699
f 3587/470/1697 3588/469/1700 3589/467/1701
f 3588/469/1700 3590/468/1702 3589/467/1701
f 3590/468/1702 3591/465/1703 3589/467/1701
f 3591/465/1703 3592/466/177 3589/467/1701
f 3592/466/177 3591/465/1703 3593/500/1704
f 3591/465/1703 3594/499/1705 3593/500/1704
f 3593/500/1704 3594/499/1705 3595/498/1706
f 3594/499/1705 3596/497/1707 3595/498/1706
f 3597/496/1708 3595/498/1706 3596/497/1707
f 3598/495/1709 3597/496/1708 3596/497/1707
f 3599/494/1710 3597/496/1708 3598/495/1709
f 3600/493/1711 3599/494/1710 3598/495/1709
f 3601/492/1712 3599/494/1710 3600/493/1711
f 3602/491/1713 3601/492/1712 3600/493/1711
f 3568/490/1282 3601/492/1712 3602/491/1713
f 3567/489/1682 3568/490/1282 3602/491/1713
f 3605/464/212 3604/463/1647 3603/462/1714
f 3604/463/1647 3606/461/1715 3603/462/1714
f 3603/462/1714 3606/461/1715 3607/460/1716
f 3606/461/1715 3608/459/1717 3607/460/1716
f 3609/458/1718 3607/460/1716 3608/459/1717
f 3610/457/1719 3609/458/1718 3608/459/1717
f 3611/482/1720 3609/458/1718 3610/457/1719
f 3612/481/1721 3611/482/1720 3610/457/1719
f 3613/480/1722 3611/482/1720 3612/481/1721
f 3614/479/1723 3613/480/1722 3612/481/1721
f 3615/478/1317 3613/480/1722 3614/479/1723
f 3616/477/1724 3615/478/1317 3614/479/1723
f 3617/476/1725 3615/478/1317 3616/477/1724
f 3618/475/1726 3617/476/1725 3616/477/1724
f 3619/474/1727 3617/476/1725 3618/475/1726
f 3620/473/1728 3619/474/1727 3618/475/1726
f 3586/472/1698 3619/474/1727 3620/473/1728
f 3585/471/1699 3586/472/1698 3620/473/1728
s 0
f 3623/192/177 3622/166/177 3621/169/177
f 3624/357/177 3623/192/177 3621/169/177
f 3625/356/177 3624/357/177 3621/169/177
f 3621/169/177 3626/355/177 3625/356/177
f 3621/169/177 3627/285/177 3626/355/177
f 3621/169/177 3628/286/177 3627/285/177
f 3631/352/212 3630/351/212 3629/419/212
f 3629/419/212 3632/396/212 3631/352/212
f 3629/419/212 3633/394/212 3632/396/212
f 3629/419/212 3634/392/212 3633/394/212
f 3629/419/212 3635/195/212 3634/392/212
f 3636/196/212 3635/195/212 3629/419/212
f 3639/177/33 3638/238/33 3637/237/33
f 3639/177/33 3637/237/33 3642/339/33
f 3643/339/1351 3644/340/1351 3640/177/1351
f 3645/340/887 3647/341/887 3641/177/887
f 3646/341/1351 3648/289/1351 3640/177/1351
f 3649/178/1351 3640/177/1351 3648/289/1351
f 3652/450/1729 3651/451/1729 3650/351/1729
s 1
f 3656/452/1730 3654/282/1731 3653/280/1732
f 3658/279/1733 3656/452/1730 3653/280/1732
f 3658/279/1733 3660/568/1734 3656/452/1730
s 0
f 3661/569/1735 3657/452/1735 3659/568/1735
s 1
f 3662/570/1736 3655/452/1737 3661/569/1735
f 3663/571/1730 3655/452/1737 3662/570/1736
f 3664/292/1738 3655/452/1737 3663/571/1730
f 3665/293/1739 3664/292/1738 3663/571/1730
f 3668/128/1740 3667/129/1741 3666/134/1742
f 3669/135/1743 3668/128/1740 3666/134/1742
f 3668/128/1740 3669/135/1743 3670/127/1744
f 3669/135/1743 3671/126/1745 3670/127/1744
f 3671/126/1745 3669/135/1743 3672/124/1746
f 3673/121/1747 3672/124/1746 3669/135/1743
f 3673/121/1747 3674/122/1748 3672/124/1746
f 3666/134/1742 3673/121/1747 3669/135/1743
f 3668/128/1740 3675/108/1102 3667/129/1741
f 3675/108/1102 3668/128/1740 3676/110/1749
f 3668/128/1740 3670/127/1744 3676/110/1749
f 3670/127/1744 3677/33/178 3676/110/1749
f 3671/126/1745 3677/33/178 3670/127/1744
f 3678/125/1750 3677/33/178 3671/126/1745
f 3678/125/1750 3671/126/1745 3672/124/1746
f 3678/125/1750 3672/124/1746 3679/123/1751
f 3674/122/1748 3679/123/1751 3672/124/1746
f 3674/122/1748 3680/153/1752 3679/123/1751
f 3680/153/1752 3681/147/1753 3679/123/1751
f 3680/153/1752 3682/152/1754 3681/147/1753
f 3682/152/1754 3683/139/1755 3681/147/1753
f 3682/152/1754 3684/151/1756 3683/139/1755
f 3684/151/1756 3685/140/1757 3683/139/1755
f 3684/151/1756 3686/150/1758 3685/140/1757
f 3686/150/1758 3687/142/1759 3685/140/1757
f 3686/150/1758 3688/149/1760 3687/142/1759
f 3677/33/178 3690/116/1761 3689/115/1762
f 3677/33/178 3689/115/1762 3691/114/1763
f 3677/33/178 3691/114/1763 3692/113/1764
f 3677/33/178 3692/113/1764 3693/112/1765
f 3677/33/178 3693/112/1765 3694/111/1766
f 3695/109/1767 3677/33/178 3694/111/1766
f 3676/110/1749 3677/33/178 3695/109/1767
f 3675/108/1102 3676/110/1749 3695/109/1767
f 3697/97/1768 3677/33/178 3696/98/1769
f 3698/78/1770 3677/33/178 3697/97/1768
f 3699/77/1771 3677/33/178 3698/78/1770
f 3677/33/178 3699/77/1771 3700/76/1772
f 3677/33/178 3700/76/1772 3701/75/1773
f 3677/33/178 3701/75/1773 3702/74/1774
f 3677/33/178 3702/74/1774 3703/73/1775
f 3677/33/178 3703/73/1775 3704/72/1776
f 3677/33/178 3704/72/1776 3705/71/1777
f 3677/33/178 3705/71/1777 3706/70/1778
f 3677/33/178 3706/70/1778 3707/69/1779
f 3708/14/1780 3677/33/178 3707/69/1779
f 3709/15/1781 3677/33/178 3708/14/1780
f 3710/32/1782 3677/33/178 3709/15/1781
f 3711/119/1783 3677/33/178 3710/32/1782
f 3677/33/178 3711/119/1783 3712/118/1784
f 3677/33/178 3712/118/1784 3713/117/1785
f 3677/33/178 3713/117/1785 3690/116/1761
f 3711/119/1783 3715/31/1786 3714/30/1787
f 3715/31/1786 3711/119/1783 3710/32/1782
f 3716/16/1788 3715/31/1786 3710/32/1782
f 3716/16/1788 3710/32/1782 3709/15/1781
f 3717/9/1789 3716/16/1788 3709/15/1781
f 3717/9/1789 3709/15/1781 3708/14/1780
f 3718/12/1790 3717/9/1789 3708/14/1780
f 3718/12/1790 3708/14/1780 3707/69/1779
f 3719/68/1791 3718/12/1790 3707/69/1779
f 3707/69/1779 3706/70/1778 3719/68/1791
f 3706/70/1778 3720/86/1792 3719/68/1791
f 3706/70/1778 3705/71/1777 3720/86/1792
f 3705/71/1777 3721/85/1793 3720/86/1792
f 3705/71/1777 3704/72/1776 3721/85/1793
f 3704/72/1776 3722/84/1794 3721/85/1793
f 3704/72/1776 3703/73/1775 3722/84/1794
f 3703/73/1775 3723/83/1795 3722/84/1794
f 3703/73/1775 3702/74/1774 3723/83/1795
f 3725/138/1796 3677/33/178 3724/136/1797
f 3726/141/1798 3677/33/178 3725/138/1796
f 3727/143/1799 3677/33/178 3726/141/1798
f 3728/145/1800 3677/33/178 3727/143/1799
f 3729/62/1801 3677/33/178 3728/145/1800
f 3730/61/1802 3677/33/178 3729/62/1801
f 3731/60/1803 3677/33/178 3730/61/1802
f 3732/35/1804 3677/33/178 3731/60/1803
f 3733/34/1805 3677/33/178 3732/35/1804
f 3677/33/178 3733/34/1805 3734/36/1806
f 3677/33/178 3734/36/1806 3735/37/1807
f 3677/33/178 3735/37/1807 3736/38/1808
f 3677/33/178 3736/38/1808 3737/39/1809
f 3677/33/178 3737/39/1809 3738/40/1810
f 3677/33/178 3738/40/1810 3739/41/1811
f 3677/33/178 3739/41/1811 3740/42/1812
f 3677/33/178 3740/42/1812 3741/43/1813
f 3696/98/1769 3677/33/178 3741/43/1813
f 3739/41/1811 3743/46/1814 3742/45/1815
f 3739/41/1811 3738/40/1810 3743/46/1814
f 3738/40/1810 3744/47/1816 3743/46/1814
f 3738/40/1810 3737/39/1809 3744/47/1816
f 3737/39/1809 3745/48/1817 3744/47/1816
f 3737/39/1809 3736/38/1808 3745/48/1817
f 3736/38/1808 3746/49/1818 3745/48/1817
f 3736/38/1808 3735/37/1807 3746/49/1818
f 3735/37/1807 3747/50/1819 3746/49/1818
f 3735/37/1807 3734/36/1806 3747/50/1819
f 3734/36/1806 3748/51/1820 3747/50/1819
f 3734/36/1806 3733/34/1805 3748/51/1820
f 3733/34/1805 3749/52/1821 3748/51/1820
f 3749/52/1821 3733/34/1805 3732/35/1804
f 3750/59/1822 3749/52/1821 3732/35/1804
f 3750/59/1822 3732/35/1804 3731/60/1803
f 3751/66/1823 3750/59/1822 3731/60/1803
f 3751/66/1823 3731/60/1803 3730/61/1802
f 3688/149/1760 3752/144/1824 3687/142/1759
f 3688/149/1760 3753/148/1825 3752/144/1824
f 3753/148/1825 3754/146/1826 3752/144/1824
f 3754/146/1826 3753/148/1825 3755/64/1827
f 3756/63/1828 3754/146/1826 3755/64/1827
f 3756/63/1828 3755/64/1827 3757/65/1829
f 3751/66/1823 3756/63/1828 3757/65/1829
f 3751/66/1823 3757/65/1829 3758/67/1830
f 3750/59/1822 3751/66/1823 3758/67/1830
f 3750/59/1822 3758/67/1830 3759/58/1831
f 3749/52/1821 3750/59/1822 3759/58/1831
f 3759/58/1831 3760/57/1832 3749/52/1821
f 3760/57/1832 3748/51/1820 3749/52/1821
f 3760/57/1832 3761/56/1833 3748/51/1820
f 3761/56/1833 3747/50/1819 3748/51/1820
f 3761/56/1833 3762/55/1834 3747/50/1819
f 3762/55/1834 3746/49/1818 3747/50/1819
f 3762/55/1834 3763/54/1835 3746/49/1818
f 3756/63/1828 3751/66/1823 3730/61/1802
f 3756/63/1828 3730/61/1802 3729/62/1801
f 3754/146/1826 3756/63/1828 3729/62/1801
f 3729/62/1801 3728/145/1800 3754/146/1826
f 3728/145/1800 3752/144/1824 3754/146/1826
f 3728/145/1800 3727/143/1799 3752/144/1824
f 3727/143/1799 3687/142/1759 3752/144/1824
f 3727/143/1799 3726/141/1798 3687/142/1759
f 3726/141/1798 3685/140/1757 3687/142/1759
f 3726/141/1798 3725/138/1796 3685/140/1757
f 3725/138/1796 3683/139/1755 3685/140/1757
f 3725/138/1796 3724/136/1797 3683/139/1755
f 3724/136/1797 3681/147/1753 3683/139/1755
f 3724/136/1797 3764/137/1836 3681/147/1753
f 3764/137/1836 3679/123/1751 3681/147/1753
f 3764/137/1836 3678/125/1750 3679/123/1751
f 3764/137/1836 3677/33/178 3678/125/1750
f 3724/136/1797 3677/33/178 3764/137/1836
f 3763/54/1835 3745/48/1817 3746/49/1818
f 3763/54/1835 3765/53/1837 3745/48/1817
f 3765/53/1837 3744/47/1816 3745/48/1817
f 3765/53/1837 3766/103/1838 3744/47/1816
f 3766/103/1838 3743/46/1814 3744/47/1816
f 3766/103/1838 3767/102/1839 3743/46/1814
f 3767/102/1839 3742/45/1815 3743/46/1814
f 3767/102/1839 3768/101/1840 3742/45/1815
f 3768/101/1840 3769/44/1841 3742/45/1815
f 3769/44/1841 3768/101/1840 3770/100/1842
f 3771/99/1843 3769/44/1841 3770/100/1842
f 3771/99/1843 3770/100/1842 3772/104/1844
f 3773/105/1845 3771/99/1843 3772/104/1844
f 3773/105/1845 3772/104/1844 3774/106/1846
f 3775/96/1847 3773/105/1845 3774/106/1846
f 3775/96/1847 3774/106/1846 3776/95/1848
f 3777/79/1849 3775/96/1847 3776/95/1848
f 3776/95/1848 3778/94/1850 3777/79/1849
f 3702/74/1774 3779/82/1851 3723/83/1795
f 3702/74/1774 3701/75/1773 3779/82/1851
f 3701/75/1773 3780/81/1852 3779/82/1851
f 3701/75/1773 3700/76/1772 3780/81/1852
f 3700/76/1772 3781/80/1853 3780/81/1852
f 3700/76/1772 3699/77/1771 3781/80/1853
f 3699/77/1771 3777/79/1849 3781/80/1853
f 3777/79/1849 3699/77/1771 3698/78/1770
f 3775/96/1847 3777/79/1849 3698/78/1770
f 3775/96/1847 3698/78/1770 3697/97/1768
f 3773/105/1845 3775/96/1847 3697/97/1768
f 3773/105/1845 3697/97/1768 3696/98/1769
f 3771/99/1843 3773/105/1845 3696/98/1769
f 3771/99/1843 3696/98/1769 3741/43/1813
f 3769/44/1841 3771/99/1843 3741/43/1813
f 3741/43/1813 3740/42/1812 3769/44/1841
f 3740/42/1812 3742/45/1815 3769/44/1841
f 3740/42/1812 3739/41/1811 3742/45/1815
f 3778/94/1850 3781/80/1853 3777/79/1849
f 3778/94/1850 3782/93/1854 3781/80/1853
f 3782/93/1854 3780/81/1852 3781/80/1853
f 3782/93/1854 3783/92/1855 3780/81/1852
f 3783/92/1855 3779/82/1851 3780/81/1852
f 3783/92/1855 3784/91/1856 3779/82/1851
f 3784/91/1856 3723/83/1795 3779/82/1851
f 3784/91/1856 3785/90/1857 3723/83/1795
f 3785/90/1857 3722/84/1794 3723/83/1795
f 3785/90/1857 3786/89/1858 3722/84/1794
f 3786/89/1858 3721/85/1793 3722/84/1794
f 3786/89/1858 3787/88/1859 3721/85/1793
f 3787/88/1859 3720/86/1792 3721/85/1793
f 3787/88/1859 3788/87/1860 3720/86/1792
f 3788/87/1860 3719/68/1791 3720/86/1792
f 3719/68/1791 3788/87/1860 3789/13/1861
f 3718/12/1790 3719/68/1791 3789/13/1861
f 3718/12/1790 3789/13/1861 3790/10/1862
f 3717/9/1789 3718/12/1790 3790/10/1862
f 3717/9/1789 3790/10/1862 3791/11/1863
f 3716/16/1788 3717/9/1789 3791/11/1863
f 3716/16/1788 3791/11/1863 3792/17/1864
f 3715/31/1786 3716/16/1788 3792/17/1864
f 3792/17/1864 3793/29/1865 3715/31/1786
f 3793/29/1865 3714/30/1787 3715/31/1786
f 3793/29/1865 3794/27/1866 3714/30/1787
f 3794/27/1866 3795/28/1867 3714/30/1787
f 3794/27/1866 3796/25/1868 3795/28/1867
f 3796/25/1868 3797/26/1869 3795/28/1867
f 3796/25/1868 3798/23/1870 3797/26/1869
f 3798/23/1870 3799/24/1871 3797/26/1869
f 3798/23/1870 3800/21/1872 3799/24/1871
f 3800/21/1872 3801/22/1873 3799/24/1871
f 3800/21/1872 3802/19/1874 3801/22/1873
f 3802/19/1874 3803/18/1875 3801/22/1873
f 3802/19/1874 3804/133/1876 3803/18/1875
f 3805/107/1877 3675/108/1102 3695/109/1767
f 3805/107/1877 3695/109/1767 3694/111/1766
f 3806/120/1878 3805/107/1877 3694/111/1766
f 3694/111/1766 3693/112/1765 3806/120/1878
f 3693/112/1765 3807/20/1879 3806/120/1878
f 3693/112/1765 3692/113/1764 3807/20/1879
f 3692/113/1764 3803/18/1875 3807/20/1879
f 3692/113/1764 3691/114/1763 3803/18/1875
f 3691/114/1763 3801/22/1873 3803/18/1875
f 3691/114/1763 3689/115/1762 3801/22/1873
f 3689/115/1762 3799/24/1871 3801/22/1873
f 3689/115/1762 3690/116/1761 3799/24/1871
f 3690/116/1761 3797/26/1869 3799/24/1871
f 3690/116/1761 3713/117/1785 3797/26/1869
f 3713/117/1785 3795/28/1867 3797/26/1869
f 3713/117/1785 3712/118/1784 3795/28/1867
f 3712/118/1784 3714/30/1787 3795/28/1867
f 3712/118/1784 3711/119/1783 3714/30/1787
f 3804/133/1876 3807/20/1879 3803/18/1875
f 3804/133/1876 3808/132/1880 3807/20/1879
f 3808/132/1880 3806/120/1878 3807/20/1879
f 3806/120/1878 3808/132/1880 3809/131/1881
f 3805/107/1877 3806/120/1878 3809/131/1881
f 3805/107/1877 3809/131/1881 3810/130/1882
f 3675/108/1102 3805/107/1877 3810/130/1882
f 3675/108/1102 3810/130/1882 3667/129/1741
f 3813/274/1883 3812/273/1884 3811/362/1885
f 3814/361/1886 3813/274/1883 3811/362/1885
f 3815/595/1887 3813/274/1883 3814/361/1886
f 3816/596/1888 3813/274/1883 3815/595/1887
f 3813/274/1883 3816/596/1888 3817/597/1889
f 3818/598/1890 3813/274/1883 3817/597/1889
f 3819/276/1891 3813/274/1883 3818/598/1890
f 3820/366/1892 3819/276/1891 3818/598/1890
f 3823/542/611 3822/544/609 3821/543/1893
f 3824/541/1894 3823/542/611 3821/543/1893
f 3823/542/611 3824/541/1894 3825/539/613
f 3824/541/1894 3826/540/1895 3825/539/613
f 3826/540/1895 3827/537/1896 3825/539/613
f 3827/537/1896 3828/538/33 3825/539/613
f 3831/526/178 3830/525/1897 3829/524/626
f 3830/525/1897 3832/523/1898 3829/524/626
f 3829/524/626 3832/523/1898 3833/522/629
f 3832/523/1898 3834/521/1899 3833/522/629
f 3835/520/630 3833/522/629 3834/521/1899
f 3836/519/1900 3835/520/630 3834/521/1899
f 3837/554/632 3835/520/630 3836/519/1900
f 3838/553/1901 3837/554/632 3836/519/1900
f 3839/552/634 3837/554/632 3838/553/1901
f 3840/551/1902 3839/552/634 3838/553/1901
f 3841/550/603 3839/552/634 3840/551/1902
f 3842/549/1903 3841/550/603 3840/551/1902
f 3843/548/605 3841/550/603 3842/549/1903
f 3844/547/1904 3843/548/605 3842/549/1903
f 3845/546/607 3843/548/605 3844/547/1904
f 3846/545/1905 3845/546/607 3844/547/1904
f 3822/544/609 3845/546/607 3846/545/1905
f 3821/543/1893 3822/544/609 3846/545/1905
f 3849/506/643 3848/508/641 3847/507/1906
f 3850/505/1907 3849/506/643 3847/507/1906
f 3851/504/645 3849/506/643 3850/505/1907
f 3852/503/1908 3851/504/645 3850/505/1907
f 3853/502/647 3851/504/645 3852/503/1908
f 3854/501/1909 3853/502/647 3852/503/1908
f 3854/501/1909 3855/536/1910 3853/502/647
f 3855/536/1910 3856/535/649 3853/502/647
f 3855/536/1910 3857/534/1911 3856/535/649
f 3857/534/1911 3858/533/651 3856/535/649
f 3857/534/1911 3859/532/1912 3858/533/651
f 3859/532/1912 3860/531/620 3858/533/651
f 3859/532/1912 3861/529/1913 3860/531/620
f 3861/529/1913 3862/530/622 3860/531/620
f 3862/530/622 3861/529/1913 3863/527/624
f 3861/529/1913 3864/528/1914 3863/527/624
f 3864/528/1914 3830/525/1897 3863/527/624
f 3830/525/1897 3831/526/178 3863/527/624
f 3867/488/582 3866/490/580 3865/489/1915
f 3868/487/1916 3867/488/582 3865/489/1915
f 3869/486/584 3867/488/582 3868/487/1916
f 3870/485/1917 3869/486/584 3868/487/1916
f 3871/484/562 3869/486/584 3870/485/1917
f 3872/483/1918 3871/484/562 3870/485/1917
f 3873/518/564 3871/484/562 3872/483/1918
f 3874/517/1919 3873/518/564 3872/483/1918
f 3873/518/564 3874/517/1919 3875/515/566
f 3874/517/1919 3876/516/1920 3875/515/566
f 3876/516/1920 3877/513/1921 3875/515/566
f 3877/513/1921 3878/514/177 3875/515/566
f 3878/514/177 3877/513/1921 3879/512/636
f 3877/513/1921 3880/511/1922 3879/512/636
f 3879/512/636 3880/511/1922 3881/510/639
f 3880/511/1922 3882/509/1923 3881/510/639
f 3848/508/641 3881/510/639 3882/509/1923
f 3847/507/1906 3848/508/641 3882/509/1923
f 3885/470/599 3884/472/597 3883/471/1924
f 3886/469/1925 3885/470/599 3883/471/1924
f 3885/470/599 3886/469/1925 3887/467/601
f 3886/469/1925 3888/468/1926 3887/467/601
f 3888/468/1926 3889/465/1927 3887/467/601
f 3889/465/1927 3890/466/154 3887/467/601
f 3890/466/154 3889/465/1927 3891/500/569
f 3889/465/1927 3892/499/1928 3891/500/569
f 3891/500/569 3892/499/1928 3893/498/572
f 3892/499/1928 3894/497/1929 3893/498/572
f 3895/496/574 3893/498/572 3894/497/1929
f 3896/495/1930 3895/496/574 3894/497/1929
f 3897/494/576 3895/496/574 3896/495/1930
f 3898/493/1931 3897/494/576 3896/495/1930
f 3899/492/578 3897/494/576 3898/493/1931
f 3900/491/1932 3899/492/578 3898/493/1931
f 3866/490/580 3899/492/578 3900/491/1932
f 3865/489/1915 3866/490/580 3900/491/1932
f 3903/464/33 3902/463/1896 3901/462/615
f 3902/463/1896 3904/461/1933 3901/462/615
f 3901/462/615 3904/461/1933 3905/460/618
f 3904/461/1933 3906/459/1934 3905/460/618
f 3907/458/586 3905/460/618 3906/459/1934
f 3908/457/1935 3907/458/586 3906/459/1934
f 3909/482/588 3907/458/586 3908/457/1935
f 3910/481/1936 3909/482/588 3908/457/1935
f 3911/480/590 3909/482/588 3910/481/1936
f 3912/479/1937 3911/480/590 3910/481/1936
f 3913/478/207 3911/480/590 3912/479/1937
f 3914/477/1938 3913/478/207 3912/479/1937
f 3915/476/593 3913/478/207 3914/477/1938
f 3916/475/1939 3915/476/593 3914/477/1938
f 3917/474/595 3915/476/593 3916/475/1939
f 3918/473/1940 3917/474/595 3916/475/1939
f 3884/472/597 3917/474/595 3918/473/1940
f 3883/471/1924 3884/472/597 3918/473/1940
f 3921/389/1941 3920/195/1942 3919/390/1943
f 3920/195/1942 3921/389/1941 3922/391/1944
f 3923/392/1944 3920/195/1942 3922/391/1944
f 3923/392/1944 3922/391/1944 3924/393/1945
f 3925/394/1945 3923/392/1944 3924/393/1945
f 3925/394/1945 3924/393/1945 3926/395/1946
f 3927/396/1946 3925/394/1945 3926/395/1946
f 3927/396/1946 3926/395/1946 3928/397/1947
f 3929/352/1948 3927/396/1946 3928/397/1947
f 3930/398/1949 3929/352/1948 3928/397/1947
f 3933/399/1950 3932/285/1951 3931/400/1952
f 3932/285/1951 3933/399/1950 3934/401/1953
f 3935/355/1953 3932/285/1951 3934/401/1953
f 3935/355/1953 3934/401/1953 3936/402/1954
f 3937/356/1954 3935/355/1953 3936/402/1954
f 3937/356/1954 3936/402/1954 3938/403/1955
f 3939/357/1955 3937/356/1954 3938/403/1955
f 3939/357/1955 3938/403/1955 3940/404/1956
f 3941/192/1957 3939/357/1955 3940/404/1956
f 3942/405/1958 3941/192/1957 3940/404/1956
f 3945/369/1959 3944/256/1960 3943/370/1961
f 3944/256/1960 3945/369/1959 3946/371/1962
f 3947/342/1962 3944/256/1960 3946/371/1962
f 3947/342/1962 3946/371/1962 3948/372/1963
f 3949/343/1963 3947/342/1962 3948/372/1963
f 3949/343/1963 3948/372/1963 3950/373/1964
f 3951/344/1964 3949/343/1963 3950/373/1964
f 3951/344/1964 3950/373/1964 3952/374/1965
f 3953/241/1966 3951/344/1964 3952/374/1965
f 3954/375/1967 3953/241/1966 3952/374/1965
f 3957/108/1968 3956/107/1969 3955/130/1970
f 3957/108/1968 3955/130/1970 3958/129/1971
f 3959/128/1972 3957/108/1968 3958/129/1971
f 3959/128/1972 3958/129/1971 3960/134/1973
f 3961/135/1974 3959/128/1972 3960/134/1973
f 3956/107/1969 3957/108/1968 3962/109/1975
f 3957/108/1968 3963/110/1976 3962/109/1975
f 3957/108/1968 3959/128/1972 3963/110/1976
f 3959/128/1972 3964/127/1977 3963/110/1976
f 3959/128/1972 3961/135/1974 3964/127/1977
f 3961/135/1974 3965/126/1978 3964/127/1977
f 3965/126/1978 3961/135/1974 3966/124/1979
f 3967/125/1980 3965/126/1978 3966/124/1979
f 3967/125/1980 3966/124/1979 3968/123/1981
f 3969/137/1982 3967/125/1980 3968/123/1981
f 3969/137/1982 3968/123/1981 3970/147/1983
f 3971/136/1984 3969/137/1982 3970/147/1983
f 3971/136/1984 3970/147/1983 3972/139/1985
f 3973/138/1986 3971/136/1984 3972/139/1985
f 3973/138/1986 3972/139/1985 3974/140/1987
f 3975/141/1988 3973/138/1986 3974/140/1987
f 3975/141/1988 3974/140/1987 3976/142/1989
f 3977/143/1990 3975/141/1988 3976/142/1989
f 3960/134/1973 3978/121/1991 3961/135/1974
f 3978/121/1991 3966/124/1979 3961/135/1974
f 3978/121/1991 3979/122/1992 3966/124/1979
f 3979/122/1992 3968/123/1981 3966/124/1979
f 3979/122/1992 3980/153/1993 3968/123/1981
f 3980/153/1993 3970/147/1983 3968/123/1981
f 3980/153/1993 3981/152/1994 3970/147/1983
f 3981/152/1994 3972/139/1985 3970/147/1983
f 3981/152/1994 3982/151/1995 3972/139/1985
f 3982/151/1995 3974/140/1987 3972/139/1985
f 3982/151/1995 3983/150/1996 3974/140/1987
f 3983/150/1996 3976/142/1989 3974/140/1987
f 3983/150/1996 3984/149/1997 3976/142/1989
f 3984/149/1997 3985/144/1998 3976/142/1989
f 3984/149/1997 3986/148/1999 3985/144/1998
f 3986/148/1999 3987/146/2000 3985/144/1998
f 3987/146/2000 3986/148/1999 3988/64/2001
f 3989/63/2002 3987/146/2000 3988/64/2001
f 3977/143/1990 3976/142/1989 3985/144/1998
f 3990/145/2003 3977/143/1990 3985/144/1998
f 3990/145/2003 3985/144/1998 3987/146/2000
f 3991/62/2004 3990/145/2003 3987/146/2000
f 3987/146/2000 3989/63/2002 3991/62/2004
f 3989/63/2002 3992/61/2005 3991/62/2004
f 3989/63/2002 3993/66/2006 3992/61/2005
f 3993/66/2006 3994/60/2007 3992/61/2005
f 3993/66/2006 3995/59/2008 3994/60/2007
f 3995/59/2008 3996/35/2009 3994/60/2007
f 3995/59/2008 3997/52/2010 3996/35/2009
f 3997/52/2010 3998/34/2011 3996/35/2009
f 3998/34/2011 3997/52/2010 3999/51/2012
f 4000/36/2013 3998/34/2011 3999/51/2012
f 4000/36/2013 3999/51/2012 4001/50/2014
f 4002/37/2015 4000/36/2013 4001/50/2014
f 4002/37/2015 4001/50/2014 4003/49/2016
f 4004/38/2017 4002/37/2015 4003/49/2016
f 3989/63/2002 3988/64/2001 4005/65/2018
f 3993/66/2006 3989/63/2002 4005/65/2018
f 3993/66/2006 4005/65/2018 4006/67/2019
f 3995/59/2008 3993/66/2006 4006/67/2019
f 3995/59/2008 4006/67/2019 4007/58/2020
f 3997/52/2010 3995/59/2008 4007/58/2020
f 4007/58/2020 4008/57/2021 3997/52/2010
f 4008/57/2021 3999/51/2012 3997/52/2010
f 4008/57/2021 4009/56/2022 3999/51/2012
f 4009/56/2022 4001/50/2014 3999/51/2012
f 4009/56/2022 4010/55/2023 4001/50/2014
f 4010/55/2023 4003/49/2016 4001/50/2014
f 4010/55/2023 4011/54/2024 4003/49/2016
f 4011/54/2024 4012/48/2025 4003/49/2016
f 4011/54/2024 4013/53/2026 4012/48/2025
f 4013/53/2026 4014/47/2027 4012/48/2025
f 4013/53/2026 4015/103/2028 4014/47/2027
f 4015/103/2028 4016/46/2029 4014/47/2027
f 4004/38/2017 4003/49/2016 4012/48/2025
f 4017/39/2030 4004/38/2017 4012/48/2025
f 4017/39/2030 4012/48/2025 4014/47/2027
f 4018/40/2031 4017/39/2030 4014/47/2027
f 4018/40/2031 4014/47/2027 4016/46/2029
f 4019/41/2032 4018/40/2031 4016/46/2029
f 4019/41/2032 4016/46/2029 4020/45/2033
f 4021/42/2034 4019/41/2032 4020/45/2033
f 4021/42/2034 4020/45/2033 4022/44/2035
f 4023/43/2036 4021/42/2034 4022/44/2035
f 4022/44/2035 4024/99/2037 4023/43/2036
f 4024/99/2037 4025/98/2038 4023/43/2036
f 4024/99/2037 4026/105/2039 4025/98/2038
f 4026/105/2039 4027/97/2040 4025/98/2038
f 4026/105/2039 4028/96/2041 4027/97/2040
f 4028/96/2041 4029/78/2042 4027/97/2040
f 4028/96/2041 4030/79/2043 4029/78/2042
f 4030/79/2043 4031/77/2044 4029/78/2042
f 4015/103/2028 4032/102/2045 4016/46/2029
f 4032/102/2045 4020/45/2033 4016/46/2029
f 4032/102/2045 4033/101/2046 4020/45/2033
f 4033/101/2046 4022/44/2035 4020/45/2033
f 4022/44/2035 4033/101/2046 4034/100/2047
f 4024/99/2037 4022/44/2035 4034/100/2047
f 4024/99/2037 4034/100/2047 4035/104/2048
f 4026/105/2039 4024/99/2037 4035/104/2048
f 4026/105/2039 4035/104/2048 4036/106/2049
f 4028/96/2041 4026/105/2039 4036/106/2049
f 4028/96/2041 4036/106/2049 4037/95/2050
f 4030/79/2043 4028/96/2041 4037/95/2050
f 4037/95/2050 4038/94/2051 4030/79/2043
f 4038/94/2051 4039/80/2052 4030/79/2043
f 4038/94/2051 4040/93/2053 4039/80/2052
f 4040/93/2053 4041/81/2054 4039/80/2052
f 4040/93/2053 4042/92/2055 4041/81/2054
f 4042/92/2055 4043/82/2056 4041/81/2054
f 4031/77/2044 4030/79/2043 4039/80/2052
f 4044/76/2057 4031/77/2044 4039/80/2052
f 4044/76/2057 4039/80/2052 4041/81/2054
f 4045/75/2058 4044/76/2057 4041/81/2054
f 4045/75/2058 4041/81/2054 4043/82/2056
f 4046/74/2059 4045/75/2058 4043/82/2056
f 4046/74/2059 4043/82/2056 4047/83/2060
f 4048/73/2061 4046/74/2059 4047/83/2060
f 4048/73/2061 4047/83/2060 4049/84/2062
f 4050/72/2063 4048/73/2061 4049/84/2062
f 4050/72/2063 4049/84/2062 4051/85/2064
f 4052/71/2065 4050/72/2063 4051/85/2064
f 4052/71/2065 4051/85/2064 4053/86/2066
f 4054/70/2067 4052/71/2065 4053/86/2066
f 4054/70/2067 4053/86/2066 4055/68/2068
f 4056/69/2069 4054/70/2067 4055/68/2068
f 4055/68/2068 4057/12/2070 4056/69/2069
f 4057/12/2070 4058/14/2071 4056/69/2069
f 4042/92/2055 4059/91/2072 4043/82/2056
f 4059/91/2072 4047/83/2060 4043/82/2056
f 4059/91/2072 4060/90/2073 4047/83/2060
f 4060/90/2073 4049/84/2062 4047/83/2060
f 4060/90/2073 4061/89/2074 4049/84/2062
f 4061/89/2074 4051/85/2064 4049/84/2062
f 4061/89/2074 4062/88/2075 4051/85/2064
f 4062/88/2075 4053/86/2066 4051/85/2064
f 4062/88/2075 4063/87/2076 4053/86/2066
f 4063/87/2076 4055/68/2068 4053/86/2066
f 4055/68/2068 4063/87/2076 4064/13/2077
f 4057/12/2070 4055/68/2068 4064/13/2077
f 4057/12/2070 4064/13/2077 4065/10/2078
f 4066/9/2079 4057/12/2070 4065/10/2078
f 4066/9/2079 4065/10/2078 4067/11/2080
f 4068/16/2081 4066/9/2079 4067/11/2080
f 4068/16/2081 4067/11/2080 4069/17/2082
f 4070/31/2083 4068/16/2081 4069/17/2082
f 4057/12/2070 4066/9/2079 4058/14/2071
f 4066/9/2079 4071/15/2084 4058/14/2071
f 4066/9/2079 4068/16/2081 4071/15/2084
f 4068/16/2081 4072/32/2085 4071/15/2084
f 4068/16/2081 4070/31/2083 4072/32/2085
f 4070/31/2083 4073/119/2086 4072/32/2085
f 4073/119/2086 4070/31/2083 4074/118/2087
f 4074/118/2087 4075/33/154 4073/119/2086
f 4076/117/2088 4075/33/154 4074/118/2087
f 4077/116/2089 4075/33/154 4076/117/2088
f 4078/115/2090 4075/33/154 4077/116/2089
f 4079/114/2091 4075/33/154 4078/115/2090
f 4080/113/2092 4075/33/154 4079/114/2091
f 4081/112/2093 4075/33/154 4080/113/2092
f 4075/33/154 4081/112/2093 4082/111/2094
f 3962/109/1975 4075/33/154 4082/111/2094
f 3963/110/1976 4075/33/154 3962/109/1975
f 3964/127/1977 4075/33/154 3963/110/1976
f 4018/40/2031 4019/41/2032 4075/33/154
f 4019/41/2032 4021/42/2034 4075/33/154
f 4021/42/2034 4023/43/2036 4075/33/154
f 4025/98/2038 4075/33/154 4023/43/2036
f 4027/97/2040 4075/33/154 4025/98/2038
f 4029/78/2042 4075/33/154 4027/97/2040
f 4031/77/2044 4075/33/154 4029/78/2042
f 4031/77/2044 4044/76/2057 4075/33/154
f 4045/75/2058 4075/33/154 4044/76/2057
f 4046/74/2059 4075/33/154 4045/75/2058
f 4048/73/2061 4075/33/154 4046/74/2059
f 4050/72/2063 4075/33/154 4048/73/2061
f 4052/71/2065 4075/33/154 4050/72/2063
f 4054/70/2067 4075/33/154 4052/71/2065
f 4056/69/2069 4075/33/154 4054/70/2067
f 4058/14/2071 4075/33/154 4056/69/2069
f 4071/15/2084 4075/33/154 4058/14/2071
f 4072/32/2085 4075/33/154 4071/15/2084
f 4073/119/2086 4075/33/154 4072/32/2085
f 3965/126/1978 4075/33/154 3964/127/1977
f 3967/125/1980 4075/33/154 3965/126/1978
f 3969/137/1982 4075/33/154 3967/125/1980
f 3971/136/1984 4075/33/154 3969/137/1982
f 3973/138/1986 4075/33/154 3971/136/1984
f 3975/141/1988 4075/33/154 3973/138/1986
f 3977/143/1990 4075/33/154 3975/141/1988
f 3990/145/2003 4075/33/154 3977/143/1990
f 3991/62/2004 4075/33/154 3990/145/2003
f 3992/61/2005 4075/33/154 3991/62/2004
f 3994/60/2007 4075/33/154 3992/61/2005
f 3996/35/2009 4075/33/154 3994/60/2007
f 3998/34/2011 4075/33/154 3996/35/2009
f 4075/33/154 3998/34/2011 4000/36/2013
f 4000/36/2013 4002/37/2015 4075/33/154
f 4002/37/2015 4004/38/2017 4075/33/154
f 4004/38/2017 4017/39/2030 4075/33/154
f 4017/39/2030 4018/40/2031 4075/33/154
s 0
f 4085/177/2095 4084/176/2095 4083/639/2095
s 1
f 4069/17/2082 4087/29/2096 4086/30/2097
f 4087/29/2096 4088/27/2098 4086/30/2097
f 4088/27/2098 4089/28/2099 4086/30/2097
f 4088/27/2098 4090/25/2100 4089/28/2099
f 4090/25/2100 4091/26/2101 4089/28/2099
f 4090/25/2100 4092/23/2102 4091/26/2101
f 4092/23/2102 4093/24/2103 4091/26/2101
f 4092/23/2102 4094/21/2104 4093/24/2103
f 4094/21/2104 4095/22/2105 4093/24/2103
f 4094/21/2104 4096/19/2106 4095/22/2105
f 4096/19/2106 4097/18/2107 4095/22/2105
f 4096/19/2106 4098/133/2108 4097/18/2107
f 4098/133/2108 4099/20/2109 4097/18/2107
f 4098/133/2108 4100/132/2110 4099/20/2109
f 4100/132/2110 4101/120/2111 4099/20/2109
f 4101/120/2111 4100/132/2110 4102/131/2112
f 3956/107/1969 4101/120/2111 4102/131/2112
f 3956/107/1969 4102/131/2112 3955/130/1970
f 4070/31/2083 4069/17/2082 4086/30/2097
f 4070/31/2083 4086/30/2097 4074/118/2087
f 4074/118/2087 4086/30/2097 4089/28/2099
f 4076/117/2088 4074/118/2087 4089/28/2099
f 4076/117/2088 4089/28/2099 4091/26/2101
f 4077/116/2089 4076/117/2088 4091/26/2101
f 4077/116/2089 4091/26/2101 4093/24/2103
f 4078/115/2090 4077/116/2089 4093/24/2103
f 4078/115/2090 4093/24/2103 4095/22/2105
f 4079/114/2091 4078/115/2090 4095/22/2105
f 4079/114/2091 4095/22/2105 4097/18/2107
f 4080/113/2092 4079/114/2091 4097/18/2107
f 4080/113/2092 4097/18/2107 4099/20/2109
f 4081/112/2093 4080/113/2092 4099/20/2109
f 4081/112/2093 4099/20/2109 4101/120/2111
f 4082/111/2094 4081/112/2093 4101/120/2111
f 4082/111/2094 4101/120/2111 3956/107/1969
f 3962/109/1975 4082/111/2094 3956/107/1969
f 4105/33/158 4104/72/2113 4103/71/2114
f 4105/33/158 4103/71/2114 4106/70/2115
f 4105/33/158 4106/70/2115 4107/69/2116
f 4108/14/2117 4105/33/158 4107/69/2116
f 4109/15/2118 4105/33/158 4108/14/2117
f 4110/32/2119 4105/33/158 4109/15/2118
f 4111/119/2120 4105/33/158 4110/32/2119
f 4105/33/158 4111/119/2120 4112/118/2121
f 4105/33/158 4112/118/2121 4113/117/2122
f 4105/33/158 4113/117/2122 4114/116/2123
f 4105/33/158 4114/116/2123 4115/115/2124
f 4105/33/158 4115/115/2124 4116/114/2125
f 4105/33/158 4116/114/2125 4117/113/2126
f 4105/33/158 4117/113/2126 4118/112/2127
f 4105/33/158 4118/112/2127 4119/111/2128
f 4120/109/2129 4105/33/158 4119/111/2128
f 4121/110/2130 4105/33/158 4120/109/2129
f 4122/127/2131 4105/33/158 4121/110/2130
f 4123/126/2132 4105/33/158 4122/127/2131
f 4124/125/2133 4105/33/158 4123/126/2132
f 4125/137/2134 4105/33/158 4124/125/2133
f 4126/136/2135 4105/33/158 4125/137/2134
f 4127/138/2136 4105/33/158 4126/136/2135
f 4128/141/2137 4105/33/158 4127/138/2136
f 4129/143/2138 4105/33/158 4128/141/2137
f 4130/145/2139 4105/33/158 4129/143/2138
f 4131/62/2140 4105/33/158 4130/145/2139
f 4132/61/2141 4105/33/158 4131/62/2140
f 4133/60/2142 4105/33/158 4132/61/2141
f 4134/35/2143 4105/33/158 4133/60/2142
f 4135/34/2144 4105/33/158 4134/35/2143
f 4105/33/158 4135/34/2144 4136/36/2145
f 4105/33/158 4136/36/2145 4137/37/2146
f 4105/33/158 4137/37/2146 4138/38/2147
f 4105/33/158 4138/38/2147 4139/39/2148
f 4105/33/158 4139/39/2148 4140/40/2149
f 4105/33/158 4140/40/2149 4141/41/2150
f 4105/33/158 4141/41/2150 4142/42/2151
f 4105/33/158 4142/42/2151 4143/43/2152
f 4144/98/2153 4105/33/158 4143/43/2152
f 4145/97/2154 4105/33/158 4144/98/2153
f 4146/78/2155 4105/33/158 4145/97/2154
f 4147/77/2156 4105/33/158 4146/78/2155
f 4105/33/158 4147/77/2156 4148/76/2157
f 4105/33/158 4148/76/2157 4149/75/2158
f 4105/33/158 4149/75/2158 4150/74/2159
f 4105/33/158 4150/74/2159 4151/73/2160
f 4105/33/158 4151/73/2160 4104/72/2113
f 4152/96/2161 4146/78/2155 4145/97/2154
f 4153/105/2162 4152/96/2161 4145/97/2154
f 4153/105/2162 4145/97/2154 4144/98/2153
f 4154/99/2163 4153/105/2162 4144/98/2153
f 4154/99/2163 4144/98/2153 4143/43/2152
f 4155/44/2164 4154/99/2163 4143/43/2152
f 4143/43/2152 4142/42/2151 4155/44/2164
f 4142/42/2151 4156/45/2165 4155/44/2164
f 4142/42/2151 4141/41/2150 4156/45/2165
f 4141/41/2150 4157/46/2166 4156/45/2165
f 4141/41/2150 4140/40/2149 4157/46/2166
f 4140/40/2149 4158/47/2167 4157/46/2166
f 4140/40/2149 4139/39/2148 4158/47/2167
f 4139/39/2148 4159/48/2168 4158/47/2167
f 4139/39/2148 4138/38/2147 4159/48/2168
f 4138/38/2147 4160/49/2169 4159/48/2168
f 4138/38/2147 4137/37/2146 4160/49/2169
f 4137/37/2146 4161/50/2170 4160/49/2169
f 4162/103/2171 4157/46/2166 4158/47/2167
f 4163/53/2172 4162/103/2171 4158/47/2167
f 4163/53/2172 4158/47/2167 4159/48/2168
f 4164/54/2173 4163/53/2172 4159/48/2168
f 4164/54/2173 4159/48/2168 4160/49/2169
f 4165/55/2174 4164/54/2173 4160/49/2169
f 4165/55/2174 4160/49/2169 4161/50/2170
f 4166/56/2175 4165/55/2174 4161/50/2170
f 4166/56/2175 4161/50/2170 4167/51/2176
f 4168/57/2177 4166/56/2175 4167/51/2176
f 4168/57/2177 4167/51/2176 4169/52/2178
f 4170/58/2179 4168/57/2177 4169/52/2178
f 4137/37/2146 4136/36/2145 4161/50/2170
f 4136/36/2145 4167/51/2176 4161/50/2170
f 4136/36/2145 4135/34/2144 4167/51/2176
f 4135/34/2144 4169/52/2178 4167/51/2176
f 4169/52/2178 4135/34/2144 4134/35/2143
f 4171/59/2180 4169/52/2178 4134/35/2143
f 4169/52/2178 4171/59/2180 4170/58/2179
f 4171/59/2180 4172/67/2181 4170/58/2179
f 4171/59/2180 4173/66/2182 4172/67/2181
f 4173/66/2182 4174/65/2183 4172/67/2181
f 4173/66/2182 4175/63/2184 4174/65/2183
f 4175/63/2184 4176/64/2185 4174/65/2183
f 4175/63/2184 4177/146/2186 4176/64/2185
f 4177/146/2186 4178/148/2187 4176/64/2185
f 4178/148/2187 4177/146/2186 4179/144/2188
f 4180/149/2189 4178/148/2187 4179/144/2188
f 4180/149/2189 4179/144/2188 4181/142/2190
f 4182/150/2191 4180/149/2189 4181/142/2190
f 4171/59/2180 4134/35/2143 4133/60/2142
f 4173/66/2182 4171/59/2180 4133/60/2142
f 4173/66/2182 4133/60/2142 4132/61/2141
f 4175/63/2184 4173/66/2182 4132/61/2141
f 4175/63/2184 4132/61/2141 4131/62/2140
f 4177/146/2186 4175/63/2184 4131/62/2140
f 4131/62/2140 4130/145/2139 4177/146/2186
f 4130/145/2139 4179/144/2188 4177/146/2186
f 4130/145/2139 4129/143/2138 4179/144/2188
f 4129/143/2138 4181/142/2190 4179/144/2188
f 4129/143/2138 4128/141/2137 4181/142/2190
f 4128/141/2137 4183/140/2192 4181/142/2190
f 4128/141/2137 4127/138/2136 4183/140/2192
f 4127/138/2136 4184/139/2193 4183/140/2192
f 4127/138/2136 4126/136/2135 4184/139/2193
f 4126/136/2135 4185/147/2194 4184/139/2193
f 4126/136/2135 4125/137/2134 4185/147/2194
f 4125/137/2134 4186/123/2195 4185/147/2194
f 4182/150/2191 4181/142/2190 4183/140/2192
f 4187/151/2196 4182/150/2191 4183/140/2192
f 4187/151/2196 4183/140/2192 4184/139/2193
f 4188/152/2197 4187/151/2196 4184/139/2193
f 4188/152/2197 4184/139/2193 4185/147/2194
f 4189/153/2198 4188/152/2197 4185/147/2194
f 4189/153/2198 4185/147/2194 4186/123/2195
f 4190/122/2199 4189/153/2198 4186/123/2195
f 4190/122/2199 4186/123/2195 4191/124/2200
f 4192/121/2201 4190/122/2199 4191/124/2200
f 4192/121/2201 4191/124/2200 4193/135/2202
f 4194/134/2203 4192/121/2201 4193/135/2202
f 4194/134/2203 4193/135/2202 4195/128/2204
f 4196/129/2205 4194/134/2203 4195/128/2204
f 4196/129/2205 4195/128/2204 4197/108/2206
f 4198/130/2207 4196/129/2205 4197/108/2206
f 4197/108/2206 4199/107/2208 4198/130/2207
f 4199/107/2208 4200/131/2209 4198/130/2207
f 4125/137/2134 4124/125/2133 4186/123/2195
f 4124/125/2133 4191/124/2200 4186/123/2195
f 4124/125/2133 4123/126/2132 4191/124/2200
f 4123/126/2132 4193/135/2202 4191/124/2200
f 4123/126/2132 4122/127/2131 4193/135/2202
f 4122/127/2131 4195/128/2204 4193/135/2202
f 4122/127/2131 4121/110/2130 4195/128/2204
f 4121/110/2130 4197/108/2206 4195/128/2204
f 4197/108/2206 4121/110/2130 4120/109/2129
f 4199/107/2208 4197/108/2206 4120/109/2129
f 4199/107/2208 4120/109/2129 4119/111/2128
f 4201/120/2210 4199/107/2208 4119/111/2128
f 4119/111/2128 4118/112/2127 4201/120/2210
f 4118/112/2127 4202/20/2211 4201/120/2210
f 4118/112/2127 4117/113/2126 4202/20/2211
f 4117/113/2126 4203/18/2212 4202/20/2211
f 4117/113/2126 4116/114/2125 4203/18/2212
f 4116/114/2125 4204/22/2213 4203/18/2212
f 4199/107/2208 4201/120/2210 4200/131/2209
f 4201/120/2210 4205/132/2214 4200/131/2209
f 4205/132/2214 4201/120/2210 4202/20/2211
f 4206/133/2215 4205/132/2214 4202/20/2211
f 4206/133/2215 4202/20/2211 4203/18/2212
f 4207/19/2216 4206/133/2215 4203/18/2212
f 4207/19/2216 4203/18/2212 4204/22/2213
f 4208/21/2217 4207/19/2216 4204/22/2213
f 4208/21/2217 4204/22/2213 4209/24/2218
f 4210/23/2219 4208/21/2217 4209/24/2218
f 4210/23/2219 4209/24/2218 4211/26/2220
f 4212/25/2221 4210/23/2219 4211/26/2220
f 4212/25/2221 4211/26/2220 4213/28/2222
f 4214/27/2223 4212/25/2221 4213/28/2222
f 4214/27/2223 4213/28/2222 4215/30/2224
f 4216/29/2225 4214/27/2223 4215/30/2224
f 4216/29/2225 4215/30/2224 4217/31/2226
f 4218/17/2227 4216/29/2225 4217/31/2226
f 4116/114/2125 4115/115/2124 4204/22/2213
f 4115/115/2124 4209/24/2218 4204/22/2213
f 4115/115/2124 4114/116/2123 4209/24/2218
f 4114/116/2123 4211/26/2220 4209/24/2218
f 4114/116/2123 4113/117/2122 4211/26/2220
f 4113/117/2122 4213/28/2222 4211/26/2220
f 4113/117/2122 4112/118/2121 4213/28/2222
f 4112/118/2121 4215/30/2224 4213/28/2222
f 4112/118/2121 4111/119/2120 4215/30/2224
f 4111/119/2120 4217/31/2226 4215/30/2224
f 4217/31/2226 4111/119/2120 4110/32/2119
f 4219/16/2228 4217/31/2226 4110/32/2119
f 4219/16/2228 4110/32/2119 4109/15/2118
f 4220/9/2229 4219/16/2228 4109/15/2118
f 4220/9/2229 4109/15/2118 4108/14/2117
f 4221/12/2230 4220/9/2229 4108/14/2117
f 4221/12/2230 4108/14/2117 4107/69/2116
f 4222/68/2231 4221/12/2230 4107/69/2116
f 4217/31/2226 4219/16/2228 4218/17/2227
f 4219/16/2228 4223/11/2232 4218/17/2227
f 4219/16/2228 4220/9/2229 4223/11/2232
f 4220/9/2229 4224/10/2233 4223/11/2232
f 4220/9/2229 4221/12/2230 4224/10/2233
f 4221/12/2230 4225/13/2234 4224/10/2233
f 4221/12/2230 4222/68/2231 4225/13/2234
f 4222/68/2231 4226/87/2235 4225/13/2234
f 4226/87/2235 4222/68/2231 4227/86/2236
f 4228/88/2237 4226/87/2235 4227/86/2236
f 4228/88/2237 4227/86/2236 4229/85/2238
f 4230/89/2239 4228/88/2237 4229/85/2238
f 4230/89/2239 4229/85/2238 4231/84/2240
f 4232/90/2241 4230/89/2239 4231/84/2240
f 4232/90/2241 4231/84/2240 4233/83/2242
f 4234/91/2243 4232/90/2241 4233/83/2242
f 4234/91/2243 4233/83/2242 4235/82/2244
f 4236/92/2245 4234/91/2243 4235/82/2244
f 4107/69/2116 4106/70/2115 4222/68/2231
f 4106/70/2115 4227/86/2236 4222/68/2231
f 4106/70/2115 4103/71/2114 4227/86/2236
f 4103/71/2114 4229/85/2238 4227/86/2236
f 4103/71/2114 4104/72/2113 4229/85/2238
f 4104/72/2113 4231/84/2240 4229/85/2238
f 4104/72/2113 4151/73/2160 4231/84/2240
f 4151/73/2160 4233/83/2242 4231/84/2240
f 4151/73/2160 4150/74/2159 4233/83/2242
f 4150/74/2159 4235/82/2244 4233/83/2242
f 4150/74/2159 4149/75/2158 4235/82/2244
f 4149/75/2158 4237/81/2246 4235/82/2244
f 4149/75/2158 4148/76/2157 4237/81/2246
f 4148/76/2157 4238/80/2247 4237/81/2246
f 4148/76/2157 4147/77/2156 4238/80/2247
f 4147/77/2156 4239/79/2248 4238/80/2247
f 4239/79/2248 4147/77/2156 4146/78/2155
f 4152/96/2161 4239/79/2248 4146/78/2155
f 4236/92/2245 4235/82/2244 4237/81/2246
f 4240/93/2249 4236/92/2245 4237/81/2246
f 4240/93/2249 4237/81/2246 4238/80/2247
f 4241/94/2250 4240/93/2249 4238/80/2247
f 4241/94/2250 4238/80/2247 4239/79/2248
f 4242/95/2251 4241/94/2250 4239/79/2248
f 4239/79/2248 4152/96/2161 4242/95/2251
f 4152/96/2161 4243/106/2252 4242/95/2251
f 4152/96/2161 4153/105/2162 4243/106/2252
f 4153/105/2162 4244/104/2253 4243/106/2252
f 4153/105/2162 4154/99/2163 4244/104/2253
f 4154/99/2163 4245/100/2254 4244/104/2253
f 4154/99/2163 4155/44/2164 4245/100/2254
f 4155/44/2164 4246/101/2255 4245/100/2254
f 4246/101/2255 4155/44/2164 4156/45/2165
f 4247/102/2256 4246/101/2255 4156/45/2165
f 4247/102/2256 4156/45/2165 4157/46/2166
f 4162/103/2171 4247/102/2256 4157/46/2166
s 0
f 4250/95/177 4249/106/177 4248/242/177
f 4251/437/177 4250/95/177 4248/242/177
f 4250/95/177 4251/437/177 4252/94/177
f 4251/437/177 4253/438/177 4252/94/177
f 4254/439/177 4252/94/177 4253/438/177
f 4254/439/177 4255/440/177 4252/94/177
f 4255/440/177 4256/93/177 4252/94/177
f 4257/441/177 4256/93/177 4255/440/177
f 4257/441/177 4258/442/177 4256/93/177
f 4258/442/177 4259/92/177 4256/93/177
f 4258/442/177 4260/443/177 4259/92/177
f 4260/443/177 4261/91/177 4259/92/177
f 4260/443/177 4262/444/177 4261/91/177
f 4262/444/177 4263/90/177 4261/91/177
f 4262/444/177 4264/445/177 4263/90/177
f 4264/445/177 4265/89/177 4263/90/177
f 4266/446/177 4265/89/177 4264/445/177
f 4267/88/177 4265/89/177 4266/446/177
f 4268/434/177 4267/88/177 4266/446/177
f 4269/435/177 4267/88/177 4268/434/177
f 4270/87/177 4267/88/177 4269/435/177
f 4271/436/177 4270/87/177 4269/435/177
f 4270/87/177 4271/436/177 4272/206/177
f 4273/13/177 4270/87/177 4272/206/177
f 4276/581/2257 4275/181/2257 4274/180/2257
s 1
f 4279/526/154 4278/525/2258 4277/524/1586
f 4278/525/2258 4280/523/2259 4277/524/1586
f 4277/524/1586 4280/523/2259 4281/522/1582
f 4280/523/2259 4282/521/2260 4281/522/1582
f 4281/522/1582 4282/521/2260 4283/519/2261
f 4284/520/1583 4281/522/1582 4283/519/2261
f 4283/519/2261 4285/553/2262 4284/520/1583
f 4285/553/2262 4286/554/1613 4284/520/1583
f 4287/552/1611 4286/554/1613 4285/553/2262
f 4288/551/2263 4287/552/1611 4285/553/2262
f 4289/550/1609 4287/552/1611 4288/551/2263
f 4290/549/2264 4289/550/1609 4288/551/2263
f 4291/548/1607 4289/550/1609 4290/549/2264
f 4292/547/2265 4291/548/1607 4290/549/2264
f 4293/546/1605 4291/548/1607 4292/547/2265
f 4294/545/2266 4293/546/1605 4292/547/2265
f 4293/546/1605 4294/545/2266 4295/543/2267
f 4296/544/1603 4293/546/1605 4295/543/2267
f 4296/544/1603 4295/543/2267 4297/541/2268
f 4298/542/1601 4296/544/1603 4297/541/2268
f 4298/542/1601 4297/541/2268 4299/539/1599
f 4297/541/2268 4300/540/2269 4299/539/1599
f 4300/540/2269 4301/537/2270 4299/539/1599
f 4301/537/2270 4302/538/212 4299/539/1599
s 0
f 4305/176/2271 4304/639/2271 4303/177/2271
s 1
f 4308/488/1553 4307/490/161 4306/489/2272
f 4309/487/2273 4308/488/1553 4306/489/2272
f 4310/486/1549 4308/488/1553 4309/487/2273
f 4311/485/2274 4310/486/1549 4309/487/2273
f 4311/485/2274 4312/483/2275 4310/486/1549
f 4312/483/2275 4313/484/1550 4310/486/1549
f 4313/484/1550 4312/483/2275 4314/517/2276
f 4315/518/1580 4313/484/1550 4314/517/2276
f 4315/518/1580 4314/517/2276 4316/515/1578
f 4314/517/2276 4317/516/2277 4316/515/1578
f 4317/516/2277 4318/513/2278 4316/515/1578
f 4318/513/2278 4319/514/158 4316/515/1578
f 4319/514/158 4318/513/2278 4320/512/1575
f 4318/513/2278 4321/511/2279 4320/512/1575
f 4320/512/1575 4321/511/2279 4322/510/1573
f 4321/511/2279 4323/509/2280 4322/510/1573
f 4322/510/1573 4323/509/2280 4324/507/2281
f 4325/508/1571 4322/510/1573 4324/507/2281
f 4324/507/2281 4326/505/2282 4325/508/1571
f 4326/505/2282 4327/506/1569 4325/508/1571
f 4328/504/1566 4327/506/1569 4326/505/2282
f 4329/503/2283 4328/504/1566 4326/505/2282
f 4330/502/888 4328/504/1566 4329/503/2283
f 4331/501/2284 4330/502/888 4329/503/2283
f 4331/501/2284 4332/536/2285 4330/502/888
f 4332/536/2285 4333/535/1597 4330/502/888
f 4332/536/2285 4334/534/2286 4333/535/1597
f 4334/534/2286 4335/533/1595 4333/535/1597
f 4335/533/1595 4334/534/2286 4336/531/1593
f 4334/534/2286 4337/532/2287 4336/531/1593
f 4336/531/1593 4337/532/2287 4338/529/2288
f 4339/530/1591 4336/531/1593 4338/529/2288
f 4339/530/1591 4338/529/2288 4340/527/1589
f 4338/529/2288 4341/528/2289 4340/527/1589
f 4341/528/2289 4278/525/2258 4340/527/1589
f 4278/525/2258 4279/526/154 4340/527/1589
s 0
f 4344/606/2290 4343/419/2290 4342/578/2290
s 1
f 4347/464/212 4346/463/2270 4345/462/1530
f 4346/463/2270 4348/461/2291 4345/462/1530
f 4345/462/1530 4348/461/2291 4349/460/1526
f 4348/461/2291 4350/459/2292 4349/460/1526
f 4349/460/1526 4350/459/2292 4351/457/2293
f 4352/458/1527 4349/460/1526 4351/457/2293
f 4352/458/1527 4351/457/2293 4353/481/2294
f 4354/482/1547 4352/458/1527 4353/481/2294
f 4355/480/1545 4354/482/1547 4353/481/2294
f 4356/479/2295 4355/480/1545 4353/481/2294
f 4357/478/205 4355/480/1545 4356/479/2295
f 4358/477/2296 4357/478/205 4356/479/2295
f 4359/476/1542 4357/478/205 4358/477/2296
f 4360/475/2297 4359/476/1542 4358/477/2296
f 4361/474/1540 4359/476/1542 4360/475/2297
f 4362/473/2298 4361/474/1540 4360/475/2297
f 4361/474/1540 4362/473/2298 4363/472/1538
f 4362/473/2298 4364/471/2299 4363/472/1538
f 4363/472/1538 4364/471/2299 4365/469/2300
f 4366/470/1536 4363/472/1538 4365/469/2300
f 4366/470/1536 4365/469/2300 4367/467/1534
f 4365/469/2300 4368/468/2301 4367/467/1534
f 4368/468/2301 4369/465/2302 4367/467/1534
f 4369/465/2302 4370/466/178 4367/467/1534
f 4370/466/178 4369/465/2302 4371/500/1564
f 4369/465/2302 4372/499/2303 4371/500/1564
f 4371/500/1564 4372/499/2303 4373/498/1563
f 4372/499/2303 4374/497/2304 4373/498/1563
f 4373/498/1563 4374/497/2304 4375/495/2305
f 4376/496/1561 4373/498/1563 4375/495/2305
f 4375/495/2305 4377/493/2306 4376/496/1561
f 4377/493/2306 4378/494/1559 4376/496/1561
f 4379/492/1557 4378/494/1559 4377/493/2306
f 4380/491/2307 4379/492/1557 4377/493/2306
f 4307/490/161 4379/492/1557 4380/491/2307
f 4306/489/2272 4307/490/161 4380/491/2307
s 0
f 4383/235/2308 4382/238/2308 4381/433/2308
f 4386/640/177 4385/149/177 4384/150/177
f 4387/641/177 4385/149/177 4386/640/177
f 4388/148/177 4385/149/177 4387/641/177
f 4389/642/177 4388/148/177 4387/641/177
f 4388/148/177 4389/642/177 4390/197/177
f 4391/64/177 4388/148/177 4390/197/177
f 4394/134/177 4393/129/177 4392/251/177
f 4395/643/177 4394/134/177 4392/251/177
f 4396/121/177 4394/134/177 4395/643/177
f 4397/644/177 4396/121/177 4395/643/177
f 4398/645/177 4396/121/177 4397/644/177
f 4398/645/177 4399/646/177 4396/121/177
f 4399/646/177 4400/122/177 4396/121/177
f 4401/647/177 4400/122/177 4399/646/177
f 4402/153/177 4400/122/177 4401/647/177
f 4403/648/177 4402/153/177 4401/647/177
f 4404/152/177 4402/153/177 4403/648/177
f 4405/649/177 4404/152/177 4403/648/177
f 4406/151/177 4404/152/177 4405/649/177
f 4407/650/177 4406/151/177 4405/649/177
f 4384/150/177 4406/151/177 4407/650/177
f 4408/651/177 4384/150/177 4407/650/177
f 4409/652/177 4384/150/177 4408/651/177
f 4409/652/177 4386/640/177 4384/150/177
f 4412/456/2309 4411/179/2309 4410/178/2309
s 1
f 4415/542/1716 4414/544/1718 4413/543/2310
f 4416/541/2311 4415/542/1716 4413/543/2310
f 4415/542/1716 4416/541/2311 4417/539/1714
f 4416/541/2311 4418/540/2312 4417/539/1714
f 4418/540/2312 4419/537/2313 4417/539/1714
f 4419/537/2313 4420/538/212 4417/539/1714
f 4423/526/177 4422/525/2314 4421/524/1701
f 4422/525/2314 4424/523/2315 4421/524/1701
f 4421/524/1701 4424/523/2315 4425/522/1697
f 4424/523/2315 4426/521/2316 4425/522/1697
f 4427/520/1698 4425/522/1697 4426/521/2316
f 4428/519/2317 4427/520/1698 4426/521/2316
f 4429/554/1727 4427/520/1698 4428/519/2317
f 4430/553/2318 4429/554/1727 4428/519/2317
f 4431/552/1725 4429/554/1727 4430/553/2318
f 4432/551/2319 4431/552/1725 4430/553/2318
f 4433/550/1317 4431/552/1725 4432/551/2319
f 4434/549/2320 4433/550/1317 4432/551/2319
f 4435/548/1722 4433/550/1317 4434/549/2320
f 4436/547/2321 4435/548/1722 4434/549/2320
f 4437/546/1720 4435/548/1722 4436/547/2321
f 4438/545/2322 4437/546/1720 4436/547/2321
f 4414/544/1718 4437/546/1720 4438/545/2322
f 4413/543/2310 4414/544/1718 4438/545/2322
f 4441/506/1684 4440/508/1686 4439/507/2323
f 4442/505/2324 4441/506/1684 4439/507/2323
f 4443/504/1681 4441/506/1684 4442/505/2324
f 4444/503/2325 4443/504/1681 4442/505/2324
f 4445/502/1282 4443/504/1681 4444/503/2325
f 4446/501/2326 4445/502/1282 4444/503/2325
f 4446/501/2326 4447/536/2327 4445/502/1282
f 4447/536/2327 4448/535/1712 4445/502/1282
f 4447/536/2327 4449/534/2328 4448/535/1712
f 4449/534/2328 4450/533/1710 4448/535/1712
f 4449/534/2328 4451/532/2329 4450/533/1710
f 4451/532/2329 4452/531/1708 4450/533/1710
f 4451/532/2329 4453/529/2330 4452/531/1708
f 4453/529/2330 4454/530/1706 4452/531/1708
f 4454/530/1706 4453/529/2330 4455/527/1704
f 4453/529/2330 4456/528/2331 4455/527/1704
f 4456/528/2331 4422/525/2314 4455/527/1704
f 4422/525/2314 4423/526/177 4455/527/1704
f 4459/488/1668 4458/490/1099 4457/489/2332
f 4460/487/2333 4459/488/1668 4457/489/2332
f 4461/486/1664 4459/488/1668 4460/487/2333
f 4462/485/2334 4461/486/1664 4460/487/2333
f 4463/484/1665 4461/486/1664 4462/485/2334
f 4464/483/2335 4463/484/1665 4462/485/2334
f 4465/518/1695 4463/484/1665 4464/483/2335
f 4466/517/2336 4465/518/1695 4464/483/2335
f 4465/518/1695 4466/517/2336 4467/515/1693
f 4466/517/2336 4468/516/2337 4467/515/1693
f 4468/516/2337 4469/513/2338 4467/515/1693
f 4469/513/2338 4470/514/158 4467/515/1693
f 4470/514/158 4469/513/2338 4471/512/1690
f 4469/513/2338 4472/511/2339 4471/512/1690
f 4471/512/1690 4472/511/2339 4473/510/1688
f 4472/511/2339 4474/509/2340 4473/510/1688
f 4440/508/1686 4473/510/1688 4474/509/2340
f 4439/507/2323 4440/508/1686 4474/509/2340
f 4477/470/1651 4476/472/1653 4475/471/2341
f 4478/469/2342 4477/470/1651 4475/471/2341
f 4477/470/1651 4478/469/2342 4479/467/1649
f 4478/469/2342 4480/468/2343 4479/467/1649
f 4480/468/2343 4481/465/2344 4479/467/1649
f 4481/465/2344 4482/466/33 4479/467/1649
f 4482/466/33 4481/465/2344 4483/500/1679
f 4481/465/2344 4484/499/2345 4483/500/1679
f 4483/500/1679 4484/499/2345 4485/498/1678
f 4484/499/2345 4486/497/2346 4485/498/1678
f 4487/496/1676 4485/498/1678 4486/497/2346
f 4488/495/2347 4487/496/1676 4486/497/2346
f 4489/494/1674 4487/496/1676 4488/495/2347
f 4490/493/2348 4489/494/1674 4488/495/2347
f 4491/492/1672 4489/494/1674 4490/493/2348
f 4492/491/2349 4491/492/1672 4490/493/2348
f 4458/490/1099 4491/492/1672 4492/491/2349
f 4457/489/2332 4458/490/1099 4492/491/2349
f 4495/464/212 4494/463/2313 4493/462/1645
f 4494/463/2313 4496/461/2350 4493/462/1645
f 4493/462/1645 4496/461/2350 4497/460/1641
f 4496/461/2350 4498/459/2351 4497/460/1641
f 4499/458/1642 4497/460/1641 4498/459/2351
f 4500/457/2352 4499/458/1642 4498/459/2351
f 4501/482/1662 4499/458/1642 4500/457/2352
f 4502/481/2353 4501/482/1662 4500/457/2352
f 4503/480/1660 4501/482/1662 4502/481/2353
f 4504/479/2354 4503/480/1660 4502/481/2353
f 4505/478/206 4503/480/1660 4504/479/2354
f 4506/477/2355 4505/478/206 4504/479/2354
f 4507/476/1657 4505/478/206 4506/477/2355
f 4508/475/2356 4507/476/1657 4506/477/2355
f 4509/474/1655 4507/476/1657 4508/475/2356
f 4510/473/2357 4509/474/1655 4508/475/2356
f 4476/472/1653 4509/474/1655 4510/473/2357
f 4475/471/2341 4476/472/1653 4510/473/2357
f 4511/17/2358 1435/29/689 1425/31/679
f 1425/31/679 1426/16/678 4511/17/2358
f 1426/16/678 4512/11/2359 4511/17/2358
f 1426/16/678 1428/9/682 4512/11/2359
f 1428/9/682 4513/10/2360 4512/11/2359
f 1428/9/682 1439/12/692 4513/10/2360
f 1439/12/692 4514/13/2361 4513/10/2360
f 1439/12/692 1441/68/694 4514/13/2361
f 1441/68/694 4515/87/2362 4514/13/2361
f 4515/87/2362 1441/68/694 1443/86/696
f 4516/88/2363 4515/87/2362 1443/86/696
f 4516/88/2363 1443/86/696 1463/85/716
f 4517/89/2364 4516/88/2363 1463/85/716
f 4517/89/2364 1463/85/716 1464/84/717
f 4518/90/2365 4517/89/2364 1464/84/717
f 4518/90/2365 1464/84/717 1465/83/718
f 1472/91/726 4518/90/2365 1465/83/718
f 1472/91/726 1465/83/718 1466/82/719
s 0
f 4521/129/33 4520/251/33 4519/643/33
f 4522/134/33 4521/129/33 4519/643/33
f 4523/121/33 4522/134/33 4519/643/33
f 4524/644/33 4523/121/33 4519/643/33
f 4525/645/33 4523/121/33 4524/644/33
f 4526/122/33 4523/121/33 4525/645/33
f 4527/646/33 4526/122/33 4525/645/33
f 4528/647/33 4526/122/33 4527/646/33
f 4529/153/33 4526/122/33 4528/647/33
f 4530/648/33 4529/153/33 4528/647/33
f 4531/152/33 4529/153/33 4530/648/33
f 4532/649/33 4531/152/33 4530/648/33
f 4533/151/33 4531/152/33 4532/649/33
f 4534/650/33 4533/151/33 4532/649/33
f 4535/150/33 4533/151/33 4534/650/33
f 4536/651/33 4535/150/33 4534/650/33
f 4537/652/33 4535/150/33 4536/651/33
f 4538/149/33 4535/150/33 4537/652/33
f 4539/640/33 4538/149/33 4537/652/33
f 4540/641/33 4538/149/33 4539/640/33
f 4541/148/33 4538/149/33 4540/641/33
f 4542/642/33 4541/148/33 4540/641/33
f 4543/64/33 4541/148/33 4542/642/33
f 4544/197/33 4543/64/33 4542/642/33
f 4547/346/2366 4546/368/2366 4545/347/2366
s 1
f 4547/346/2367 4548/367/2368 4546/368/2369
f 4551/258/2370 4550/603/2371 4549/653/2372
f 4550/603/2371 4551/258/2370 4552/261/2373
f 4555/279/2374 4554/630/2374 4553/629/2375
f 4556/568/2376 4555/279/2374 4553/629/2375
f 4556/568/2376 4553/629/2375 4557/628/2377
f 4558/569/2378 4556/568/2376 4557/628/2377
f 4559/627/2379 4558/569/2378 4557/628/2377
f 4559/627/2379 4560/626/2380 4558/569/2378
f 4560/626/2380 4561/624/2381 4558/569/2378
f 4562/570/2382 4558/569/2378 4561/624/2381
f 4562/570/2382 4561/624/2381 4563/625/2383
f 4564/571/2383 4562/570/2382 4563/625/2383
f 4567/368/2384 4566/617/2384 4565/618/2385
f 4568/600/2385 4567/368/2384 4565/618/2385
f 4568/600/2385 4565/618/2385 4569/619/2386
f 4570/601/2387 4568/600/2385 4569/619/2386
f 4571/620/2387 4570/601/2387 4569/619/2386
f 4571/620/2387 4572/621/2388 4570/601/2387
f 4572/621/2388 4573/622/2389 4570/601/2387
f 4574/602/2389 4570/601/2387 4573/622/2389
f 4574/602/2389 4573/622/2389 4575/623/2390
f 4576/603/2390 4574/602/2389 4575/623/2390
f 4579/389/2391 4578/195/2392 4577/390/2393
f 4578/195/2392 4579/389/2391 4580/391/2394
f 4581/392/2394 4578/195/2392 4580/391/2394
f 4581/392/2394 4580/391/2394 4582/393/2395
f 4583/394/2395 4581/392/2394 4582/393/2395
f 4583/394/2395 4582/393/2395 4584/395/2396
f 4585/396/2396 4583/394/2395 4584/395/2396
f 4585/396/2396 4584/395/2396 4586/397/2397
f 4587/352/2398 4585/396/2396 4586/397/2397
f 4588/398/2399 4587/352/2398 4586/397/2397
s 0
f 4591/177/2400 4590/176/2400 4589/639/2400
s 1
f 4594/399/2401 4593/285/2402 4592/400/2403
f 4593/285/2402 4594/399/2401 4595/401/2404
f 4596/355/2404 4593/285/2402 4595/401/2404
f 4596/355/2404 4595/401/2404 4597/402/2405
f 4598/356/2405 4596/355/2404 4597/402/2405
f 4598/356/2405 4597/402/2405 4599/403/2406
f 4600/357/2406 4598/356/2405 4599/403/2406
f 4600/357/2406 4599/403/2406 4601/404/2407
f 4602/192/2408 4600/357/2406 4601/404/2407
f 4603/405/2409 4602/192/2408 4601/404/2407
s 0
f 4606/193/2410 4605/196/2410 4604/555/2410
s 1
f 4609/389/2411 4608/195/2412 4607/390/2413
f 4608/195/2412 4609/389/2411 4610/391/2414
f 4611/392/2414 4608/195/2412 4610/391/2414
f 4611/392/2414 4610/391/2414 4612/393/2415
f 4613/394/2415 4611/392/2414 4612/393/2415
f 4613/394/2415 4612/393/2415 4614/395/2416
f 4615/396/2416 4613/394/2415 4614/395/2416
f 4615/396/2416 4614/395/2416 4616/397/2417
f 4617/352/2418 4615/396/2416 4616/397/2417
f 4618/398/2419 4617/352/2418 4616/397/2417
s 0
f 4621/160/177 4620/161/177 4619/162/177
f 4620/161/177 4622/163/177 4619/162/177
f 4622/163/177 4620/161/177 4623/164/177
f 4624/165/177 4622/163/177 4623/164/177
f 4627/129/154 4626/251/154 4625/643/154
f 4628/134/154 4627/129/154 4625/643/154
f 4629/121/154 4628/134/154 4625/643/154
f 4630/644/154 4629/121/154 4625/643/154
f 4631/645/154 4629/121/154 4630/644/154
f 4632/122/154 4629/121/154 4631/645/154
f 4633/646/154 4632/122/154 4631/645/154
f 4634/647/154 4632/122/154 4633/646/154
f 4635/153/154 4632/122/154 4634/647/154
f 4636/648/154 4635/153/154 4634/647/154
f 4637/152/154 4635/153/154 4636/648/154
f 4638/649/154 4637/152/154 4636/648/154
f 4639/151/154 4637/152/154 4638/649/154
f 4640/650/154 4639/151/154 4638/649/154
f 4641/150/154 4639/151/154 4640/650/154
f 4642/651/154 4641/150/154 4640/650/154
f 4643/652/154 4641/150/154 4642/651/154
f 4644/149/154 4641/150/154 4643/652/154
f 4645/640/154 4644/149/154 4643/652/154
f 4646/641/154 4644/149/154 4645/640/154
f 4647/148/154 4644/149/154 4646/641/154
f 4648/642/154 4647/148/154 4646/641/154
f 4649/64/154 4647/148/154 4648/642/154
f 4650/197/154 4649/64/154 4648/642/154
f 4653/419/2420 4652/578/2420 4651/606/2420
f 4656/129/158 4655/251/158 4654/643/158
f 4657/134/158 4656/129/158 4654/643/158
f 4658/121/158 4657/134/158 4654/643/158
f 4659/644/158 4658/121/158 4654/643/158
f 4660/645/158 4658/121/158 4659/644/158
f 4661/122/158 4658/121/158 4660/645/158
f 4662/646/158 4661/122/158 4660/645/158
f 4663/647/158 4661/122/158 4662/646/158
f 4664/153/158 4661/122/158 4663/647/158
f 4665/648/158 4664/153/158 4663/647/158
f 4666/152/158 4664/153/158 4665/648/158
f 4667/649/158 4666/152/158 4665/648/158
f 4668/151/158 4666/152/158 4667/649/158
f 4669/650/158 4668/151/158 4667/649/158
f 4670/150/158 4668/151/158 4669/650/158
f 4671/651/158 4670/150/158 4669/650/158
f 4672/652/158 4670/150/158 4671/651/158
f 4673/149/158 4670/150/158 4672/652/158
f 4674/640/158 4673/149/158 4672/652/158
f 4675/641/158 4673/149/158 4674/640/158
f 4676/148/158 4673/149/158 4675/641/158
f 4677/642/158 4676/148/158 4675/641/158
f 4678/64/158 4676/148/158 4677/642/158
f 4679/197/158 4678/64/158 4677/642/158
f 4682/218/177 4681/324/177 4680/8/177
f 4681/324/177 4683/4/177 4680/8/177
f 4683/4/177 4681/324/177 4684/213/177
f 4685/5/177 4683/4/177 4684/213/177
s 1
f 4689/574/357 4687/572/2421 4686/573/2422
f 4690/576/158 4689/574/357 4686/573/2422
s 0
f 4691/575/2423 4690/576/2423 4686/573/2424
f 4692/577/158 4688/574/158 4690/576/158
f 4697/561/309 4696/560/309 4694/556/309
f 4700/559/155 4698/561/155 4695/556/155
f 4701/558/154 4699/559/154 4693/556/154
f 4693/556/154 4702/557/154 4701/558/154
f 4705/226/177 4704/311/177 4703/223/177
f 4704/311/177 4706/314/177 4703/223/177
f 4706/314/177 4704/311/177 4707/219/177
f 4708/222/177 4706/314/177 4707/219/177
f 4712/574/818 4710/572/818 4709/573/818
s 1
f 4714/576/1241 4713/574/818 4709/573/2425
s 0
f 4716/575/818 4715/576/818 4709/573/818
f 4717/577/154 4711/574/154 4714/576/154
s 1
f 4720/277/2426 4719/279/2426 4718/280/2427
f 4720/277/2426 4721/278/2428 4719/279/2426
f 4724/290/2429 4723/571/2430 4722/638/2431
f 4723/571/2430 4724/290/2429 4725/293/2432
f 4728/279/2433 4727/630/2433 4726/629/2434
f 4729/568/2435 4728/279/2433 4726/629/2434
f 4729/568/2435 4726/629/2434 4730/628/2436
f 4731/569/2437 4729/568/2435 4730/628/2436
f 4732/627/2438 4731/569/2437 4730/628/2436
f 4732/627/2438 4733/626/2439 4731/569/2437
f 4733/626/2439 4734/624/2440 4731/569/2437
f 4735/570/2441 4731/569/2437 4734/624/2440
f 4735/570/2441 4734/624/2440 4736/625/2442
f 4737/571/2442 4735/570/2441 4736/625/2442
f 4740/262/2443 4739/263/2443 4738/264/2443
f 4741/175/2444 4740/262/2443 4738/264/2443
f 4738/264/2443 4742/358/2445 4741/175/2444
f 4745/361/2446 4744/631/2446 4743/632/2447
f 4746/595/2448 4745/361/2446 4743/632/2447
f 4746/595/2448 4743/632/2447 4747/633/2449
f 4748/596/2450 4746/595/2448 4747/633/2449
f 4749/634/2451 4748/596/2450 4747/633/2449
f 4749/634/2451 4750/635/2452 4748/596/2450
f 4750/635/2452 4751/636/2453 4748/596/2450
f 4752/597/2454 4748/596/2450 4751/636/2453
f 4752/597/2454 4751/636/2453 4753/637/2455
f 4754/598/2455 4752/597/2454 4753/637/2455
f 4757/269/2456 4756/607/2456 4755/608/2457
f 4758/447/2457 4757/269/2456 4755/608/2457
f 4758/447/2457 4755/608/2457 4759/609/2458
f 4760/448/2459 4758/447/2457 4759/609/2458
f 4761/610/2459 4760/448/2459 4759/609/2458
f 4761/610/2459 4762/611/2460 4760/448/2459
f 4762/611/2460 4763/612/2461 4760/448/2459
f 4764/449/2462 4760/448/2459 4763/612/2461
f 4764/449/2462 4763/612/2461 4765/613/2463
f 4766/265/2463 4764/449/2462 4765/613/2463
s 0
f 4770/195/177 4768/419/177 4767/196/177
f 4770/195/177 4771/392/177 4768/419/177
f 4771/392/177 4772/394/177 4768/419/177
f 4772/394/177 4773/396/177 4768/419/177
f 4773/396/177 4774/352/177 4768/419/177
f 4775/352/944 4776/351/944 4769/419/944
f 4780/241/177 4779/180/177 4777/183/177
f 4777/183/177 4781/344/177 4780/241/177
f 4777/183/177 4782/343/177 4781/344/177
f 4777/183/177 4783/342/177 4782/343/177
f 4784/256/177 4783/342/177 4777/183/177
f 4778/183/944 4786/257/944 4785/256/944
s 1
f 4789/364/2464 4788/598/2465 4787/654/2466
f 4788/598/2465 4789/364/2464 4790/366/2467
f 4793/258/2468 4792/603/2469 4791/653/2470
f 4792/603/2469 4793/258/2468 4794/261/2471
s 0
f 4800/567/178 4797/564/178 4795/566/178
f 4801/565/178 4795/566/178 4796/564/178
f 4804/563/2472 4802/565/2472 4799/564/2472
f 4805/562/397 4803/563/397 4798/564/397
f 4809/262/1377 4808/263/1377 4806/264/1377
f 4810/175/1377 4809/262/1377 4806/264/1377
s 1
f 4807/264/2473 4811/358/2474 4810/175/1377
s 0
f 4817/431/178 4814/428/178 4812/430/178
f 4815/428/420 4819/426/420 4818/427/420
s 1
f 4812/430/178 4816/428/2475 4818/427/420
s 0
f 4820/429/420 4813/430/420 4818/427/420
f 4825/346/2476 4823/368/2476 4821/347/2476
s 1
f 4824/346/2477 4826/367/2477 4822/368/2478
s 0
f 4829/5/154 4828/4/154 4827/213/154
f 4828/4/154 4830/324/154 4827/213/154
f 4830/324/154 4828/4/154 4831/8/154
f 4832/218/154 4830/324/154 4831/8/154
s 1
f 4835/637/2479 4834/598/2479 4833/597/2480
f 4836/636/2481 4835/637/2479 4833/597/2480
f 4833/597/2480 4837/596/2482 4836/636/2481
f 4838/635/2483 4836/636/2481 4837/596/2482
f 4839/634/2482 4838/635/2483 4837/596/2482
f 4840/633/2484 4839/634/2482 4837/596/2482
f 4841/632/2485 4840/633/2484 4837/596/2482
f 4842/595/2486 4841/632/2485 4837/596/2482
f 4843/631/2487 4841/632/2485 4842/595/2486
f 4844/361/2487 4843/631/2487 4842/595/2486
s 0
f 4847/222/154 4846/314/154 4845/219/154
f 4846/314/154 4848/311/154 4845/219/154
f 4848/311/154 4846/314/154 4849/223/154
f 4850/226/154 4848/311/154 4849/223/154
s 1
f 4853/277/2488 4852/279/2489 4851/280/2490
f 4853/277/2488 4854/278/2491 4852/279/2489
s 0
f 4857/230/33 4856/301/33 4855/227/33
f 4856/301/33 4858/298/33 4855/227/33
f 4858/298/33 4856/301/33 4859/231/33
f 4860/234/33 4858/298/33 4859/231/33
f 4863/230/154 4862/301/154 4861/227/154
f 4862/301/154 4864/298/154 4861/227/154
f 4864/298/154 4862/301/154 4865/231/154
f 4866/234/154 4864/298/154 4865/231/154
f 4869/222/33 4868/314/33 4867/219/33
f 4868/314/33 4870/311/33 4867/219/33
f 4870/311/33 4868/314/33 4871/223/33
f 4872/226/33 4870/311/33 4871/223/33
f 4877/577/178 4874/574/178 4873/576/178
f 4878/575/178 4873/576/178 4874/574/178
f 4881/573/2492 4879/575/2492 4876/574/2492
f 4882/572/471 4880/573/471 4875/574/471
f 4885/5/33 4884/4/33 4883/213/33
f 4884/4/33 4886/324/33 4883/213/33
f 4886/324/33 4884/4/33 4887/8/33
f 4888/218/33 4886/324/33 4887/8/33
f 4894/561/420 4893/560/420 4891/556/420
f 4897/559/2475 4895/561/2475 4892/556/2475
f 4898/558/178 4896/559/178 4890/556/178
f 4889/556/178 4899/557/178 4898/558/178
f 4902/165/33 4901/163/33 4900/164/33
f 4901/163/33 4903/161/33 4900/164/33
f 4903/161/33 4901/163/33 4904/162/33
f 4905/160/33 4903/161/33 4904/162/33
f 4912/154/178 4909/155/178 4906/156/178
f 4910/155/1148 4915/157/1148 4913/158/1148
s 1
f 4907/156/514 4911/155/1148 4914/158/2493
s 0
f 4916/159/1148 4908/156/1148 4913/158/1148
s 1
f 4919/346/2494 4918/368/2495 4917/347/2496
f 4919/346/2494 4920/367/2497 4918/368/2495
f 4923/258/2498 4922/603/2499 4921/653/2500
f 4922/603/2499 4923/258/2498 4924/261/2501
f 4927/376/2502 4926/237/2503 4925/377/2504
f 4926/237/2503 4927/376/2502 4928/378/2505
f 4929/339/2505 4926/237/2503 4928/378/2505
f 4929/339/2505 4928/378/2505 4930/379/2506
f 4931/340/2506 4929/339/2505 4930/379/2506
f 4931/340/2506 4930/379/2506 4932/380/2507
f 4933/341/2507 4931/340/2506 4932/380/2507
f 4933/341/2507 4932/380/2507 4934/381/2508
f 4935/289/2509 4933/341/2507 4934/381/2508
f 4936/382/2510 4935/289/2509 4934/381/2508
f 4939/364/2511 4938/598/2512 4937/654/2513
f 4938/598/2512 4939/364/2511 4940/366/2514
s 0
f 4943/365/212 4942/655/212 4941/276/212
f 4944/364/212 4943/365/212 4941/276/212
f 4945/366/212 4944/364/212 4941/276/212
s 1
f 4949/365/2515 4948/655/2516 4947/276/2517
f 4951/364/2518 4949/365/2515 4947/276/2517
s 0
f 4952/366/2519 4950/364/2519 4946/276/2519
f 4955/426/177 4954/427/177 4953/429/177
f 4956/428/177 4955/426/177 4953/429/177
f 4957/430/177 4956/428/177 4953/429/177
f 4958/431/177 4956/428/177 4957/430/177
f 4961/67/154 4960/203/154 4959/582/154
f 4962/58/154 4961/67/154 4959/582/154
f 4963/57/154 4962/58/154 4959/582/154
f 4964/583/154 4963/57/154 4959/582/154
f 4965/584/154 4963/57/154 4964/583/154
f 4966/56/154 4963/57/154 4965/584/154
f 4967/585/154 4966/56/154 4965/584/154
f 4968/586/154 4966/56/154 4967/585/154
f 4969/55/154 4966/56/154 4968/586/154
f 4970/587/154 4969/55/154 4968/586/154
f 4971/54/154 4969/55/154 4970/587/154
f 4972/588/154 4971/54/154 4970/587/154
f 4973/53/154 4971/54/154 4972/588/154
f 4974/589/154 4973/53/154 4972/588/154
f 4975/103/154 4973/53/154 4974/589/154
f 4976/590/154 4975/103/154 4974/589/154
f 4977/591/154 4975/103/154 4976/590/154
f 4978/102/154 4975/103/154 4977/591/154
f 4979/592/154 4978/102/154 4977/591/154
f 4980/593/154 4978/102/154 4979/592/154
f 4981/101/154 4978/102/154 4980/593/154
f 4982/594/154 4981/101/154 4980/593/154
f 4983/100/154 4981/101/154 4982/594/154
f 4984/245/154 4983/100/154 4982/594/154
s 1
f 4987/364/2520 4986/598/2521 4985/654/2522
f 4986/598/2521 4987/364/2520 4988/366/2523
f 4991/368/2524 4990/617/2524 4989/618/2525
f 4992/600/2525 4991/368/2524 4989/618/2525
f 4992/600/2525 4989/618/2525 4993/619/2526
f 4994/601/2527 4992/600/2525 4993/619/2526
f 4995/620/2527 4994/601/2527 4993/619/2526
f 4995/620/2527 4996/621/2528 4994/601/2527
f 4996/621/2528 4997/622/2529 4994/601/2527
f 4998/602/2530 4994/601/2527 4997/622/2529
f 4998/602/2530 4997/622/2529 4999/623/2531
f 5000/603/2531 4998/602/2530 4999/623/2531
f 5003/361/2532 5002/631/2532 5001/632/2533
f 5004/595/2534 5003/361/2532 5001/632/2533
f 5004/595/2534 5001/632/2533 5005/633/2535
f 5006/596/2536 5004/595/2534 5005/633/2535
f 5007/634/2536 5006/596/2536 5005/633/2535
f 5007/634/2536 5008/635/2537 5006/596/2536
f 5008/635/2537 5009/636/2538 5006/596/2536
f 5010/597/2539 5006/596/2536 5009/636/2538
f 5010/597/2539 5009/636/2538 5011/637/2540
f 5012/598/2540 5010/597/2539 5011/637/2540
s 0
f 5015/281/2541 5014/282/2541 5013/580/2541
s 1
f 5014/282/2541 5015/281/2541 5016/280/2542
f 5015/281/2541 5017/277/2542 5016/280/2542
f 5020/598/2543 5019/364/2543 5018/366/2544
f 5019/364/2543 5020/598/2543 5021/654/2545
f 5024/359/2546 5023/361/2546 5022/362/2547
f 5024/359/2546 5025/360/2548 5023/361/2546
s 0
f 5028/291/158 5027/338/158 5026/292/158
f 5029/290/158 5028/291/158 5026/292/158
f 5030/293/158 5029/290/158 5026/292/158
s 1
f 5033/369/2549 5032/256/2550 5031/370/2551
f 5032/256/2550 5033/369/2549 5034/371/2552
f 5035/342/2552 5032/256/2550 5034/371/2552
f 5035/342/2552 5034/371/2552 5036/372/2553
f 5037/343/2553 5035/342/2552 5036/372/2553
f 5037/343/2553 5036/372/2553 5038/373/2554
f 5039/344/2554 5037/343/2553 5038/373/2554
f 5039/344/2554 5038/373/2554 5040/374/2555
f 5041/241/2556 5039/344/2554 5040/374/2555
f 5042/375/2557 5041/241/2556 5040/374/2555
f 5045/316/212 5044/318/857 5043/317/857
f 5045/316/212 5047/315/858 5046/319/858
f 5045/316/212 5048/314/212 5047/315/858
f 5048/314/212 5045/316/212 5043/317/857
f 5049/223/857 5048/314/212 5043/317/857
f 5048/314/212 5050/222/858 5047/315/858
s 0
f 5053/592/212 5052/102/212 5051/591/212
f 5054/593/212 5052/102/212 5053/592/212
f 5055/101/212 5052/102/212 5054/593/212
f 5056/594/212 5055/101/212 5054/593/212
f 5057/100/212 5055/101/212 5056/594/212
f 5058/245/212 5057/100/212 5056/594/212
f 5061/67/212 5060/203/212 5059/582/212
f 5062/58/212 5061/67/212 5059/582/212
f 5063/57/212 5062/58/212 5059/582/212
f 5064/583/212 5063/57/212 5059/582/212
f 5065/584/212 5063/57/212 5064/583/212
f 5066/56/212 5063/57/212 5065/584/212
f 5067/585/212 5066/56/212 5065/584/212
f 5068/586/212 5066/56/212 5067/585/212
f 5069/55/212 5066/56/212 5068/586/212
f 5070/587/212 5069/55/212 5068/586/212
f 5071/54/212 5069/55/212 5070/587/212
f 5072/588/212 5071/54/212 5070/587/212
f 5073/53/212 5071/54/212 5072/588/212
f 5074/589/212 5073/53/212 5072/588/212
f 5075/103/212 5073/53/212 5074/589/212
f 5076/590/212 5075/103/212 5074/589/212
f 5051/591/212 5075/103/212 5076/590/212
f 5052/102/212 5075/103/212 5051/591/212
s 1
f 5079/359/2558 5078/361/2558 5077/362/2559
f 5079/359/2558 5080/360/2560 5078/361/2558
s 0
f 5084/558/177 5083/559/177 5081/561/177
f 5087/556/265 5085/558/339 5082/561/339
f 5088/560/177 5086/556/177 5081/561/177
f 5086/556/177 5089/557/177 5084/558/177
s 1
f 5092/290/2561 5091/571/2562 5090/638/2563
f 5091/571/2562 5092/290/2561 5093/293/2564
s 0
f 5096/67/158 5095/203/158 5094/582/158
f 5097/58/158 5096/67/158 5094/582/158
f 5098/57/158 5097/58/158 5094/582/158
f 5099/583/158 5098/57/158 5094/582/158
f 5100/584/158 5098/57/158 5099/583/158
f 5101/56/158 5098/57/158 5100/584/158
f 5102/585/158 5101/56/158 5100/584/158
f 5103/586/158 5101/56/158 5102/585/158
f 5104/55/158 5101/56/158 5103/586/158
f 5105/587/158 5104/55/158 5103/586/158
f 5106/54/158 5104/55/158 5105/587/158
f 5107/588/158 5106/54/158 5105/587/158
f 5108/53/158 5106/54/158 5107/588/158
f 5109/589/158 5108/53/158 5107/588/158
f 5110/103/158 5108/53/158 5109/589/158
f 5111/590/158 5110/103/158 5109/589/158
f 5112/591/158 5110/103/158 5111/590/158
f 5113/102/158 5110/103/158 5112/591/158
f 5114/592/158 5113/102/158 5112/591/158
f 5115/593/158 5113/102/158 5114/592/158
f 5116/101/158 5113/102/158 5115/593/158
f 5117/594/158 5116/101/158 5115/593/158
f 5118/100/158 5116/101/158 5117/594/158
f 5119/245/158 5118/100/158 5117/594/158
s 1
f 5122/269/2565 5121/607/2565 5120/608/2566
f 5123/447/2566 5122/269/2565 5120/608/2566
f 5123/447/2566 5120/608/2566 5124/609/2567
f 5125/448/2568 5123/447/2566 5124/609/2567
f 5126/610/2569 5125/448/2568 5124/609/2567
f 5126/610/2569 5127/611/2570 5125/448/2568
f 5127/611/2570 5128/612/2571 5125/448/2568
f 5129/449/2572 5125/448/2568 5128/612/2571
f 5129/449/2572 5128/612/2571 5130/613/2573
f 5131/265/2573 5129/449/2572 5130/613/2573
f 5134/361/2574 5133/631/2574 5132/632/2575
f 5135/595/2575 5134/361/2574 5132/632/2575
f 5135/595/2575 5132/632/2575 5136/633/2576
f 5137/596/2577 5135/595/2575 5136/633/2576
f 5138/634/2577 5137/596/2577 5136/633/2576
f 5138/634/2577 5139/635/2578 5137/596/2577
f 5139/635/2578 5140/636/2579 5137/596/2577
f 5141/597/2580 5137/596/2577 5140/636/2579
f 5141/597/2580 5140/636/2579 5142/637/2581
f 5143/598/2581 5141/597/2580 5142/637/2581
f 5146/279/2582 5145/630/2582 5144/629/2583
f 5147/568/2583 5146/279/2582 5144/629/2583
f 5147/568/2583 5144/629/2583 5148/628/2584
f 5149/569/2585 5147/568/2583 5148/628/2584
f 5150/627/2586 5149/569/2585 5148/628/2584
f 5150/627/2586 5151/626/2587 5149/569/2585
f 5151/626/2587 5152/624/2588 5149/569/2585
f 5153/570/2589 5149/569/2585 5152/624/2588
f 5153/570/2589 5152/624/2588 5154/625/2590
f 5155/571/2590 5153/570/2589 5154/625/2590
s 0
f 5161/351/867 5159/419/867 5157/352/867
f 5158/419/158 5162/396/158 5156/352/158
f 5158/419/158 5163/394/158 5162/396/158
f 5158/419/158 5164/392/158 5163/394/158
f 5158/419/158 5165/195/158 5164/392/158
f 5167/196/258 5166/195/258 5160/419/258
f 5170/577/212 5169/574/212 5168/576/212
f 5171/575/212 5168/576/212 5169/574/212
f 5172/573/212 5171/575/212 5169/574/212
f 5173/572/212 5172/573/212 5169/574/212
s 1
f 5176/259/2591 5175/656/2592 5174/260/2593
f 5177/258/2593 5176/259/2591 5174/260/2593
f 5178/261/2593 5177/258/2593 5174/260/2593
f 5181/290/2594 5180/571/2595 5179/638/2596
f 5180/571/2595 5181/290/2594 5182/293/2597
s 0
f 5185/579/2598 5184/167/2598 5183/166/2598
s 1
f 5190/262/2599 5189/263/2600 5188/264/2599
s 0
f 5191/175/2601 5190/262/2601 5186/264/2601
s 1
f 5187/264/2602 5193/358/2603 5192/175/2602
s 0
f 5196/640/212 5195/149/212 5194/652/212
f 5197/641/212 5195/149/212 5196/640/212
f 5198/148/212 5195/149/212 5197/641/212
f 5199/642/212 5198/148/212 5197/641/212
f 5200/64/212 5198/148/212 5199/642/212
f 5201/197/212 5200/64/212 5199/642/212
f 5204/129/212 5203/251/212 5202/643/212
f 5205/134/212 5204/129/212 5202/643/212
f 5206/121/212 5205/134/212 5202/643/212
f 5207/644/212 5206/121/212 5202/643/212
f 5208/645/212 5206/121/212 5207/644/212
f 5209/122/212 5206/121/212 5208/645/212
f 5210/646/212 5209/122/212 5208/645/212
f 5211/647/212 5209/122/212 5210/646/212
f 5212/153/212 5209/122/212 5211/647/212
f 5213/648/212 5212/153/212 5211/647/212
f 5214/152/212 5212/153/212 5213/648/212
f 5215/649/212 5214/152/212 5213/648/212
f 5216/151/212 5214/152/212 5215/649/212
f 5217/650/212 5216/151/212 5215/649/212
f 5218/150/212 5216/151/212 5217/650/212
f 5219/651/212 5218/150/212 5217/650/212
f 5194/652/212 5218/150/212 5219/651/212
f 5195/149/212 5218/150/212 5194/652/212
s 1
f 5225/291/2604 5223/338/2605 5220/292/2606
s 0
f 5226/290/2607 5224/291/2607 5221/292/2607
s 1
f 5228/293/2608 5227/290/2609 5222/292/2609
f 5231/269/2610 5230/607/2610 5229/608/2611
f 5232/447/2611 5231/269/2610 5229/608/2611
f 5232/447/2611 5229/608/2611 5233/609/2612
f 5234/448/2613 5232/447/2611 5233/609/2612
f 5235/610/2613 5234/448/2613 5233/609/2612
f 5235/610/2613 5236/611/2614 5234/448/2613
f 5236/611/2614 5237/612/2615 5234/448/2613
f 5238/449/2616 5234/448/2613 5237/612/2615
f 5238/449/2616 5237/612/2615 5239/613/2617
f 5240/265/2617 5238/449/2616 5239/613/2617
f 5243/364/2618 5242/598/2619 5241/654/2620
f 5242/598/2619 5243/364/2618 5244/366/2621
s 0
f 5248/567/158 5246/564/158 5245/566/158
s 1
f 5250/565/2622 5245/566/158 5246/564/158
f 5251/563/2623 5249/565/867 5247/564/2624
f 5252/562/2625 5251/563/2623 5247/564/2624
s 0
f 5255/230/212 5254/301/212 5253/227/212
f 5254/301/212 5256/298/212 5253/227/212
f 5256/298/212 5254/301/212 5257/231/212
f 5258/234/212 5256/298/212 5257/231/212
f 5261/365/212 5260/655/212 5259/276/212
f 5262/364/212 5261/365/212 5259/276/212
f 5263/366/212 5262/364/212 5259/276/212
f 5266/222/212 5265/314/212 5264/219/212
f 5265/314/212 5267/311/212 5264/219/212
f 5267/311/212 5265/314/212 5268/223/212
f 5269/226/212 5267/311/212 5268/223/212
s 1
f 5273/428/2626 5271/426/2627 5270/427/2628
s 0
f 5275/429/2629 5274/430/2629 5270/427/2627
s 1
f 5274/430/158 5273/428/2626 5270/427/2628
s 0
f 5276/431/158 5272/428/158 5274/430/158
s 1
f 5279/368/2630 5278/617/2630 5277/618/2631
f 5280/600/2631 5279/368/2630 5277/618/2631
f 5280/600/2631 5277/618/2631 5281/619/2632
f 5282/601/2633 5280/600/2631 5281/619/2632
f 5283/620/2633 5282/601/2633 5281/619/2632
f 5283/620/2633 5284/621/2634 5282/601/2633
f 5284/621/2634 5285/622/2635 5282/601/2633
f 5286/602/2636 5282/601/2633 5285/622/2635
f 5286/602/2636 5285/622/2635 5287/623/2637
f 5288/603/2637 5286/602/2636 5287/623/2637
s 0
f 5291/5/212 5290/4/212 5289/213/212
f 5290/4/212 5292/324/212 5289/213/212
f 5292/324/212 5290/4/212 5293/8/212
f 5294/218/212 5292/324/212 5293/8/212
s 1
f 5297/346/2638 5296/368/2639 5295/347/2640
f 5297/346/2638 5298/367/2641 5296/368/2639
f 5301/258/2642 5300/603/2643 5299/653/2644
f 5300/603/2643 5301/258/2642 5302/261/2645
f 5305/279/2646 5304/630/2646 5303/629/2647
f 5306/568/2648 5305/279/2646 5303/629/2647
f 5306/568/2648 5303/629/2647 5307/628/2649
f 5308/569/2650 5306/568/2648 5307/628/2649
f 5309/627/2651 5308/569/2650 5307/628/2649
f 5309/627/2651 5310/626/2652 5308/569/2650
f 5310/626/2652 5311/624/2653 5308/569/2650
f 5312/570/2653 5308/569/2650 5311/624/2653
f 5312/570/2653 5311/624/2653 5313/625/2654
f 5314/571/2654 5312/570/2653 5313/625/2654
f 5317/290/2655 5316/571/2656 5315/638/2657
f 5316/571/2656 5317/290/2655 5318/293/2658
f 5321/364/2659 5320/598/2659 5319/654/2660
f 5320/598/2659 5321/364/2659 5322/366/2661
f 5325/623/2662 5324/603/2662 5323/602/2663
f 5326/622/2663 5325/623/2662 5323/602/2663
f 5326/622/2663 5323/602/2663 5327/621/2664
f 5323/602/2663 5328/601/2665 5327/621/2664
f 5328/601/2665 5329/620/2665 5327/621/2664
f 5330/619/2666 5329/620/2665 5328/601/2665
f 5331/618/2667 5330/619/2666 5328/601/2665
f 5332/600/2668 5331/618/2667 5328/601/2665
f 5331/618/2667 5332/600/2668 5333/368/2669
f 5334/617/2669 5331/618/2667 5333/368/2669
s 0
f 5337/165/212 5336/163/212 5335/164/212
f 5336/163/212 5338/161/212 5335/164/212
f 5338/161/212 5336/163/212 5339/162/212
f 5340/160/212 5338/161/212 5339/162/212
s 1
f 5343/154/177 5342/155/2670 5341/156/177
f 5342/155/2670 5345/157/177 5344/158/177
f 5341/156/177 5342/155/2670 5344/158/177
s 0
f 5346/159/177 5341/156/177 5344/158/177
f 5349/577/177 5348/574/177 5347/576/177
f 5350/575/177 5347/576/177 5348/574/177
f 5351/573/177 5350/575/177 5348/574/177
f 5352/572/177 5351/573/177 5348/574/177
s 1
f 5355/279/2671 5354/630/2671 5353/629/2672
f 5356/568/2672 5355/279/2671 5353/629/2672
f 5356/568/2672 5353/629/2672 5357/628/2673
f 5358/569/2674 5356/568/2672 5357/628/2673
f 5359/627/2675 5358/569/2674 5357/628/2673
f 5359/627/2675 5360/626/2676 5358/569/2674
f 5360/626/2676 5361/624/2677 5358/569/2674
f 5362/570/2678 5358/569/2674 5361/624/2677
f 5362/570/2678 5361/624/2677 5363/625/2679
f 5364/571/2679 5362/570/2678 5363/625/2679
s 0
f 5369/388/1241 5368/387/1241 5366/383/1241
f 5372/386/2425 5370/388/2425 5367/383/2425
f 5373/385/154 5371/386/154 5365/383/154
f 5365/383/154 5374/384/154 5373/385/154
s 1
f 5377/361/2680 5376/631/2680 5375/632/2681
f 5378/595/2682 5377/361/2680 5375/632/2681
f 5378/595/2682 5375/632/2681 5379/633/2683
f 5380/596/2684 5378/595/2682 5379/633/2683
f 5381/634/2684 5380/596/2684 5379/633/2683
f 5381/634/2684 5382/635/2685 5380/596/2684
f 5382/635/2685 5383/636/2686 5380/596/2684
f 5384/597/2687 5380/596/2684 5383/636/2686
f 5384/597/2687 5383/636/2686 5385/637/2688
f 5386/598/2688 5384/597/2687 5385/637/2688
f 5389/269/2689 5388/607/2689 5387/608/2690
f 5390/447/2691 5389/269/2689 5387/608/2690
f 5390/447/2691 5387/608/2690 5391/609/2692
f 5392/448/2693 5390/447/2691 5391/609/2692
f 5393/610/2693 5392/448/2693 5391/609/2692
f 5393/610/2693 5394/611/2694 5392/448/2693
f 5394/611/2694 5395/612/2695 5392/448/2693
f 5396/449/2696 5392/448/2693 5395/612/2695
f 5396/449/2696 5395/612/2695 5397/613/2697
f 5398/265/2697 5396/449/2696 5397/613/2697
f 5401/368/2698 5400/617/2698 5399/618/2699
f 5402/600/2699 5401/368/2698 5399/618/2699
f 5402/600/2699 5399/618/2699 5403/619/2700
f 5404/601/2701 5402/600/2699 5403/619/2700
f 5405/620/2701 5404/601/2701 5403/619/2700
f 5405/620/2701 5406/621/2702 5404/601/2701
f 5406/621/2702 5407/622/2703 5404/601/2701
f 5408/602/2704 5404/601/2701 5407/622/2703
f 5408/602/2704 5407/622/2703 5409/623/2705
f 5410/603/2705 5408/602/2704 5409/623/2705
f 5413/603/2706 5412/258/2707 5411/261/2708
f 5412/258/2707 5413/603/2706 5414/653/2709
s 0
f 5420/567/154 5417/564/154 5415/566/154
f 5418/564/1241 5422/562/1241 5421/563/1241
s 1
f 5415/566/154 5419/564/2710 5421/563/1241
s 0
f 5423/565/1241 5416/566/1241 5421/563/1241
s 1
f 5426/376/2711 5425/237/2712 5424/377/2713
f 5425/237/2712 5426/376/2711 5427/378/2714
f 5428/339/2714 5425/237/2712 5427/378/2714
f 5428/339/2714 5427/378/2714 5429/379/2715
f 5430/340/2715 5428/339/2714 5429/379/2715
f 5430/340/2715 5429/379/2715 5431/380/2716
f 5432/341/2716 5430/340/2715 5431/380/2716
f 5432/341/2716 5431/380/2716 5433/381/2717
f 5434/289/2718 5432/341/2716 5433/381/2717
f 5435/382/2719 5434/289/2718 5433/381/2717
s 0
f 5438/67/178 5437/203/178 5436/582/178
f 5439/58/178 5438/67/178 5436/582/178
f 5440/57/178 5439/58/178 5436/582/178
f 5441/583/178 5440/57/178 5436/582/178
f 5442/584/178 5440/57/178 5441/583/178
f 5443/56/178 5440/57/178 5442/584/178
f 5444/585/178 5443/56/178 5442/584/178
f 5445/586/178 5443/56/178 5444/585/178
f 5446/55/178 5443/56/178 5445/586/178
f 5447/587/178 5446/55/178 5445/586/178
f 5448/54/178 5446/55/178 5447/587/178
f 5449/588/178 5448/54/178 5447/587/178
f 5450/53/178 5448/54/178 5449/588/178
f 5451/589/178 5450/53/178 5449/588/178
f 5452/103/178 5450/53/178 5451/589/178
f 5453/590/178 5452/103/178 5451/589/178
f 5454/591/178 5452/103/178 5453/590/178
f 5455/102/178 5452/103/178 5454/591/178
f 5456/592/178 5455/102/178 5454/591/178
f 5457/593/178 5455/102/178 5456/592/178
f 5458/101/178 5455/102/178 5457/593/178
f 5459/594/178 5458/101/178 5457/593/178
f 5460/100/178 5458/101/178 5459/594/178
f 5461/245/178 5460/100/178 5459/594/178
f 5465/567/177 5463/564/177 5462/566/177
s 1
f 5466/565/1475 5462/566/177 5463/564/177
f 5468/563/1323 5467/565/2720 5464/564/2721
f 5469/562/1327 5468/563/1323 5464/564/2721
f 5472/290/2722 5471/571/2723 5470/638/2724
f 5471/571/2723 5472/290/2722 5473/293/2725
s 0
f 5476/129/178 5475/251/178 5474/643/178
f 5477/134/178 5476/129/178 5474/643/178
f 5478/121/178 5477/134/178 5474/643/178
f 5479/644/178 5478/121/178 5474/643/178
f 5480/645/178 5478/121/178 5479/644/178
f 5481/122/178 5478/121/178 5480/645/178
f 5482/646/178 5481/122/178 5480/645/178
f 5483/647/178 5481/122/178 5482/646/178
f 5484/153/178 5481/122/178 5483/647/178
f 5485/648/178 5484/153/178 5483/647/178
f 5486/152/178 5484/153/178 5485/648/178
f 5487/649/178 5486/152/178 5485/648/178
f 5488/151/178 5486/152/178 5487/649/178
f 5489/650/178 5488/151/178 5487/649/178
f 5490/150/178 5488/151/178 5489/650/178
f 5491/651/178 5490/150/178 5489/650/178
f 5492/652/178 5490/150/178 5491/651/178
f 5493/149/178 5490/150/178 5492/652/178
f 5494/640/178 5493/149/178 5492/652/178
f 5495/641/178 5493/149/178 5494/640/178
f 5496/148/178 5493/149/178 5495/641/178
f 5497/642/178 5496/148/178 5495/641/178
f 5498/64/178 5496/148/178 5497/642/178
f 5499/197/178 5498/64/178 5497/642/178
f 5502/592/33 5501/102/33 5500/591/33
f 5503/593/33 5501/102/33 5502/592/33
f 5504/101/33 5501/102/33 5503/593/33
f 5505/594/33 5504/101/33 5503/593/33
f 5506/100/33 5504/101/33 5505/594/33
f 5507/245/33 5506/100/33 5505/594/33
f 5510/67/33 5509/203/33 5508/582/33
f 5511/58/33 5510/67/33 5508/582/33
f 5512/57/33 5511/58/33 5508/582/33
f 5513/583/33 5512/57/33 5508/582/33
f 5514/584/33 5512/57/33 5513/583/33
f 5515/56/33 5512/57/33 5514/584/33
f 5516/585/33 5515/56/33 5514/584/33
f 5517/586/33 5515/56/33 5516/585/33
f 5518/55/33 5515/56/33 5517/586/33
f 5519/587/33 5518/55/33 5517/586/33
f 5520/54/33 5518/55/33 5519/587/33
f 5521/588/33 5520/54/33 5519/587/33
f 5522/53/33 5520/54/33 5521/588/33
f 5523/589/33 5522/53/33 5521/588/33
f 5524/103/33 5522/53/33 5523/589/33
f 5525/590/33 5524/103/33 5523/589/33
f 5500/591/33 5524/103/33 5525/590/33
f 5501/102/33 5524/103/33 5500/591/33
s 1
f 5528/603/2726 5527/258/2727 5526/261/2728
f 5527/258/2727 5528/603/2726 5529/653/2729
s 0
f 5532/165/154 5531/163/154 5530/164/154
f 5531/163/154 5533/161/154 5530/164/154
f 5533/161/154 5531/163/154 5534/162/154
f 5535/160/154 5533/161/154 5534/162/154
s 1
f 5538/291/2730 5537/338/2731 5536/292/2730
f 5539/290/2732 5538/291/2730 5536/292/2730
f 5540/293/2730 5539/290/2732 5536/292/2730
s 0
f 5543/234/177 5542/298/177 5541/231/177
f 5542/298/177 5544/301/177 5541/231/177
f 5544/301/177 5542/298/177 5545/227/177
f 5546/230/177 5544/301/177 5545/227/177
f 5551/431/154 5548/428/154 5547/430/154
f 5552/429/154 5547/430/154 5548/428/154
f 5555/427/165 5553/429/165 5550/428/165
f 5556/426/309 5554/427/309 5549/428/309
f 5561/425/818 5560/424/818 5558/420/818
f 5564/423/165 5562/425/165 5559/420/165
f 5565/422/154 5563/423/154 5557/420/154
f 5557/420/154 5566/421/154 5565/422/154
o Object_24
v -0.395195 -25.024712 319.746521
v -0.387546 -24.985796 319.746521
v -0.354049 -24.994286 320.546539
v -0.361037 -25.029842 320.546539
v -0.398074 -25.044365 319.746521
v -0.363668 -25.047796 320.546539
v -0.365427 -25.084047 320.546539
v -0.400001 -25.084047 319.746521
v -0.398074 -25.123734 319.746521
v -0.363668 -25.120302 320.546539
v 0.053556 -24.718622 320.546539
v 0.058622 -24.684048 319.746521
v 0.097075 -24.691792 319.746521
v 0.088686 -24.725697 320.546539
v 0.053556 -25.449476 320.546539
v 0.088686 -25.442400 320.546539
v 0.097075 -25.476307 319.746521
v 0.058622 -25.484047 319.746521
v -0.053557 -25.449476 320.546539
v -0.058623 -25.484047 319.746521
v -0.097076 -25.476307 319.746521
v -0.088687 -25.442400 320.546539
v -0.053557 -24.718622 320.546539
v -0.088687 -24.725697 320.546539
v -0.097076 -24.691792 319.746521
v -0.058623 -24.684048 319.746521
v 0.116114 -24.696615 319.746521
v 0.153073 -24.710003 319.746521
v 0.139844 -24.742334 320.546539
v 0.106079 -24.730104 320.546539
v 0.116114 -25.471483 319.746521
v 0.106079 -25.437990 320.546539
v 0.139844 -25.425762 320.546539
v 0.153073 -25.458092 319.746521
v -0.116115 -25.471483 319.746521
v -0.153075 -25.458092 319.746521
v -0.139845 -25.425762 320.546539
v -0.106080 -25.437990 320.546539
v -0.116115 -24.696615 319.746521
v -0.106080 -24.730104 320.546539
v -0.139845 -24.742334 320.546539
v -0.153075 -24.710003 319.746521
v 0.205393 -24.737204 319.746521
v 0.187641 -24.767181 320.546539
v 0.156053 -24.750092 320.546539
v 0.170816 -24.718496 319.746521
v 0.205393 -25.430893 319.746521
v 0.170816 -25.449598 319.746521
v 0.156053 -25.418003 320.546539
v 0.187641 -25.400913 320.546539
v -0.205395 -25.430893 319.746521
v -0.187642 -25.400913 320.546539
v -0.156054 -25.418003 320.546539
v -0.170817 -25.449598 319.746521
v -0.205395 -24.737204 319.746521
v -0.170817 -24.718496 319.746521
v -0.156054 -24.750092 320.546539
v -0.187642 -24.767181 320.546539
v 0.222228 -24.747412 319.746521
v 0.253757 -24.771086 319.746521
v 0.231825 -24.798134 320.546539
v 0.203021 -24.776516 320.546539
v 0.222228 -25.420681 319.746521
v 0.203021 -25.391582 320.546539
v 0.231825 -25.369961 320.546539
v 0.253757 -25.397013 319.746521
v -0.222229 -25.420681 319.746521
v -0.253758 -25.397013 319.746521
v -0.231826 -25.369961 320.546539
v -0.203022 -25.391582 320.546539
v -0.222229 -24.747412 319.746521
v -0.203022 -24.776516 320.546539
v -0.231826 -24.798134 320.546539
v -0.253758 -24.771086 319.746521
v 0.296023 -24.812485 319.746521
v 0.270437 -24.835957 320.546539
v 0.245110 -24.810322 320.546539
v 0.268300 -24.784428 319.746521
v 0.296023 -25.355612 319.746521
v 0.268300 -25.383671 319.746521
v 0.245110 -25.357773 320.546539
v 0.270437 -25.332138 320.546539
v -0.296024 -25.355612 319.746521
v -0.270438 -25.332138 320.546539
v -0.245111 -25.357773 320.546539
v -0.268301 -25.383671 319.746521
v -0.296024 -24.812485 319.746521
v -0.268301 -24.784428 319.746521
v -0.245111 -24.810322 320.546539
v -0.270438 -24.835957 320.546539
v 0.309204 -24.827206 319.746521
v 0.332587 -24.859118 319.746521
v 0.303841 -24.878557 320.546539
v 0.282479 -24.849403 320.546539
v 0.309204 -25.340891 319.746521
v 0.282479 -25.318691 320.546539
v 0.303841 -25.289537 320.546539
v 0.332587 -25.308981 319.746521
v -0.309205 -25.340891 319.746521
v -0.332589 -25.308981 319.746521
v -0.303842 -25.289537 320.546539
v -0.282480 -25.318691 320.546539
v -0.309205 -24.827206 319.746521
v -0.282480 -24.849403 320.546539
v -0.303842 -24.878557 320.546539
v -0.332589 -24.859118 319.746521
v 0.361160 -24.911156 319.746521
v 0.329943 -24.926098 320.546539
v 0.313059 -24.894125 320.546539
v 0.342678 -24.876154 319.746521
v 0.361160 -25.256943 319.746521
v 0.342678 -25.291939 319.746521
v 0.313059 -25.273970 320.546539
v 0.329943 -25.241997 320.546539
v -0.361161 -25.256943 319.746521
v -0.329945 -25.241997 320.546539
v -0.313060 -25.273970 320.546539
v -0.342679 -25.291939 319.746521
v -0.361161 -24.911156 319.746521
v -0.342679 -24.876154 319.746521
v -0.313060 -24.894125 320.546539
v -0.329945 -24.926098 320.546539
v 0.369551 -24.929113 319.746521
v 0.382776 -24.966522 319.746521
v 0.349691 -24.976683 320.546539
v 0.337610 -24.942505 320.546539
v 0.369551 -25.238983 319.746521
v 0.337610 -25.225590 320.546539
v 0.349691 -25.191416 320.546539
v 0.382776 -25.201572 319.746521
v -0.369552 -25.238983 319.746521
v -0.382777 -25.201572 319.746521
v -0.349692 -25.191416 320.546539
v -0.337611 -25.225590 320.546539
v -0.369552 -24.929113 319.746521
v -0.337611 -24.942505 320.546539
v -0.349692 -24.976683 320.546539
v -0.382777 -24.966522 319.746521
v 0.395193 -25.024712 319.746521
v 0.361035 -25.029842 320.546539
v 0.354048 -24.994286 320.546539
v 0.387545 -24.985796 319.746521
v 0.395193 -25.143383 319.746521
v 0.387545 -25.182302 319.746521
v 0.354048 -25.173813 320.546539
v 0.361035 -25.138254 320.546539
v -0.395195 -25.143383 319.746521
v -0.361037 -25.138254 320.546539
v -0.354049 -25.173813 320.546539
v -0.387546 -25.182302 319.746521
v 0.398073 -25.123734 319.746521
v 0.363666 -25.120302 320.546539
v 0.365426 -25.084047 320.546539
v 0.399999 -25.084047 319.746521
v 0.398073 -25.044365 319.746521
v 0.363666 -25.047796 320.546539
vn 0.9979 0.0484 0.0431
vn 0.9991 -0.0000 0.0432
vn 0.9979 -0.0484 0.0431
vn -0.9803 -0.1927 0.0431
vn -0.9803 -0.1926 0.0431
vn 0.9803 -0.1926 0.0431
vn 0.9803 -0.1927 0.0431
vn 0.9803 0.1927 0.0431
vn 0.9803 0.1926 0.0431
vn -0.9419 0.3330 0.0432
vn -0.9420 0.3330 0.0432
vn -0.9419 -0.3330 0.0432
vn 0.9419 -0.3330 0.0432
vn 0.9419 0.3330 0.0432
vn -0.8834 0.4665 0.0432
vn -0.8834 0.4666 0.0432
vn -0.8834 -0.4666 0.0432
vn -0.8835 -0.4665 0.0432
vn 0.8835 -0.4665 0.0432
vn 0.8834 -0.4666 0.0432
vn 0.8834 0.4666 0.0432
vn 0.8834 0.4665 0.0432
vn -0.8059 0.5905 0.0433
vn -0.8059 -0.5905 0.0433
vn -0.8058 -0.5906 0.0433
vn 0.8058 -0.5906 0.0433
vn 0.8058 0.5905 0.0433
vn 0.8059 0.5905 0.0433
vn -0.7107 0.7022 0.0433
vn -0.7108 -0.7021 0.0433
vn -0.7107 -0.7022 0.0433
vn 0.7107 -0.7022 0.0433
vn 0.7107 -0.7021 0.0433
vn 0.7106 0.7022 0.0433
vn 0.7107 0.7022 0.0433
vn -0.5998 0.7990 0.0435
vn -0.5997 0.7990 0.0435
vn -0.5997 -0.7990 0.0435
vn 0.5997 -0.7990 0.0435
vn 0.5997 0.7990 0.0435
vn 0.5998 0.7990 0.0435
vn -0.4753 0.8788 0.0435
vn -0.4755 0.8786 0.0435
vn -0.4753 -0.8787 0.0435
vn -0.4755 -0.8787 0.0435
vn 0.4754 -0.8787 0.0435
vn 0.4753 -0.8787 0.0435
vn 0.4755 0.8786 0.0435
vn 0.4752 0.8788 0.0435
vn -0.3402 0.9393 0.0436
vn -0.3403 0.9393 0.0436
vn -0.3402 -0.9394 0.0436
vn -0.3403 -0.9393 0.0436
vn 0.3403 -0.9393 0.0436
vn 0.3402 -0.9394 0.0436
vn 0.3403 0.9393 0.0436
vn 0.3402 0.9393 0.0436
vn -0.1971 0.9794 0.0436
vn -0.1973 0.9794 0.0436
vn -0.1972 -0.9794 0.0436
vn 0.1972 -0.9794 0.0436
vn 0.1973 0.9794 0.0436
vn 0.1971 0.9794 0.0436
vn -0.9979 -0.0484 0.0431
vn -0.9991 -0.0000 0.0432
vn -0.9979 0.0484 0.0431
vn -0.9803 0.1926 0.0431
vn -0.9803 0.1927 0.0431
vt 0.830274 0.515224
vt 0.830274 0.500050
vt 0.821719 0.515223
vt 0.821719 0.500050
vt 0.821719 0.537981
vt 0.830274 0.537981
vt 0.821719 0.522809
vt 0.830274 0.522810
vt 0.821719 0.545566
vt 0.830274 0.545567
vt 0.821719 0.560737
vt 0.830274 0.560736
vt 0.830274 0.568321
vt 0.830274 0.583491
vt 0.821719 0.568321
vt 0.821719 0.583491
vt 0.821719 0.591076
vt 0.830274 0.591075
vt 0.821719 0.606245
vt 0.830274 0.606245
vt 0.830274 0.613830
vt 0.830274 0.628999
vt 0.821719 0.613830
vt 0.821719 0.628999
vt 0.821719 0.636584
vt 0.830274 0.636584
vt 0.821719 0.651753
vt 0.830274 0.651753
vt 0.830274 0.659338
vt 0.830274 0.674507
vt 0.821719 0.659338
vt 0.821719 0.674507
vt 0.821719 0.682092
vt 0.830274 0.682092
vt 0.821719 0.697261
vt 0.830274 0.697261
vt 0.821719 0.720015
vt 0.821719 0.704846
vt 0.830274 0.720015
vt 0.830274 0.704846
s 1
usemtl CoreFriendlyLED
f 5722/657/2733 5719/658/2734 5721/659/2733
f 5719/658/2734 5720/660/2734 5721/659/2733
f 5720/660/2734 5719/658/2734 5717/659/2735
f 5719/658/2734 5718/657/2735 5717/659/2735
s 0
f 5716/661/2736 5715/662/2736 5713/663/2736
f 5715/662/2737 5714/664/2737 5713/663/2737
f 5712/664/2738 5711/662/2738 5709/663/2738
f 5711/662/2739 5710/661/2739 5709/663/2739
f 5708/661/2740 5707/662/2740 5705/663/2740
f 5707/662/2741 5706/664/2741 5705/663/2741
f 5704/665/2742 5703/666/2742 5701/667/2742
f 5703/666/2743 5702/668/2743 5701/667/2743
f 5700/668/2744 5699/666/2744 5697/667/2744
f 5699/666/2744 5698/665/2744 5697/667/2744
f 5696/665/2745 5695/666/2745 5693/667/2745
f 5695/666/2745 5694/668/2745 5693/667/2745
f 5692/668/2746 5691/666/2746 5689/667/2746
f 5691/666/2746 5690/665/2746 5689/667/2746
s 1
f 5688/669/2747 5687/670/2747 5685/671/2747
f 5687/670/2747 5686/672/2748 5685/671/2747
f 5684/672/2749 5683/670/2749 5681/671/2749
s 0
f 5683/670/2750 5682/669/2750 5681/671/2750
f 5680/669/2751 5679/670/2751 5677/671/2751
s 1
f 5679/670/2752 5678/672/2752 5677/671/2752
s 0
f 5676/672/2753 5675/670/2753 5673/671/2753
s 1
f 5675/670/2754 5674/669/2754 5673/671/2754
s 0
f 5672/673/2755 5671/674/2755 5669/675/2755
f 5671/674/2755 5670/676/2755 5669/675/2755
f 5668/676/2756 5667/674/2756 5665/675/2756
f 5667/674/2757 5666/673/2757 5665/675/2757
f 5664/673/2758 5663/674/2758 5661/675/2758
f 5663/674/2758 5662/676/2758 5661/675/2758
f 5660/676/2759 5659/674/2759 5657/675/2759
f 5659/674/2760 5658/673/2760 5657/675/2760
s 1
f 5656/677/2761 5655/678/2761 5653/679/2761
f 5655/678/2761 5654/680/2761 5653/679/2761
s 0
f 5652/680/2762 5651/678/2762 5649/679/2762
s 1
f 5651/678/2763 5650/677/2763 5649/679/2763
f 5648/677/2764 5647/678/2765 5645/679/2765
f 5647/678/2765 5646/680/2765 5645/679/2765
s 0
f 5644/680/2766 5643/678/2766 5641/679/2766
s 1
f 5643/678/2767 5642/677/2767 5641/679/2767
s 0
f 5640/681/2768 5639/682/2768 5637/683/2768
f 5639/682/2769 5638/684/2769 5637/683/2769
f 5636/684/2770 5635/682/2770 5633/683/2770
f 5635/682/2770 5634/681/2770 5633/683/2770
f 5632/681/2771 5631/682/2771 5629/683/2771
f 5631/682/2771 5630/684/2771 5629/683/2771
f 5628/684/2772 5627/682/2772 5625/683/2772
f 5627/682/2773 5626/681/2773 5625/683/2773
f 5624/685/2774 5623/686/2774 5621/687/2774
f 5623/686/2775 5622/688/2775 5621/687/2775
f 5620/688/2776 5619/686/2776 5617/687/2776
f 5619/686/2777 5618/685/2777 5617/687/2777
f 5616/685/2778 5615/686/2778 5613/687/2778
f 5615/686/2779 5614/688/2779 5613/687/2779
f 5612/688/2780 5611/686/2780 5609/687/2780
f 5611/686/2781 5610/685/2781 5609/687/2781
s 1
f 5608/689/2782 5607/690/2783 5605/691/2783
f 5607/690/2783 5606/692/2783 5605/691/2783
f 5604/692/2784 5603/690/2785 5601/691/2785
f 5603/690/2785 5602/689/2785 5601/691/2785
s 0
f 5600/689/2786 5599/690/2786 5597/691/2786
s 1
f 5599/690/2787 5598/692/2787 5597/691/2787
f 5596/692/2788 5595/690/2788 5593/691/2788
s 0
f 5595/690/2789 5594/689/2789 5593/691/2789
f 5592/693/2790 5591/694/2790 5589/695/2790
f 5591/694/2791 5590/696/2791 5589/695/2791
f 5588/696/2792 5587/694/2792 5585/695/2792
f 5587/694/2792 5586/693/2792 5585/695/2792
s 1
f 5584/693/2793 5583/694/2793 5581/695/2793
s 0
f 5583/694/2793 5582/696/2793 5581/695/2793
f 5580/696/2794 5579/694/2794 5577/695/2794
f 5579/694/2795 5578/693/2795 5577/695/2795
s 1
f 5576/657/2796 5573/658/2797 5575/659/2796
f 5573/658/2797 5574/660/2797 5575/659/2796
f 5574/660/2797 5573/658/2797 5571/659/2798
f 5573/658/2797 5572/657/2798 5571/659/2798
s 0
f 5570/664/2799 5569/662/2799 5567/663/2799
f 5569/662/2800 5568/661/2800 5567/663/2800
