# Blender 5.1.1
# www.blender.org
mtllib Human.mtl
o Object_7
v 0.288003 3.452533 0.123841
v 0.288003 3.452533 0.123841
v 0.288003 3.452533 0.123841
v 0.289141 3.700212 0.123841
v 0.289141 3.700212 0.123841
v 0.289141 3.700212 0.123841
v 0.288003 3.452533 -0.123841
v 0.288003 3.452533 -0.123841
v 0.289141 3.700212 -0.123841
v 0.289141 3.700212 -0.123841
v 0.989776 3.700393 -0.127210
v 0.988608 3.445976 -0.127210
v 0.988608 3.445976 0.127210
v 0.989776 3.700394 0.127210
v 1.283748 3.705767 -0.136422
v 1.282502 3.438832 -0.136422
v 1.282502 3.438832 0.134746
v 1.283748 3.705767 0.134746
v 1.585159 3.681535 -0.128718
v 1.584034 3.461775 -0.128718
v 1.584034 3.461775 0.115446
v 1.585159 3.681535 0.115446
v 0.524438 3.741235 0.165937
v 0.524438 3.741235 0.165937
v 0.522913 3.409365 0.165937
v 0.522913 3.409365 0.165937
v 0.524438 3.741235 -0.165936
v 0.524438 3.741235 -0.165936
v 0.522913 3.409364 -0.165937
v 0.522913 3.409364 -0.165937
v 1.777782 3.723214 0.035468
v 1.777782 3.723214 0.035468
v 1.777783 3.723214 -0.070458
v 1.777783 3.723214 -0.070458
v 1.776041 3.425209 -0.070458
v 1.776041 3.425209 -0.070458
v 1.776041 3.425208 0.035468
v 1.776041 3.425208 0.035468
v 1.747259 3.673123 -0.169516
v 1.746107 3.471695 -0.169516
v 1.746107 3.471695 -0.169516
v 1.744600 3.448256 0.150193
v 1.744600 3.448256 0.150193
v 1.746149 3.669288 0.153795
v 2.028220 3.664678 -0.192628
v 2.028220 3.664678 -0.192628
v 2.028220 3.664678 -0.192628
v 2.026945 3.535430 -0.192591
v 2.026945 3.535430 -0.192591
v 2.030457 3.535430 0.155717
v 2.030457 3.535430 0.155717
v 2.031733 3.664678 0.155751
v 2.037609 3.522856 0.046927
v 2.035908 3.522856 -0.083655
v 2.035908 3.522856 -0.083655
v 2.035908 3.522856 -0.083655
v 2.037495 3.678114 -0.083675
v 2.037495 3.678114 -0.083675
v 2.039197 3.678115 0.046946
v 1.951042 3.555581 0.209521
v 1.951042 3.555581 0.209521
v 1.951042 3.555581 0.209521
v 1.948959 3.675744 -0.188417
v 1.948959 3.675744 -0.188417
v 1.947760 3.507258 -0.188417
v 1.947760 3.507258 -0.188417
v 1.947760 3.507258 -0.188417
v 1.948157 3.432863 0.182743
v 1.948157 3.432863 0.182743
v 1.947460 3.465136 0.045592
v 1.947460 3.465136 0.045592
v 1.947460 3.465136 -0.082049
v 1.947460 3.465136 -0.082049
v 1.947460 3.465136 -0.082049
v 1.947460 3.465136 -0.082049
v 1.949259 3.717865 -0.082049
v 1.949259 3.717865 -0.082049
v 1.949259 3.717865 0.045593
v 1.949259 3.717865 0.045593
v 2.251016 3.555104 -0.054991
v 2.251817 3.645875 -0.054991
v 2.251817 3.645875 0.018534
v 2.251016 3.555104 0.018534
v 2.210865 3.555104 -0.218959
v 2.211648 3.645874 -0.219128
v 2.227058 3.645873 -0.147236
v 2.227058 3.645873 -0.147236
v 2.226274 3.555104 -0.147068
v 2.226274 3.555104 -0.147068
v 2.245998 3.555104 0.104147
v 2.246785 3.645875 0.104295
v 2.246785 3.645875 0.104295
v 2.233145 3.645875 0.176544
v 2.233145 3.645875 0.176544
v 2.232358 3.555104 0.176395
v 2.232358 3.555104 0.176395
v 2.105680 3.661355 0.068169
v 2.105680 3.661355 0.068169
v 2.187164 3.661154 0.080569
v 2.187164 3.661154 0.080569
v 2.186114 3.540128 0.080370
v 2.104579 3.540328 0.068004
v 2.104579 3.540328 0.068004
v 2.090523 3.661354 0.162922
v 2.090523 3.661354 0.162922
v 2.168976 3.661153 0.176899
v 2.168976 3.661153 0.176899
v 2.089422 3.540328 0.162757
v 2.089422 3.540328 0.162757
v 2.167927 3.540128 0.176701
v 2.106094 3.661355 -0.066313
v 2.106094 3.661355 -0.066313
v 2.188829 3.661154 -0.067245
v 2.187761 3.540127 -0.067245
v 2.187761 3.540127 -0.067245
v 2.104977 3.540329 -0.066314
v 2.104977 3.540329 -0.066314
v 2.106093 3.661354 0.029857
v 2.106093 3.661354 0.029857
v 2.188829 3.661154 0.030788
v 2.104977 3.540328 0.029858
v 2.104977 3.540328 0.029858
v 2.187761 3.540128 0.030788
v 2.187761 3.540128 0.030788
v 2.072890 3.661354 -0.201822
v 2.072890 3.661354 -0.201822
v 2.147490 3.661153 -0.217908
v 2.147490 3.661153 -0.217908
v 2.146446 3.540127 -0.217683
v 2.146446 3.540127 -0.217683
v 2.071793 3.540328 -0.201635
v 2.071793 3.540328 -0.201635
v 2.090013 3.661355 -0.107465
v 2.090013 3.661355 -0.107465
v 2.168037 3.661153 -0.122052
v 2.168037 3.661153 -0.122052
v 2.168037 3.661153 -0.122052
v 2.088916 3.540328 -0.107279
v 2.088916 3.540328 -0.107279
v 2.166992 3.540127 -0.121829
v 2.166992 3.540127 -0.121829
v 1.960664 3.673864 0.161661
v 1.823900 3.543803 0.229863
v 1.823900 3.543803 0.229863
v 1.821015 3.413746 0.203085
v 1.821015 3.413746 0.203085
v 1.821015 3.413746 0.203085
v 1.821015 3.413746 0.203085
v 1.959080 3.486411 0.158058
v 1.959080 3.486411 0.158058
v 1.959080 3.486411 0.158058
v 1.959080 3.486411 0.158058
v 1.868818 3.467318 0.287188
v 1.868818 3.467318 0.287188
v 1.865199 3.371314 0.248783
v 1.865199 3.371314 0.248783
v 1.969873 3.477172 0.263242
v 1.969873 3.477172 0.263242
v 1.966255 3.383026 0.224836
v 1.966255 3.383026 0.224836
v 1.904228 3.419634 0.322724
v 1.904228 3.419634 0.322724
v 1.904228 3.419634 0.322724
v 1.901543 3.358048 0.293552
v 1.901543 3.358048 0.293552
v 1.971085 3.425862 0.305914
v 1.971085 3.425862 0.305914
v 1.968400 3.364603 0.276743
v 0.275042 3.426814 0.000000
v 0.275042 3.426814 0.000000
v 0.275729 3.576432 0.149620
v 0.275729 3.576432 0.149620
v 0.276416 3.726050 0.000000
v 0.276416 3.726050 0.000000
v 0.275729 3.576432 -0.149619
v 0.361264 3.414426 -0.161612
v 0.361264 3.414426 -0.161612
v 0.362748 3.737647 0.161613
v 0.362748 3.737647 0.161613
v 0.989192 3.573185 -0.174913
v 0.988389 3.398273 0.000000
v 0.989996 3.748096 0.000000
v 0.989192 3.573185 0.174914
v 0.758028 3.428475 0.145758
v 0.758028 3.428475 0.145758
v 0.759367 3.719988 -0.145758
v 0.759367 3.719988 -0.145758
v 1.283125 3.572299 -0.187266
v 1.282269 3.388781 -0.000838
v 1.283981 3.755818 -0.000838
v 1.283125 3.572300 0.185590
v 1.149844 3.701064 0.128712
v 1.149844 3.701064 -0.128921
v 1.148660 3.443962 -0.128921
v 1.148660 3.443962 0.128712
v 1.583495 3.571742 -0.174316
v 1.585658 3.420364 -0.006941
v 1.587207 3.722656 -0.006941
v 1.583494 3.571742 0.161410
v 1.441340 3.696318 0.127690
v 1.441340 3.696318 -0.133331
v 1.440141 3.448395 -0.133331
v 1.440141 3.448395 0.127690
v 0.523675 3.575300 -0.228162
v 0.523676 3.575299 0.228163
v 0.522627 3.347139 0.000000
v 0.524724 3.803460 0.000001
v 0.362748 3.737647 -0.161612
v 0.362748 3.737647 -0.161612
v 0.758028 3.428475 -0.145758
v 0.758028 3.428475 -0.145758
v 0.361264 3.414425 0.161613
v 0.361264 3.414425 0.161613
v 0.759367 3.719989 0.145758
v 0.759367 3.719989 0.145758
v 2.035382 3.693006 -0.018247
v 2.030531 3.690959 -0.146441
v 2.030531 3.690959 -0.146441
v 2.030531 3.690959 -0.146441
v 2.033530 3.507279 -0.018247
v 2.031903 3.509238 0.109504
v 1.760247 3.723292 -0.017081
v 1.760247 3.723292 -0.017081
v 1.754779 3.717049 -0.108334
v 1.758511 3.422390 -0.017081
v 1.758511 3.422390 -0.017081
v 1.752851 3.424614 0.075906
v 1.752851 3.424614 0.075906
v 1.745582 3.572496 -0.195021
v 1.753118 3.428056 -0.108334
v 1.753118 3.428056 -0.108334
v 1.754571 3.717659 0.076363
v 1.798618 3.475877 0.220288
v 1.798618 3.475877 0.220288
v 2.026940 3.600054 -0.209111
v 2.026940 3.600054 -0.209111
v 2.028731 3.509238 -0.146393
v 2.028731 3.509238 -0.146393
v 2.033704 3.690958 0.109547
v 2.030526 3.600054 0.172250
v 2.030526 3.600054 0.172250
v 2.006045 3.670809 0.154446
v 2.006045 3.670809 0.154446
v 1.849944 3.675399 -0.185525
v 1.848775 3.487097 -0.185525
v 1.848775 3.487097 -0.185525
v 1.848775 3.487097 -0.185525
v 1.848775 3.487097 -0.185525
v 2.004753 3.522201 0.154142
v 2.004753 3.522201 0.154142
v 2.002929 3.489165 0.046148
v 2.002929 3.489165 0.046148
v 2.002746 3.489166 -0.082633
v 2.048551 3.600912 -0.084145
v 2.051310 3.600911 0.047222
v 2.004610 3.706078 -0.082636
v 2.004610 3.706078 -0.082636
v 2.004794 3.706079 0.046151
v 2.004794 3.706079 0.046151
v 1.856458 3.692107 0.159147
v 2.003495 3.670820 -0.190003
v 2.003495 3.670820 -0.190003
v 2.002238 3.524335 -0.189998
v 1.854373 3.438244 0.152606
v 1.854373 3.438244 0.152606
v 1.852223 3.440545 0.043809
v 1.852223 3.440545 0.043809
v 1.852223 3.440546 -0.080035
v 1.852223 3.440546 -0.080035
v 1.853978 3.722447 -0.080035
v 1.853978 3.722447 -0.080035
v 1.853978 3.722446 0.043809
v 1.853978 3.722446 0.043809
v 1.949259 3.717865 -0.018228
v 1.949259 3.717865 -0.018228
v 1.947497 3.470401 -0.143211
v 1.947497 3.470401 -0.143211
v 1.985793 3.579175 0.172105
v 1.985793 3.579175 0.172105
v 1.948360 3.591501 -0.204372
v 1.948360 3.591501 -0.204372
v 1.950556 3.713303 0.107848
v 1.948774 3.467374 0.107392
v 1.948774 3.467374 0.107392
v 1.947460 3.465137 -0.018228
v 1.949222 3.712600 -0.143210
v 2.256028 3.600479 -0.063047
v 2.256516 3.655810 -0.018229
v 2.256028 3.600479 0.026590
v 2.255539 3.545149 -0.018229
v 2.228225 3.658468 -0.065146
v 2.066984 3.538612 -0.066183
v 2.066984 3.538612 -0.066183
v 2.228225 3.658468 0.028689
v 2.227203 3.542625 0.028689
v 2.214076 3.600478 -0.227887
v 2.223947 3.655808 -0.184166
v 2.232863 3.600478 -0.140241
v 2.232863 3.600478 -0.140241
v 2.222992 3.545147 -0.183962
v 2.186451 3.658468 -0.224112
v 2.046789 3.539791 -0.196275
v 2.206118 3.658467 -0.132362
v 2.206118 3.658467 -0.132362
v 2.205118 3.542623 -0.132148
v 2.205118 3.542623 -0.132148
v 2.252417 3.600479 0.097160
v 2.244582 3.655810 0.141291
v 2.244582 3.655810 0.141291
v 2.235787 3.600478 0.185240
v 2.235787 3.600478 0.185240
v 2.243623 3.545149 0.141110
v 2.225486 3.658468 0.089940
v 2.225486 3.658468 0.089940
v 2.067010 3.538611 0.065291
v 2.067010 3.538611 0.065291
v 2.208078 3.658468 0.182146
v 2.208078 3.658468 0.182146
v 2.207074 3.542624 0.181956
v 2.207074 3.542624 0.181956
v 2.068244 3.663153 0.065388
v 2.068244 3.663153 0.065388
v 2.145966 3.661254 0.073163
v 2.145966 3.661254 0.073163
v 2.224481 3.542624 0.089750
v 2.144910 3.540227 0.072969
v 2.058535 3.661845 0.158625
v 2.058535 3.661845 0.158625
v 2.128157 3.661253 0.169297
v 2.128157 3.661253 0.169297
v 2.057334 3.539791 0.158526
v 2.057334 3.539791 0.158526
v 2.127101 3.540227 0.169103
v 2.127101 3.540227 0.169103
v 2.096794 3.517635 0.115349
v 2.096794 3.517635 0.115349
v 2.176824 3.517434 0.128498
v 2.087131 3.600841 0.180605
v 2.165042 3.600641 0.194862
v 2.098308 3.684047 0.115577
v 2.098308 3.684047 0.115577
v 2.178267 3.683846 0.128771
v 2.178267 3.683846 0.128771
v 2.107971 3.600841 0.050321
v 2.107971 3.600841 0.050321
v 2.190049 3.600641 0.062407
v 2.190049 3.600641 0.062407
v 2.068228 3.663153 -0.066184
v 2.068228 3.663153 -0.066184
v 2.146927 3.661254 -0.067128
v 2.227203 3.542624 -0.065146
v 2.145852 3.540227 -0.067128
v 2.145852 3.540227 -0.067128
v 2.068404 3.663153 0.029699
v 2.068404 3.663153 0.029699
v 2.068404 3.663153 0.029699
v 2.068404 3.663153 0.029699
v 2.146926 3.661254 0.030672
v 2.067162 3.538611 0.029697
v 2.067162 3.538611 0.029697
v 2.145852 3.540228 0.030672
v 2.145852 3.540228 0.030672
v 2.104767 3.517635 -0.018229
v 2.187561 3.517434 -0.018229
v 2.187561 3.517434 -0.018229
v 2.105535 3.600841 0.047889
v 2.188295 3.600641 0.049169
v 2.106303 3.684047 -0.018229
v 2.106303 3.684047 -0.018229
v 2.189030 3.683846 -0.018229
v 2.105536 3.600842 -0.084345
v 2.105536 3.600842 -0.084345
v 2.188296 3.600641 -0.085626
v 2.047987 3.661846 -0.196387
v 2.047987 3.661846 -0.196387
v 2.107305 3.661254 -0.209282
v 2.107305 3.661254 -0.209282
v 2.185451 3.542623 -0.223898
v 2.106254 3.540228 -0.209063
v 2.106254 3.540228 -0.209063
v 2.059019 3.663153 -0.103365
v 2.059019 3.663153 -0.103365
v 2.127423 3.661253 -0.113614
v 2.127423 3.661253 -0.113614
v 2.057788 3.538612 -0.103255
v 2.057788 3.538612 -0.103255
v 2.126372 3.540227 -0.113395
v 2.126372 3.540227 -0.113395
v 2.080149 3.517635 -0.154422
v 2.080149 3.517635 -0.154422
v 2.156523 3.517433 -0.169714
v 2.156523 3.517433 -0.169714
v 2.092674 3.600841 -0.089680
v 2.092674 3.600841 -0.089680
v 2.171367 3.600639 -0.103967
v 2.171367 3.600639 -0.103967
v 2.081657 3.684047 -0.154678
v 2.157959 3.683846 -0.170022
v 2.157959 3.683846 -0.170022
v 2.069131 3.600841 -0.219420
v 2.069131 3.600841 -0.219420
v 2.143115 3.600639 -0.235769
v 2.143115 3.600639 -0.235769
v 1.719996 3.552758 0.173048
v 1.888012 3.573389 0.224713
v 1.888012 3.573389 0.224713
v 1.884045 3.399607 0.187892
v 1.884045 3.399607 0.187892
v 1.884045 3.399607 0.187892
v 1.973439 3.497118 0.192318
v 1.973439 3.497118 0.192318
v 1.789810 3.438818 0.184816
v 1.789810 3.438818 0.184816
v 1.791958 3.602390 0.199877
v 1.947504 3.612982 0.188475
v 1.947504 3.612982 0.188475
v 1.945353 3.463494 0.173414
v 1.945353 3.463494 0.173414
v 1.848060 3.417294 0.272475
v 1.848060 3.417294 0.272475
v 1.848060 3.417294 0.272475
v 1.848060 3.417294 0.272475
v 1.920024 3.490072 0.282416
v 1.920024 3.490072 0.282416
v 1.915048 3.359343 0.229608
v 1.915048 3.359343 0.229608
v 1.987012 3.432121 0.239549
v 1.987012 3.432121 0.239549
v 1.845335 3.390481 0.223909
v 1.845335 3.390481 0.223909
v 1.845335 3.390481 0.223909
v 1.845335 3.390481 0.223909
v 1.848726 3.499854 0.258536
v 1.848726 3.499854 0.258536
v 1.959961 3.511006 0.234674
v 1.959961 3.511006 0.234674
v 1.956570 3.405490 0.200046
v 1.956570 3.405490 0.200046
v 1.956570 3.405490 0.200046
v 1.956570 3.405490 0.200046
v 1.897267 3.386037 0.313193
v 1.897267 3.386037 0.313193
v 1.939201 3.426842 0.320742
v 1.939201 3.426842 0.320742
v 1.935943 3.352888 0.285310
v 1.935943 3.352888 0.285310
v 1.977877 3.393693 0.292859
v 1.977877 3.393693 0.292859
v 1.977877 3.393693 0.292859
v 1.972469 3.366956 0.253202
v 1.883366 3.357779 0.275250
v 1.883366 3.357779 0.275250
v 1.886838 3.440567 0.312751
v 1.975941 3.448971 0.290703
v 1.975941 3.448971 0.290703
v 1.673655 3.673579 0.116353
v 1.673655 3.673579 0.116353
v 1.672495 3.463732 0.116053
v 1.672495 3.463732 0.116053
v 1.674663 3.673863 -0.138828
v 1.674663 3.673863 -0.138828
v 1.673540 3.466461 -0.138828
v 1.673540 3.466461 -0.138828
v 0.248777 3.576556 0.000000
v 0.757776 3.373816 0.000000
v 0.360740 3.576042 0.222094
v 0.759618 3.774647 0.000000
v 0.361760 3.798134 0.000000
v 1.150066 3.749271 -0.000104
v 1.441795 3.742793 -0.002859
v 1.149252 3.572513 -0.177227
v 1.149252 3.572512 0.177018
v 1.148439 3.395755 -0.000105
v 0.758697 3.574232 0.200418
v 1.440603 3.572367 -0.182250
v 1.440603 3.572367 0.176655
v 1.440145 3.401883 -0.002859
v 2.004065 3.702522 -0.144343
v 2.004065 3.702522 -0.144343
v 1.691755 3.717643 -0.013560
v 1.691755 3.717643 -0.013560
v 1.668797 3.568048 0.158017
v 1.668797 3.568048 0.158017
v 1.690128 3.421560 -0.013601
v 1.690128 3.421560 -0.013601
v 2.056229 3.600817 0.175741
v 2.056229 3.600817 0.175741
v 2.135807 3.517534 0.120999
v 2.002825 3.488440 -0.018233
v 2.002931 3.492186 0.107982
v 2.002931 3.492186 0.107982
v 2.004742 3.702584 0.108063
v 2.004742 3.702584 0.108063
v 2.061700 3.516606 0.112302
v 2.061700 3.516606 0.112302
v 2.002786 3.597578 -0.206123
v 2.007488 3.596119 0.170162
v 2.007488 3.596119 0.170162
v 2.007488 3.596119 0.170162
v 2.002263 3.492655 -0.144337
v 2.004700 3.706758 -0.018233
v 2.004700 3.706758 -0.018233
v 1.852291 3.722452 -0.018079
v 1.849660 3.446013 -0.138582
v 1.849660 3.446013 -0.138582
v 1.826174 3.442715 0.245696
v 1.826174 3.442715 0.245696
v 1.849222 3.581260 -0.202624
v 1.852109 3.718472 0.103817
v 1.850321 3.440348 0.103042
v 1.850321 3.440348 0.103042
v 1.850536 3.440262 -0.018079
v 1.851342 3.716574 -0.138582
v 2.265703 3.600456 -0.018229
v 2.228168 3.600546 -0.082789
v 2.228872 3.680249 -0.018229
v 2.228168 3.600546 0.046332
v 2.227465 3.520841 -0.018228
v 2.232931 3.600454 -0.186092
v 2.182697 3.600544 -0.241352
v 2.196917 3.680248 -0.178372
v 2.209761 3.600544 -0.115098
v 2.195541 3.520841 -0.178078
v 2.253610 3.600456 0.142996
v 2.228704 3.600545 0.072591
v 2.217417 3.680249 0.136162
v 2.217417 3.680249 0.136162
v 2.204749 3.600545 0.199472
v 2.204749 3.600545 0.199472
v 2.216035 3.520841 0.135901
v 2.124290 3.600740 0.187225
v 2.124290 3.600740 0.187225
v 2.124290 3.600740 0.187225
v 2.063359 3.685053 0.112438
v 2.063359 3.685053 0.112438
v 2.137260 3.683947 0.121266
v 2.137260 3.683947 0.121266
v 2.070453 3.600918 0.049138
v 2.070453 3.600918 0.049138
v 2.148777 3.600741 0.055041
v 2.148777 3.600741 0.055041
v 2.066391 3.516305 -0.018233
v 2.066391 3.516305 -0.018233
v 2.145651 3.517534 -0.018229
v 2.068943 3.600917 0.046106
v 2.146389 3.600740 0.049009
v 2.146389 3.600740 0.049009
v 2.146389 3.600740 0.049009
v 2.068071 3.685374 -0.018233
v 2.068071 3.685374 -0.018233
v 2.147128 3.683946 -0.018228
v 2.068634 3.600917 -0.082615
v 2.068634 3.600917 -0.082615
v 2.146389 3.600742 -0.085465
v 2.146389 3.600742 -0.085465
v 2.146389 3.600742 -0.085465
v 2.146389 3.600742 -0.085465
v 2.051781 3.516606 -0.150162
v 2.051781 3.516606 -0.150162
v 2.116116 3.517535 -0.161187
v 2.116116 3.517535 -0.161187
v 2.116116 3.517535 -0.161187
v 2.061379 3.600918 -0.087164
v 2.061379 3.600918 -0.087164
v 2.130670 3.600740 -0.095567
v 2.130670 3.600740 -0.095567
v 2.053437 3.685052 -0.150315
v 2.053437 3.685052 -0.150315
v 2.117561 3.683946 -0.161489
v 2.117561 3.683946 -0.161489
v 2.045462 3.600819 -0.213453
v 2.103007 3.600740 -0.227110
v 2.103007 3.600740 -0.227110
v 1.762934 3.517215 0.195981
v 1.870359 3.635435 0.196528
v 1.870359 3.635435 0.196528
v 1.867410 3.422804 0.175672
v 1.867410 3.422804 0.175672
v 1.974305 3.541191 0.179735
v 1.974305 3.541191 0.179735
v 1.974305 3.541191 0.179735
v 1.974305 3.541191 0.179735
v 1.927391 3.346761 0.257514
v 1.979122 3.460701 0.212886
v 1.979122 3.460701 0.212886
v 1.904980 3.525576 0.253098
v 1.904980 3.525576 0.253098
v 1.904980 3.525576 0.253098
v 1.904980 3.525576 0.253098
v 1.900316 3.377840 0.205485
v 1.900316 3.377840 0.205485
v 1.900316 3.377840 0.205485
v 1.900316 3.377840 0.205485
v 1.940211 3.385307 0.309936
v 1.940211 3.385307 0.309936
v 1.868570 3.397321 0.298454
v 1.868570 3.397321 0.298454
v 1.868570 3.397321 0.298454
v 1.990985 3.409387 0.268149
v 1.932165 3.459947 0.309088
v 1.932165 3.459947 0.309088
v 0.359720 3.353951 0.000000
v 0.360740 3.576041 -0.222093
v 0.758697 3.574232 -0.200417
v 1.671623 3.570359 -0.179989
v 1.671623 3.570359 -0.179989
v 2.167878 3.661204 -0.067186
v 2.166807 3.540177 -0.067186
v 2.166807 3.540177 -0.067186
v 2.166807 3.540177 -0.067186
v 2.166807 3.540177 -0.067186
v 2.167878 3.661204 0.030730
v 2.166806 3.540178 0.030730
v 2.166806 3.540178 0.030730
v 2.166806 3.540178 0.030730
v 2.166606 3.517485 -0.018228
v 2.166606 3.517485 -0.018228
v 2.167342 3.600691 0.049089
v 2.168079 3.683896 -0.018228
v 2.167342 3.600691 -0.085546
v 2.167342 3.600691 -0.085546
v 2.167342 3.600691 -0.085546
v 2.166565 3.661204 0.076866
v 2.165512 3.540177 0.076669
v 2.148567 3.661203 0.173098
v 2.148567 3.661203 0.173098
v 2.148567 3.661203 0.173098
v 2.147514 3.540178 0.172902
v 2.147514 3.540178 0.172902
v 2.156316 3.517485 0.124750
v 2.144666 3.600690 0.191044
v 2.144666 3.600690 0.191044
v 2.144666 3.600690 0.191044
v 2.157763 3.683896 0.125019
v 2.169413 3.600691 0.058724
v 2.169413 3.600691 0.058724
v 2.169413 3.600691 0.058724
v 2.206325 3.659811 0.085254
v 2.188527 3.659811 0.179523
v 2.187500 3.541375 0.179328
v 2.205298 3.541376 0.085060
v 2.209377 3.600593 0.067499
v 2.197842 3.682047 0.132467
v 2.184895 3.600593 0.197167
v 2.196429 3.519138 0.132200
v 2.125823 3.661303 0.070666
v 2.124744 3.540277 0.070487
v 2.109340 3.661304 0.166109
v 2.109340 3.661304 0.166109
v 2.109340 3.661304 0.166109
v 2.108262 3.540277 0.165929
v 2.108262 3.540277 0.165929
v 2.108262 3.540277 0.165929
v 2.116301 3.517585 0.118174
v 2.105711 3.600791 0.183915
v 2.117784 3.683996 0.118422
v 2.128374 3.600791 0.052681
v 2.126510 3.661305 -0.066721
v 2.125415 3.540278 -0.066721
v 2.125415 3.540278 -0.066721
v 2.125415 3.540278 -0.066721
v 2.125415 3.540278 -0.066721
v 2.126510 3.661305 0.030264
v 2.125415 3.540278 0.030264
v 2.125415 3.540278 0.030264
v 2.125415 3.540278 0.030264
v 2.125209 3.517585 -0.018228
v 2.125962 3.600791 0.048449
v 2.126716 3.683997 -0.018228
v 2.125962 3.600791 -0.084906
v 2.085980 3.539469 -0.066248
v 2.087161 3.662254 -0.066249
v 2.087249 3.662254 0.029778
v 2.087249 3.662254 0.029778
v 2.086069 3.539470 0.029778
v 2.086069 3.539470 0.029778
v 2.086069 3.539470 0.029778
v 2.085579 3.516971 -0.018230
v 2.087239 3.600878 0.046997
v 2.087187 3.684711 -0.018231
v 2.087085 3.600879 -0.083480
v 2.090097 3.661304 -0.205552
v 2.090097 3.661304 -0.205552
v 2.089024 3.540278 -0.205349
v 2.108718 3.661304 -0.110539
v 2.107644 3.540277 -0.110337
v 2.098132 3.517586 -0.157804
v 2.111673 3.600791 -0.092623
v 2.099609 3.683997 -0.158084
v 2.086069 3.600791 -0.223265
v 2.127398 3.661204 -0.213595
v 2.126349 3.540177 -0.213373
v 2.147730 3.661203 -0.117833
v 2.146682 3.540176 -0.117612
v 2.136319 3.517484 -0.165451
v 2.151019 3.600690 -0.099767
v 2.137760 3.683896 -0.165755
v 2.123061 3.600690 -0.231440
v 2.166970 3.659811 -0.221010
v 2.187078 3.659811 -0.127207
v 2.187078 3.659811 -0.127207
v 2.187078 3.659811 -0.127207
v 2.186055 3.541375 -0.126988
v 2.186055 3.541375 -0.126988
v 2.165948 3.541374 -0.220791
v 2.162906 3.600592 -0.238560
v 2.177438 3.682047 -0.174197
v 2.190564 3.600592 -0.109533
v 2.190564 3.600592 -0.109533
v 2.176032 3.519137 -0.173896
v 2.052310 3.530734 0.056110
v 2.053720 3.670634 0.056167
v 2.053720 3.670634 0.056167
v 2.053720 3.670634 0.056167
v 2.045134 3.663261 0.157188
v 2.043895 3.537611 0.157122
v 2.043895 3.537611 0.157122
v 2.043377 3.600435 0.173996
v 2.046801 3.512921 0.110903
v 2.048532 3.688005 0.110993
v 2.060882 3.600914 0.048180
v 2.051446 3.530733 -0.074919
v 2.052861 3.670633 -0.074930
v 2.053801 3.670634 0.038322
v 2.053801 3.670634 0.038322
v 2.053801 3.670634 0.038322
v 2.052385 3.530734 0.038313
v 2.049960 3.511792 -0.018240
v 2.060126 3.600914 0.046664
v 2.051726 3.689190 -0.018240
v 2.058593 3.600914 -0.083380
v 2.036867 3.537611 -0.194433
v 2.038104 3.663262 -0.194508
v 2.038104 3.663262 -0.194508
v 2.038104 3.663262 -0.194508
v 2.038104 3.663262 -0.194508
v 2.048257 3.670634 -0.093520
v 2.048257 3.670634 -0.093520
v 2.046848 3.530734 -0.093455
v 2.040256 3.512922 -0.148278
v 2.040256 3.512922 -0.148278
v 2.054965 3.600914 -0.085655
v 2.041984 3.688006 -0.148379
v 2.041984 3.688006 -0.148379
v 2.036201 3.600436 -0.211281
v 2.018889 3.667743 0.155098
v 2.018889 3.667743 0.155098
v 2.018889 3.667743 0.155098
v 2.018889 3.667743 0.155098
v 2.017605 3.528815 0.154929
v 2.017605 3.528815 0.154929
v 2.020269 3.506011 0.046538
v 2.020269 3.506011 0.046538
v 2.019327 3.506011 -0.083144
v 2.019327 3.506011 -0.083144
v 2.019327 3.506011 -0.083144
v 2.021053 3.692096 -0.083155
v 2.021053 3.692096 -0.083155
v 2.021995 3.692096 0.046548
v 2.015857 3.667749 -0.191316
v 2.015857 3.667749 -0.191316
v 2.015857 3.667749 -0.191316
v 2.015857 3.667749 -0.191316
v 2.014591 3.529882 -0.191294
v 2.017298 3.696740 -0.145393
v 2.017298 3.696740 -0.145393
v 2.017298 3.696740 -0.145393
v 2.017298 3.696740 -0.145393
v 2.018178 3.497859 -0.018240
v 2.017417 3.500712 0.108743
v 2.017417 3.500712 0.108743
v 2.017417 3.500712 0.108743
v 2.019223 3.696771 0.108805
v 2.014863 3.598816 -0.207617
v 2.019007 3.598087 0.171206
v 2.019007 3.598087 0.171206
v 2.019007 3.598087 0.171206
v 2.015497 3.500947 -0.145365
v 2.020041 3.699883 -0.018240
v 1.983354 3.672336 0.158053
v 1.981916 3.504306 0.156100
v 1.981916 3.504306 0.156100
v 1.975195 3.477151 0.045870
v 1.975103 3.477151 -0.082340
v 1.975103 3.477151 -0.082340
v 1.975103 3.477151 -0.082340
v 1.975103 3.477151 -0.082340
v 1.976935 3.711972 -0.082342
v 1.977026 3.711972 0.045871
v 1.977026 3.711972 0.045871
v 1.977026 3.711972 0.045871
v 1.977026 3.711972 0.045871
v 1.976227 3.673281 -0.189211
v 1.976227 3.673281 -0.189211
v 1.974999 3.515796 -0.189208
v 1.976643 3.707562 -0.143777
v 1.975142 3.476789 -0.018230
v 1.975142 3.476789 -0.018230
v 1.975853 3.479780 0.107687
v 1.977649 3.707944 0.107955
v 1.975573 3.594539 -0.205248
v 1.996640 3.587647 0.171134
v 1.996640 3.587647 0.171134
v 1.974880 3.481529 -0.143774
v 1.976979 3.712312 -0.018231
v 1.767205 3.443537 0.167504
v 1.767205 3.443537 0.167504
v 1.769054 3.635839 0.176836
v 1.954084 3.643422 0.175068
v 1.952217 3.474952 0.165736
v 1.952217 3.474952 0.165736
v 1.741465 3.534986 0.184514
v 1.863408 3.663771 0.177838
v 1.860892 3.430524 0.164139
v 1.860892 3.430524 0.164139
v 1.980048 3.560182 0.175920
v 1.980048 3.560182 0.175920
v 1.805412 3.426281 0.193950
v 1.805412 3.426281 0.193950
v 1.807929 3.573096 0.214870
v 1.949273 3.584281 0.198998
v 1.946755 3.448178 0.178078
v 1.946755 3.448178 0.178078
v 1.780776 3.496546 0.208135
v 1.879186 3.604413 0.210621
v 1.879186 3.604413 0.210621
v 1.875728 3.411206 0.181782
v 1.875728 3.411206 0.181782
v 1.973872 3.519155 0.186026
v 1.973872 3.519155 0.186026
v 1.833175 3.402114 0.213497
v 1.833175 3.402114 0.213497
v 1.833175 3.402114 0.213497
v 1.833175 3.402114 0.213497
v 1.836313 3.521827 0.244199
v 1.836313 3.521827 0.244199
v 1.955501 3.533293 0.222097
v 1.955501 3.533293 0.222097
v 1.952363 3.419177 0.191394
v 1.952363 3.419177 0.191394
v 1.812396 3.459296 0.232992
v 1.812396 3.459296 0.232992
v 1.976280 3.478909 0.202602
v 1.976280 3.478909 0.202602
v 1.896495 3.549482 0.238905
v 1.896495 3.549482 0.238905
v 1.896495 3.549482 0.238905
v 1.896495 3.549482 0.238905
v 1.892181 3.388723 0.196689
v 1.892181 3.388723 0.196689
v 1.892181 3.388723 0.196689
v 1.892181 3.388723 0.196689
v 1.855267 3.380897 0.236346
v 1.855267 3.380897 0.236346
v 1.858772 3.483587 0.272862
v 1.858772 3.483587 0.272862
v 1.964917 3.494089 0.248958
v 1.964917 3.494089 0.248958
v 1.961412 3.394258 0.212442
v 1.961412 3.394258 0.212442
v 1.837117 3.430004 0.259086
v 1.837117 3.430004 0.259086
v 1.983067 3.446410 0.226217
v 1.983067 3.446410 0.226217
v 1.912502 3.507824 0.267757
v 1.912502 3.507824 0.267757
v 1.907682 3.368591 0.217547
v 1.907682 3.368591 0.217547
v 1.629407 3.677557 0.115900
v 1.628265 3.462754 0.115750
v 1.629911 3.677699 -0.133773
v 1.628787 3.464118 -0.133773
v 1.639481 3.720150 -0.010251
v 1.626146 3.569894 0.159714
v 1.637893 3.420962 -0.010271
v 1.627559 3.571050 -0.177152
v 1.651531 3.675568 0.116126
v 1.650380 3.463243 0.115901
v 1.652287 3.675781 -0.136300
v 1.651164 3.465290 -0.136300
v 1.665618 3.718896 -0.011906
v 1.647471 3.568971 0.158866
v 1.664011 3.421261 -0.011936
v 1.649591 3.570704 -0.178571
v 1.607283 3.679546 0.115673
v 1.606149 3.462265 0.115598
v 1.607535 3.679617 -0.131245
v 1.606410 3.462947 -0.131246
v 1.613344 3.721403 -0.008596
v 1.604820 3.570819 0.160563
v 1.611775 3.420663 -0.008606
v 1.605527 3.571396 -0.175734
v 1.069810 3.700728 0.127961
v 1.069810 3.700728 -0.128065
v 1.068634 3.444969 -0.128065
v 1.068634 3.444969 0.127961
v 1.070031 3.748684 -0.000052
v 1.069222 3.572849 -0.176070
v 1.069222 3.572848 0.175966
v 1.068413 3.397014 -0.000052
v 1.109827 3.700896 0.128337
v 1.108647 3.444465 0.128336
v 1.110048 3.748976 -0.000078
v 1.109237 3.572680 -0.176649
v 1.109237 3.572680 0.176492
v 1.108426 3.396385 -0.000078
v 1.109827 3.700896 -0.128493
v 1.108647 3.444465 -0.128493
v 1.029793 3.700562 -0.127638
v 1.028621 3.445473 -0.127638
v 1.029793 3.700561 0.127585
v 1.028621 3.445473 0.127585
v 1.030013 3.748390 -0.000026
v 1.029207 3.573017 -0.175492
v 1.029207 3.573017 0.175440
v 1.028401 3.397643 -0.000026
v 0.442089 3.411895 -0.163775
v 0.442089 3.411895 -0.163775
v 0.443593 3.739441 0.163775
v 0.443593 3.739441 0.163775
v 0.443593 3.739440 -0.163774
v 0.443593 3.739440 -0.163774
v 0.442089 3.411896 0.163775
v 0.442089 3.411896 0.163775
v 0.442208 3.575670 0.225128
v 0.443242 3.800797 0.000000
v 0.441174 3.350544 0.000000
v 0.442208 3.575670 -0.225128
v 0.324633 3.433480 -0.142726
v 0.324633 3.433480 -0.142726
v 0.325945 3.718930 0.142727
v 0.325945 3.718930 0.142727
v 0.325944 3.718929 -0.142727
v 0.325944 3.718929 -0.142727
v 0.324633 3.433480 0.142727
v 0.324633 3.433480 0.142727
v 0.318234 3.576237 0.185857
v 0.319088 3.762092 0.000000
v 0.317381 3.390383 0.000000
v 0.318234 3.576237 -0.185856
v 0.401676 3.413160 -0.162694
v 0.401676 3.413160 -0.162694
v 0.403171 3.738544 0.162694
v 0.403171 3.738544 0.162694
v 0.401474 3.575856 0.223611
v 0.402501 3.799466 0.000000
v 0.400447 3.352248 0.000000
v 0.401474 3.575856 -0.223611
v 0.403171 3.738544 -0.162693
v 0.403171 3.738544 -0.162693
v 0.401676 3.413161 0.162693
v 0.401676 3.413161 0.162693
v 0.484015 3.740337 -0.164856
v 0.484015 3.740337 -0.164856
v 0.482501 3.410630 0.164856
v 0.482501 3.410630 0.164856
v 0.482501 3.410629 -0.164856
v 0.482501 3.410629 -0.164856
v 0.484015 3.740337 0.164856
v 0.484015 3.740337 0.164856
v 0.482942 3.575485 0.226646
v 0.483983 3.802128 0.000000
v 0.481900 3.348841 -0.000000
v 0.482942 3.575485 -0.226645
v 0.640470 3.418920 0.155848
v 0.640470 3.418920 0.155848
v 0.641902 3.730611 -0.155847
v 0.641902 3.730611 -0.155847
v 0.640470 3.418919 -0.155847
v 0.640470 3.418919 -0.155847
v 0.641902 3.730611 0.155848
v 0.641902 3.730611 0.155848
v 0.640202 3.360477 0.000000
v 0.642171 3.789053 0.000000
v 0.641186 3.574766 0.214290
v 0.641186 3.574765 -0.214290
v 0.583170 3.735923 -0.160892
v 0.583170 3.735923 -0.160892
v 0.581692 3.414143 -0.160892
v 0.581692 3.414143 -0.160892
v 0.583170 3.735923 0.160892
v 0.583170 3.735923 0.160892
v 0.581692 3.414143 0.160892
v 0.581692 3.414143 0.160892
v 0.581415 3.353807 0.000000
v 0.583447 3.796257 0.000000
v 0.582431 3.575033 0.221227
v 0.582431 3.575032 -0.221226
v -0.288003 3.452532 0.123842
v -0.288003 3.452532 0.123842
v -0.288003 3.452532 0.123842
v -0.289141 3.700212 0.123842
v -0.289141 3.700212 0.123842
v -0.289141 3.700212 0.123842
v -0.288003 3.452532 -0.123840
v -0.288003 3.452532 -0.123840
v -0.289141 3.700212 -0.123840
v -0.289141 3.700212 -0.123840
v -0.989776 3.700392 -0.127210
v -0.988607 3.445975 -0.127210
v -0.988607 3.445975 0.127210
v -0.989776 3.700392 0.127210
v -1.283747 3.705767 -0.136422
v -1.282502 3.438831 -0.136422
v -1.282502 3.438831 0.134746
v -1.283747 3.705767 0.134746
v -1.585158 3.681535 -0.128718
v -1.584033 3.461775 -0.128718
v -1.584033 3.461774 0.115446
v -1.585158 3.681534 0.115447
v -0.524437 3.741234 0.165937
v -0.524437 3.741234 0.165937
v -0.522913 3.409364 0.165937
v -0.522913 3.409364 0.165937
v -0.524437 3.741234 -0.165936
v -0.524437 3.741234 -0.165936
v -0.522913 3.409364 -0.165937
v -0.522913 3.409364 -0.165937
v -1.777781 3.723212 0.035468
v -1.777781 3.723212 0.035468
v -1.777782 3.723213 -0.070459
v -1.777782 3.723213 -0.070459
v -1.776040 3.425208 -0.070458
v -1.776040 3.425208 -0.070458
v -1.776040 3.425208 0.035468
v -1.776040 3.425208 0.035468
v -1.747258 3.673122 -0.169516
v -1.746106 3.471694 -0.169516
v -1.746106 3.471694 -0.169516
v -1.744599 3.448256 0.150193
v -1.744599 3.448256 0.150193
v -1.746148 3.669287 0.153794
v -2.028219 3.664676 -0.192629
v -2.028219 3.664676 -0.192629
v -2.026944 3.535429 -0.192591
v -2.026944 3.535429 -0.192591
v -2.030455 3.535429 0.155717
v -2.030455 3.535429 0.155717
v -2.031731 3.664677 0.155750
v -2.037608 3.522855 0.046927
v -2.037608 3.522855 0.046927
v -2.037608 3.522855 0.046927
v -2.035906 3.522855 -0.083655
v -2.035906 3.522855 -0.083655
v -2.035906 3.522855 -0.083655
v -2.037493 3.678113 -0.083675
v -2.037493 3.678113 -0.083675
v -2.039196 3.678114 0.046945
v -1.951040 3.555581 0.209521
v -1.951040 3.555581 0.209521
v -1.951040 3.555581 0.209521
v -1.948958 3.675742 -0.188417
v -1.948958 3.675742 -0.188417
v -1.947759 3.507256 -0.188417
v -1.947759 3.507256 -0.188417
v -1.948156 3.432862 0.182742
v -1.948156 3.432862 0.182742
v -1.948156 3.432862 0.182742
v -1.947458 3.465135 0.045592
v -1.947458 3.465135 0.045592
v -1.947458 3.465135 -0.082049
v -1.947458 3.465135 -0.082049
v -1.947458 3.465135 -0.082049
v -1.947458 3.465135 -0.082049
v -1.949258 3.717865 -0.082049
v -1.949258 3.717865 -0.082049
v -1.949258 3.717864 0.045592
v -1.949258 3.717864 0.045592
v -2.251016 3.555104 -0.054991
v -2.251818 3.645875 -0.054991
v -2.251818 3.645874 0.018533
v -2.251016 3.555104 0.018533
v -2.210862 3.555104 -0.218961
v -2.211645 3.645874 -0.219129
v -2.227055 3.645873 -0.147237
v -2.227055 3.645873 -0.147237
v -2.226271 3.555104 -0.147069
v -2.226271 3.555104 -0.147069
v -2.245997 3.555104 0.104147
v -2.246784 3.645874 0.104295
v -2.246784 3.645874 0.104295
v -2.233144 3.645874 0.176544
v -2.233144 3.645874 0.176544
v -2.232356 3.555104 0.176395
v -2.232356 3.555104 0.176395
v -2.105679 3.661354 0.068169
v -2.105679 3.661354 0.068169
v -2.187163 3.661153 0.080569
v -2.187163 3.661153 0.080569
v -2.186113 3.540126 0.080370
v -2.104578 3.540327 0.068004
v -2.104578 3.540327 0.068004
v -2.090522 3.661353 0.162921
v -2.090522 3.661353 0.162921
v -2.168975 3.661152 0.176899
v -2.168975 3.661152 0.176899
v -2.089421 3.540327 0.162756
v -2.089421 3.540327 0.162756
v -2.167926 3.540127 0.176701
v -2.106093 3.661354 -0.066314
v -2.106093 3.661354 -0.066314
v -2.188829 3.661154 -0.067245
v -2.187761 3.540127 -0.067246
v -2.187761 3.540127 -0.067246
v -2.104976 3.540328 -0.066314
v -2.104976 3.540328 -0.066314
v -2.106093 3.661353 0.029856
v -2.106093 3.661353 0.029856
v -2.188829 3.661154 0.030788
v -2.104976 3.540328 0.029857
v -2.104976 3.540328 0.029857
v -2.187761 3.540127 0.030787
v -2.187761 3.540127 0.030787
v -2.072889 3.661353 -0.201822
v -2.072889 3.661353 -0.201822
v -2.147488 3.661152 -0.217909
v -2.147488 3.661152 -0.217909
v -2.146443 3.540126 -0.217685
v -2.146443 3.540126 -0.217685
v -2.071792 3.540328 -0.201635
v -2.071792 3.540328 -0.201635
v -2.090011 3.661354 -0.107465
v -2.090011 3.661354 -0.107465
v -2.168035 3.661153 -0.122053
v -2.168035 3.661153 -0.122053
v -2.168035 3.661153 -0.122053
v -2.088914 3.540328 -0.107279
v -2.088914 3.540328 -0.107279
v -2.166990 3.540126 -0.121829
v -2.166990 3.540126 -0.121829
v -1.960663 3.673863 0.161660
v -1.823898 3.543802 0.229862
v -1.823898 3.543802 0.229862
v -1.821013 3.413745 0.203084
v -1.821013 3.413745 0.203084
v -1.821013 3.413745 0.203084
v -1.821013 3.413745 0.203084
v -1.959079 3.486410 0.158058
v -1.959079 3.486410 0.158058
v -1.959079 3.486410 0.158058
v -1.959079 3.486410 0.158058
v -1.868816 3.467317 0.287187
v -1.868816 3.467317 0.287187
v -1.865198 3.371313 0.248783
v -1.865198 3.371313 0.248783
v -1.969872 3.477171 0.263241
v -1.969872 3.477171 0.263241
v -1.966254 3.383024 0.224836
v -1.966254 3.383024 0.224836
v -1.904227 3.419632 0.322723
v -1.904227 3.419632 0.322723
v -1.904227 3.419632 0.322723
v -1.901542 3.358046 0.293552
v -1.901542 3.358046 0.293552
v -1.971084 3.425860 0.305914
v -1.971084 3.425860 0.305914
v -1.968399 3.364601 0.276743
v -0.275041 3.426814 0.000001
v -0.275041 3.426814 0.000001
v -0.275729 3.576431 0.149620
v -0.275729 3.576431 0.149620
v -0.276416 3.726050 0.000001
v -0.276416 3.726050 0.000001
v -0.275729 3.576431 -0.149619
v -0.361263 3.414425 -0.161612
v -0.361263 3.414425 -0.161612
v -0.362748 3.737646 0.161613
v -0.362748 3.737646 0.161613
v -0.989191 3.573184 -0.174913
v -0.988388 3.398272 0.000000
v -0.989995 3.748095 0.000000
v -0.989191 3.573184 0.174914
v -0.758027 3.428474 0.145758
v -0.758027 3.428474 0.145758
v -0.759366 3.719988 -0.145758
v -0.759366 3.719988 -0.145758
v -1.283125 3.572299 -0.187267
v -1.282268 3.388780 -0.000838
v -1.283981 3.755817 -0.000838
v -1.283124 3.572299 0.185590
v -1.149843 3.701063 0.128712
v -1.149843 3.701063 -0.128921
v -1.148660 3.443962 -0.128921
v -1.148660 3.443961 0.128712
v -1.583494 3.571741 -0.174316
v -1.585657 3.420363 -0.006941
v -1.587206 3.722655 -0.006941
v -1.583494 3.571741 0.161410
v -1.441340 3.696317 0.127690
v -1.441340 3.696317 -0.133331
v -1.440140 3.448394 -0.133331
v -1.440140 3.448394 0.127690
v -0.523675 3.575299 -0.228163
v -0.523675 3.575298 0.228163
v -0.522627 3.347138 0.000000
v -0.524723 3.803460 0.000001
v -0.362748 3.737647 -0.161612
v -0.362748 3.737647 -0.161612
v -0.758027 3.428474 -0.145758
v -0.758027 3.428474 -0.145758
v -0.361264 3.414425 0.161613
v -0.361264 3.414425 0.161613
v -0.759366 3.719988 0.145758
v -0.759366 3.719988 0.145758
v -2.035380 3.693005 -0.018247
v -2.030529 3.690958 -0.146442
v -2.030529 3.690958 -0.146442
v -2.030529 3.690958 -0.146442
v -2.033529 3.507279 -0.018247
v -2.031901 3.509237 0.109503
v -1.760246 3.723291 -0.017081
v -1.760246 3.723291 -0.017081
v -1.754779 3.717048 -0.108334
v -1.758509 3.422389 -0.017081
v -1.758509 3.422389 -0.017081
v -1.752850 3.424613 0.075906
v -1.752850 3.424613 0.075906
v -1.745581 3.572495 -0.195021
v -1.753117 3.428055 -0.108334
v -1.753117 3.428055 -0.108334
v -1.754570 3.717658 0.076363
v -1.798616 3.475877 0.220287
v -1.798616 3.475877 0.220287
v -2.026939 3.600052 -0.209111
v -2.026939 3.600052 -0.209111
v -2.028729 3.509237 -0.146393
v -2.028729 3.509237 -0.146393
v -2.033703 3.690957 0.109547
v -2.030525 3.600053 0.172249
v -2.030525 3.600053 0.172249
v -2.006044 3.670808 0.154445
v -2.006044 3.670808 0.154445
v -1.849942 3.675398 -0.185525
v -1.848773 3.487096 -0.185525
v -1.848773 3.487096 -0.185525
v -2.004752 3.522200 0.154141
v -2.004752 3.522200 0.154141
v -2.002928 3.489164 0.046148
v -2.002928 3.489164 0.046148
v -2.002744 3.489164 -0.082633
v -2.048550 3.600910 -0.084145
v -2.051309 3.600910 0.047222
v -2.004609 3.706076 -0.082636
v -2.004609 3.706076 -0.082636
v -2.004793 3.706077 0.046150
v -2.004793 3.706077 0.046150
v -1.856457 3.692106 0.159147
v -2.003493 3.670818 -0.190003
v -2.003493 3.670818 -0.190003
v -2.002236 3.524334 -0.189998
v -1.854372 3.438244 0.152605
v -1.854372 3.438244 0.152605
v -1.852221 3.440544 0.043808
v -1.852221 3.440544 0.043808
v -1.852222 3.440545 -0.080035
v -1.852222 3.440545 -0.080035
v -1.853977 3.722445 -0.080035
v -1.853977 3.722445 -0.080035
v -1.853977 3.722445 0.043809
v -1.853977 3.722445 0.043809
v -1.949257 3.717864 -0.018229
v -1.949257 3.717864 -0.018229
v -1.947496 3.470400 -0.143211
v -1.947496 3.470400 -0.143211
v -1.985791 3.579175 0.172105
v -1.985791 3.579175 0.172105
v -1.948358 3.591499 -0.204372
v -1.948358 3.591499 -0.204372
v -1.950555 3.713302 0.107847
v -1.948773 3.467372 0.107391
v -1.948773 3.467372 0.107391
v -1.947459 3.465136 -0.018228
v -1.949220 3.712599 -0.143211
v -2.256028 3.600478 -0.063048
v -2.256516 3.655809 -0.018229
v -2.256028 3.600479 0.026589
v -2.255539 3.545148 -0.018229
v -2.228225 3.658467 -0.065146
v -2.066983 3.538611 -0.066183
v -2.066983 3.538611 -0.066183
v -2.228225 3.658468 0.028688
v -2.227203 3.542624 0.028688
v -2.214073 3.600478 -0.227888
v -2.223944 3.655809 -0.184167
v -2.232861 3.600478 -0.140242
v -2.232861 3.600478 -0.140242
v -2.222989 3.545147 -0.183962
v -2.186449 3.658468 -0.224113
v -2.046788 3.539790 -0.196276
v -2.206115 3.658466 -0.132363
v -2.206115 3.658466 -0.132363
v -2.205115 3.542623 -0.132149
v -2.205115 3.542623 -0.132149
v -2.252416 3.600478 0.097160
v -2.244581 3.655809 0.141291
v -2.244581 3.655809 0.141291
v -2.235786 3.600477 0.185240
v -2.235786 3.600477 0.185240
v -2.243621 3.545148 0.141110
v -2.225485 3.658468 0.089940
v -2.225485 3.658468 0.089940
v -2.067009 3.538610 0.065290
v -2.067009 3.538610 0.065290
v -2.208076 3.658468 0.182145
v -2.208076 3.658468 0.182145
v -2.207072 3.542624 0.181956
v -2.207072 3.542624 0.181956
v -2.068243 3.663152 0.065388
v -2.068243 3.663152 0.065388
v -2.145964 3.661253 0.073163
v -2.145964 3.661253 0.073163
v -2.224480 3.542624 0.089750
v -2.144908 3.540226 0.072969
v -2.058534 3.661844 0.158625
v -2.058534 3.661844 0.158625
v -2.128155 3.661252 0.169296
v -2.128155 3.661252 0.169296
v -2.057333 3.539790 0.158526
v -2.057333 3.539790 0.158526
v -2.127100 3.540226 0.169102
v -2.127100 3.540226 0.169102
v -2.096793 3.517634 0.115349
v -2.096793 3.517634 0.115349
v -2.176823 3.517433 0.128498
v -2.087130 3.600839 0.180605
v -2.165040 3.600640 0.194862
v -2.098307 3.684046 0.115576
v -2.098307 3.684046 0.115576
v -2.178266 3.683845 0.128771
v -2.178266 3.683845 0.128771
v -2.107970 3.600840 0.050320
v -2.107970 3.600840 0.050320
v -2.190048 3.600639 0.062407
v -2.190048 3.600639 0.062407
v -2.068226 3.663152 -0.066185
v -2.068226 3.663152 -0.066185
v -2.146926 3.661254 -0.067129
v -2.227203 3.542624 -0.065147
v -2.145852 3.540227 -0.067129
v -2.145852 3.540227 -0.067129
v -2.068403 3.663152 0.029698
v -2.068403 3.663152 0.029698
v -2.068403 3.663152 0.029698
v -2.068403 3.663152 0.029698
v -2.146926 3.661254 0.030671
v -2.067160 3.538610 0.029697
v -2.067160 3.538610 0.029697
v -2.145852 3.540227 0.030671
v -2.145852 3.540227 0.030671
v -2.104767 3.517635 -0.018229
v -2.187561 3.517434 -0.018229
v -2.187561 3.517434 -0.018229
v -2.105534 3.600841 0.047889
v -2.188295 3.600640 0.049169
v -2.106302 3.684047 -0.018229
v -2.106302 3.684047 -0.018229
v -2.189029 3.683846 -0.018229
v -2.105534 3.600841 -0.084346
v -2.105534 3.600841 -0.084346
v -2.188295 3.600640 -0.085627
v -2.047986 3.661844 -0.196388
v -2.047986 3.661844 -0.196388
v -2.107303 3.661254 -0.209282
v -2.107303 3.661254 -0.209282
v -2.185448 3.542624 -0.223899
v -2.106252 3.540227 -0.209064
v -2.106252 3.540227 -0.209064
v -2.059018 3.663152 -0.103365
v -2.059018 3.663152 -0.103365
v -2.127422 3.661253 -0.113615
v -2.127422 3.661253 -0.113615
v -2.057786 3.538611 -0.103255
v -2.057786 3.538611 -0.103255
v -2.126370 3.540227 -0.113395
v -2.126370 3.540227 -0.113395
v -2.080147 3.517635 -0.154422
v -2.080147 3.517635 -0.154422
v -2.156521 3.517433 -0.169715
v -2.156521 3.517433 -0.169715
v -2.092673 3.600840 -0.089681
v -2.092673 3.600840 -0.089681
v -2.171365 3.600639 -0.103969
v -2.171365 3.600639 -0.103969
v -2.081656 3.684046 -0.154678
v -2.157957 3.683846 -0.170023
v -2.157957 3.683846 -0.170023
v -2.069130 3.600840 -0.219421
v -2.069130 3.600840 -0.219421
v -2.143113 3.600640 -0.235770
v -2.143113 3.600640 -0.235770
v -1.719995 3.552758 0.173048
v -1.888010 3.573388 0.224712
v -1.888010 3.573388 0.224712
v -1.884043 3.399606 0.187892
v -1.884043 3.399606 0.187892
v -1.973437 3.497118 0.192317
v -1.973437 3.497118 0.192317
v -1.789808 3.438817 0.184815
v -1.789808 3.438817 0.184815
v -1.791957 3.602389 0.199877
v -1.947502 3.612981 0.188475
v -1.947502 3.612981 0.188475
v -1.945351 3.463494 0.173413
v -1.945351 3.463494 0.173413
v -1.848059 3.417293 0.272474
v -1.848059 3.417293 0.272474
v -1.848059 3.417293 0.272474
v -1.848059 3.417293 0.272474
v -1.920022 3.490071 0.282415
v -1.920022 3.490071 0.282415
v -1.915047 3.359342 0.229608
v -1.915047 3.359342 0.229608
v -1.987011 3.432119 0.239549
v -1.987011 3.432119 0.239549
v -1.845333 3.390480 0.223908
v -1.845333 3.390480 0.223908
v -1.848724 3.499854 0.258535
v -1.848724 3.499854 0.258535
v -1.959960 3.511005 0.234673
v -1.959960 3.511005 0.234673
v -1.956569 3.405489 0.200046
v -1.956569 3.405489 0.200046
v -1.956569 3.405489 0.200046
v -1.956569 3.405489 0.200046
v -1.897266 3.386036 0.313192
v -1.897266 3.386036 0.313192
v -1.939200 3.426840 0.320742
v -1.939200 3.426840 0.320742
v -1.935942 3.352886 0.285309
v -1.935942 3.352886 0.285309
v -1.977876 3.393691 0.292859
v -1.977876 3.393691 0.292859
v -1.977876 3.393691 0.292859
v -1.972468 3.366955 0.253202
v -1.883365 3.357778 0.275250
v -1.883365 3.357778 0.275250
v -1.886837 3.440565 0.312751
v -1.975940 3.448970 0.290702
v -1.975940 3.448970 0.290702
v -1.673654 3.673579 0.116353
v -1.673654 3.673579 0.116353
v -1.672494 3.463731 0.116052
v -1.672494 3.463731 0.116052
v -1.674662 3.673861 -0.138828
v -1.674662 3.673861 -0.138828
v -1.673539 3.466460 -0.138828
v -1.673539 3.466460 -0.138828
v -0.248776 3.576555 0.000001
v -0.757776 3.373815 0.000000
v -0.360740 3.576041 0.222094
v -0.759617 3.774646 0.000000
v -0.361760 3.798133 0.000001
v -1.150065 3.749269 -0.000105
v -1.441794 3.742792 -0.002859
v -1.149252 3.572512 -0.177227
v -1.149251 3.572512 0.177018
v -1.148438 3.395754 -0.000105
v -0.758696 3.574231 0.200418
v -1.440602 3.572366 -0.182250
v -1.440602 3.572366 0.176655
v -1.440145 3.401882 -0.002859
v -2.004064 3.702520 -0.144343
v -2.004064 3.702520 -0.144343
v -1.691754 3.717642 -0.013560
v -1.691754 3.717642 -0.013560
v -1.668796 3.568048 0.158017
v -1.668796 3.568048 0.158017
v -1.690127 3.421560 -0.013601
v -1.690127 3.421560 -0.013601
v -2.056228 3.600816 0.175741
v -2.056228 3.600816 0.175741
v -2.135805 3.517533 0.120999
v -2.002823 3.488439 -0.018233
v -2.002930 3.492185 0.107981
v -2.002930 3.492185 0.107981
v -2.004741 3.702583 0.108062
v -2.004741 3.702583 0.108062
v -2.061699 3.516605 0.112302
v -2.061699 3.516605 0.112302
v -2.002784 3.597577 -0.206123
v -2.007487 3.596119 0.170162
v -2.007487 3.596119 0.170162
v -2.007487 3.596119 0.170162
v -2.002262 3.492654 -0.144338
v -2.004699 3.706758 -0.018233
v -2.004699 3.706758 -0.018233
v -1.852290 3.722451 -0.018079
v -1.849659 3.446012 -0.138582
v -1.849659 3.446012 -0.138582
v -1.826172 3.442714 0.245696
v -1.826172 3.442714 0.245696
v -1.849220 3.581259 -0.202624
v -1.852108 3.718471 0.103817
v -1.850319 3.440348 0.103041
v -1.850319 3.440348 0.103041
v -1.850535 3.440261 -0.018080
v -1.851341 3.716573 -0.138582
v -2.265703 3.600455 -0.018229
v -2.228168 3.600545 -0.082790
v -2.228872 3.680248 -0.018229
v -2.228169 3.600545 0.046332
v -2.227465 3.520841 -0.018229
v -2.232928 3.600454 -0.186093
v -2.182695 3.600544 -0.241353
v -2.196914 3.680248 -0.178373
v -2.209758 3.600544 -0.115099
v -2.195539 3.520840 -0.178079
v -2.253609 3.600455 0.142996
v -2.228703 3.600545 0.072592
v -2.217417 3.680248 0.136163
v -2.217417 3.680248 0.136163
v -2.204748 3.600545 0.199472
v -2.204748 3.600545 0.199472
v -2.216034 3.520840 0.135901
v -2.124289 3.600739 0.187224
v -2.124289 3.600739 0.187224
v -2.124289 3.600739 0.187224
v -2.063358 3.685052 0.112438
v -2.063358 3.685052 0.112438
v -2.137258 3.683945 0.121266
v -2.137258 3.683945 0.121266
v -2.070452 3.600917 0.049137
v -2.070452 3.600917 0.049137
v -2.148775 3.600740 0.055041
v -2.148775 3.600740 0.055041
v -2.066390 3.516305 -0.018233
v -2.066390 3.516305 -0.018233
v -2.145650 3.517534 -0.018229
v -2.068942 3.600916 0.046105
v -2.146389 3.600740 0.049009
v -2.146389 3.600740 0.049009
v -2.146389 3.600740 0.049009
v -2.068070 3.685374 -0.018233
v -2.068070 3.685374 -0.018233
v -2.147127 3.683946 -0.018229
v -2.068633 3.600916 -0.082615
v -2.068633 3.600916 -0.082615
v -2.146389 3.600741 -0.085466
v -2.146389 3.600741 -0.085466
v -2.146389 3.600741 -0.085466
v -2.146389 3.600741 -0.085466
v -2.051779 3.516605 -0.150162
v -2.051779 3.516605 -0.150162
v -2.116114 3.517534 -0.161188
v -2.116114 3.517534 -0.161188
v -2.116114 3.517534 -0.161188
v -2.061377 3.600916 -0.087164
v -2.061377 3.600916 -0.087164
v -2.130669 3.600740 -0.095567
v -2.130669 3.600740 -0.095567
v -2.053436 3.685051 -0.150316
v -2.053436 3.685051 -0.150316
v -2.117560 3.683946 -0.161490
v -2.117560 3.683946 -0.161490
v -2.045460 3.600818 -0.213453
v -2.103005 3.600741 -0.227111
v -2.103005 3.600741 -0.227111
v -1.762932 3.517215 0.195980
v -1.870358 3.635434 0.196528
v -1.870358 3.635434 0.196528
v -1.867408 3.422803 0.175671
v -1.867408 3.422803 0.175671
v -1.974303 3.541190 0.179735
v -1.974303 3.541190 0.179735
v -1.974303 3.541190 0.179735
v -1.974303 3.541190 0.179735
v -1.927390 3.346760 0.257514
v -1.979121 3.460700 0.212886
v -1.979121 3.460700 0.212886
v -1.904978 3.525576 0.253097
v -1.904978 3.525576 0.253097
v -1.904978 3.525576 0.253097
v -1.904978 3.525576 0.253097
v -1.900315 3.377839 0.205485
v -1.900315 3.377839 0.205485
v -1.940210 3.385306 0.309935
v -1.940210 3.385306 0.309935
v -1.868569 3.397320 0.298453
v -1.868569 3.397320 0.298453
v -1.868569 3.397320 0.298453
v -1.990984 3.409385 0.268148
v -1.932164 3.459945 0.309088
v -1.932164 3.459945 0.309088
v -0.359719 3.353950 0.000001
v -0.360740 3.576041 -0.222093
v -0.758696 3.574231 -0.200417
v -1.671622 3.570357 -0.179989
v -1.671622 3.570357 -0.179989
v -2.167877 3.661203 -0.067187
v -2.166806 3.540177 -0.067187
v -2.166806 3.540177 -0.067187
v -2.166806 3.540177 -0.067187
v -2.166806 3.540177 -0.067187
v -2.167877 3.661203 0.030730
v -2.166806 3.540177 0.030729
v -2.166806 3.540177 0.030729
v -2.166806 3.540177 0.030729
v -2.166605 3.517484 -0.018229
v -2.166605 3.517484 -0.018229
v -2.167342 3.600690 0.049088
v -2.168078 3.683896 -0.018229
v -2.167342 3.600691 -0.085547
v -2.167342 3.600691 -0.085547
v -2.167342 3.600691 -0.085547
v -2.166563 3.661203 0.076865
v -2.165510 3.540176 0.076669
v -2.148565 3.661202 0.173098
v -2.148565 3.661202 0.173098
v -2.148565 3.661202 0.173098
v -2.147513 3.540177 0.172902
v -2.147513 3.540177 0.172902
v -2.156314 3.517484 0.124749
v -2.144664 3.600690 0.191043
v -2.144664 3.600690 0.191043
v -2.144664 3.600690 0.191043
v -2.157762 3.683895 0.125018
v -2.169411 3.600690 0.058724
v -2.169411 3.600690 0.058724
v -2.206324 3.659810 0.085254
v -2.188526 3.659811 0.179522
v -2.187499 3.541374 0.179328
v -2.205296 3.541375 0.085060
v -2.209376 3.600592 0.067499
v -2.197841 3.682047 0.132467
v -2.184894 3.600593 0.197167
v -2.196429 3.519137 0.132200
v -2.125821 3.661302 0.070665
v -2.124743 3.540276 0.070486
v -2.109339 3.661303 0.166109
v -2.109339 3.661303 0.166109
v -2.109339 3.661303 0.166109
v -2.108260 3.540277 0.165929
v -2.108260 3.540277 0.165929
v -2.108260 3.540277 0.165929
v -2.116299 3.517584 0.118174
v -2.105709 3.600789 0.183915
v -2.117782 3.683995 0.118421
v -2.128373 3.600790 0.052681
v -2.126510 3.661304 -0.066722
v -2.125414 3.540277 -0.066721
v -2.125414 3.540277 -0.066721
v -2.125414 3.540277 -0.066721
v -2.125414 3.540277 -0.066721
v -2.126509 3.661303 0.030264
v -2.125414 3.540277 0.030264
v -2.125414 3.540277 0.030264
v -2.125414 3.540277 0.030264
v -2.125208 3.517584 -0.018229
v -2.125961 3.600790 0.048449
v -2.126715 3.683996 -0.018228
v -2.125961 3.600790 -0.084907
v -2.085979 3.539469 -0.066249
v -2.087159 3.662253 -0.066249
v -2.087248 3.662253 0.029777
v -2.087248 3.662253 0.029777
v -2.087248 3.662253 0.029777
v -2.086068 3.539469 0.029777
v -2.086068 3.539469 0.029777
v -2.086068 3.539469 0.029777
v -2.085578 3.516970 -0.018231
v -2.087238 3.600878 0.046997
v -2.087186 3.684710 -0.018231
v -2.087083 3.600879 -0.083480
v -2.090096 3.661304 -0.205552
v -2.090096 3.661304 -0.205552
v -2.089022 3.540278 -0.205349
v -2.108716 3.661303 -0.110540
v -2.107642 3.540277 -0.110337
v -2.098131 3.517585 -0.157805
v -2.111671 3.600790 -0.092624
v -2.099607 3.683996 -0.158084
v -2.086067 3.600790 -0.223265
v -2.127395 3.661204 -0.213596
v -2.126348 3.540176 -0.213374
v -2.147728 3.661202 -0.117834
v -2.146680 3.540176 -0.117612
v -2.136318 3.517484 -0.165452
v -2.151017 3.600689 -0.099768
v -2.137758 3.683896 -0.165756
v -2.123059 3.600690 -0.231440
v -2.166968 3.659810 -0.221010
v -2.187075 3.659810 -0.127208
v -2.187075 3.659810 -0.127208
v -2.187075 3.659810 -0.127208
v -2.186053 3.541375 -0.126989
v -2.186053 3.541375 -0.126989
v -2.165946 3.541374 -0.220792
v -2.162904 3.600592 -0.238562
v -2.177436 3.682046 -0.174198
v -2.190562 3.600592 -0.109534
v -2.190562 3.600592 -0.109534
v -2.176030 3.519137 -0.173897
v -2.052308 3.530733 0.056109
v -2.053719 3.670633 0.056166
v -2.053719 3.670633 0.056166
v -2.053719 3.670633 0.056166
v -2.053719 3.670633 0.056166
v -2.045132 3.663261 0.157188
v -2.043894 3.537609 0.157121
v -2.043894 3.537609 0.157121
v -2.043376 3.600434 0.173995
v -2.046800 3.512921 0.110902
v -2.048530 3.688004 0.110992
v -2.060881 3.600913 0.048179
v -2.051444 3.530733 -0.074919
v -2.052860 3.670632 -0.074930
v -2.053800 3.670634 0.038322
v -2.052384 3.530733 0.038312
v -2.052384 3.530733 0.038312
v -2.052384 3.530733 0.038312
v -2.049959 3.511792 -0.018241
v -2.060125 3.600913 0.046664
v -2.051725 3.689189 -0.018240
v -2.058591 3.600913 -0.083380
v -2.036865 3.537610 -0.194433
v -2.038102 3.663261 -0.194508
v -2.038102 3.663261 -0.194508
v -2.038102 3.663261 -0.194508
v -2.038102 3.663261 -0.194508
v -2.048256 3.670633 -0.093520
v -2.048256 3.670633 -0.093520
v -2.046846 3.530733 -0.093455
v -2.040255 3.512921 -0.148277
v -2.040255 3.512921 -0.148277
v -2.054963 3.600913 -0.085655
v -2.041982 3.688005 -0.148379
v -2.041982 3.688005 -0.148379
v -2.036200 3.600435 -0.211281
v -2.018887 3.667742 0.155097
v -2.018887 3.667742 0.155097
v -2.018887 3.667742 0.155097
v -2.018887 3.667742 0.155097
v -2.017603 3.528815 0.154929
v -2.017603 3.528815 0.154929
v -2.020268 3.506010 0.046538
v -2.020268 3.506010 0.046538
v -2.019325 3.506010 -0.083144
v -2.019325 3.506010 -0.083144
v -2.019325 3.506010 -0.083144
v -2.021051 3.692095 -0.083155
v -2.021051 3.692095 -0.083155
v -2.021994 3.692095 0.046548
v -2.015856 3.667747 -0.191316
v -2.015856 3.667747 -0.191316
v -2.015856 3.667747 -0.191316
v -2.015856 3.667747 -0.191316
v -2.014590 3.529882 -0.191295
v -2.017297 3.696739 -0.145393
v -2.017297 3.696739 -0.145393
v -2.017297 3.696739 -0.145393
v -2.017297 3.696739 -0.145393
v -2.018176 3.497859 -0.018240
v -2.017416 3.500711 0.108743
v -2.017416 3.500711 0.108743
v -2.017416 3.500711 0.108743
v -2.019222 3.696770 0.108805
v -2.014862 3.598815 -0.207616
v -2.019006 3.598086 0.171206
v -2.019006 3.598086 0.171206
v -2.019006 3.598086 0.171206
v -2.015496 3.500946 -0.145365
v -2.020039 3.699882 -0.018240
v -1.983353 3.672335 0.158052
v -1.981915 3.504306 0.156099
v -1.981915 3.504306 0.156099
v -1.975193 3.477150 0.045870
v -1.975102 3.477150 -0.082341
v -1.975102 3.477150 -0.082341
v -1.975102 3.477150 -0.082341
v -1.975102 3.477150 -0.082341
v -1.976933 3.711971 -0.082343
v -1.977025 3.711971 0.045871
v -1.977025 3.711971 0.045871
v -1.977025 3.711971 0.045871
v -1.977025 3.711971 0.045871
v -1.976226 3.673280 -0.189210
v -1.976226 3.673280 -0.189210
v -1.974997 3.515795 -0.189208
v -1.976642 3.707560 -0.143777
v -1.975141 3.476788 -0.018231
v -1.975141 3.476788 -0.018231
v -1.975852 3.479779 0.107686
v -1.977648 3.707943 0.107955
v -1.975571 3.594538 -0.205248
v -1.996639 3.587647 0.171133
v -1.996639 3.587647 0.171133
v -1.974879 3.481527 -0.143774
v -1.976978 3.712311 -0.018231
v -1.767203 3.443536 0.167503
v -1.767203 3.443536 0.167503
v -1.769053 3.635838 0.176835
v -1.954083 3.643422 0.175067
v -1.952215 3.474952 0.165736
v -1.952215 3.474952 0.165736
v -1.741463 3.534986 0.184514
v -1.863407 3.663770 0.177838
v -1.860890 3.430524 0.164138
v -1.860890 3.430524 0.164138
v -1.980047 3.560182 0.175919
v -1.980047 3.560182 0.175919
v -1.805411 3.426281 0.193949
v -1.805411 3.426281 0.193949
v -1.807927 3.573096 0.214869
v -1.949271 3.584281 0.198997
v -1.946753 3.448177 0.178078
v -1.946753 3.448177 0.178078
v -1.780774 3.496545 0.208134
v -1.879184 3.604412 0.210620
v -1.879184 3.604412 0.210620
v -1.875726 3.411205 0.181781
v -1.875726 3.411205 0.181781
v -1.973870 3.519155 0.186026
v -1.973870 3.519155 0.186026
v -1.833173 3.402113 0.213496
v -1.833173 3.402113 0.213496
v -1.836311 3.521827 0.244198
v -1.836311 3.521827 0.244198
v -1.955500 3.533292 0.222096
v -1.955500 3.533292 0.222096
v -1.952362 3.419175 0.191394
v -1.952362 3.419175 0.191394
v -1.812394 3.459295 0.232992
v -1.812394 3.459295 0.232992
v -1.976279 3.478909 0.202601
v -1.976279 3.478909 0.202601
v -1.896493 3.549482 0.238904
v -1.896493 3.549482 0.238904
v -1.896493 3.549482 0.238904
v -1.896493 3.549482 0.238904
v -1.892179 3.388722 0.196688
v -1.855266 3.380897 0.236345
v -1.855266 3.380897 0.236345
v -1.858770 3.483585 0.272862
v -1.858770 3.483585 0.272862
v -1.964916 3.494088 0.248957
v -1.964916 3.494088 0.248957
v -1.961411 3.394257 0.212441
v -1.961411 3.394257 0.212441
v -1.837115 3.430003 0.259085
v -1.837115 3.430003 0.259085
v -1.983066 3.446409 0.226217
v -1.983066 3.446409 0.226217
v -1.912500 3.507823 0.267756
v -1.912500 3.507823 0.267756
v -1.907681 3.368590 0.217546
v -1.907681 3.368590 0.217546
v -1.629406 3.677556 0.115899
v -1.628263 3.462753 0.115749
v -1.629910 3.677698 -0.133773
v -1.628786 3.464118 -0.133773
v -1.639480 3.720149 -0.010251
v -1.626145 3.569893 0.159713
v -1.637892 3.420961 -0.010271
v -1.627558 3.571049 -0.177152
v -1.651530 3.675567 0.116126
v -1.650379 3.463242 0.115901
v -1.652286 3.675780 -0.136300
v -1.651163 3.465289 -0.136300
v -1.665617 3.718895 -0.011905
v -1.647470 3.568971 0.158866
v -1.664009 3.421260 -0.011936
v -1.649590 3.570703 -0.178571
v -1.607282 3.679545 0.115673
v -1.606148 3.462264 0.115598
v -1.607534 3.679616 -0.131246
v -1.606410 3.462946 -0.131245
v -1.613343 3.721402 -0.008596
v -1.604819 3.570818 0.160562
v -1.611774 3.420662 -0.008606
v -1.605526 3.571396 -0.175734
v -1.069809 3.700728 0.127961
v -1.069809 3.700727 -0.128065
v -1.068633 3.444968 -0.128066
v -1.068634 3.444968 0.127961
v -1.070030 3.748683 -0.000052
v -1.069221 3.572848 -0.176071
v -1.069221 3.572848 0.175966
v -1.068413 3.397013 -0.000053
v -1.109826 3.700895 0.128336
v -1.108646 3.444464 0.128336
v -1.110047 3.748976 -0.000078
v -1.109236 3.572680 -0.176649
v -1.109236 3.572680 0.176492
v -1.108425 3.396384 -0.000078
v -1.109826 3.700895 -0.128493
v -1.108646 3.444465 -0.128493
v -1.029793 3.700561 -0.127637
v -1.028620 3.445472 -0.127637
v -1.029793 3.700560 0.127585
v -1.028620 3.445472 0.127586
v -1.030012 3.748389 -0.000026
v -1.029206 3.573016 -0.175492
v -1.029206 3.573015 0.175440
v -1.028400 3.397642 -0.000026
v -0.442088 3.411895 -0.163774
v -0.442088 3.411895 -0.163774
v -0.443593 3.739440 0.163775
v -0.443593 3.739440 0.163775
v -0.443593 3.739440 -0.163774
v -0.443593 3.739440 -0.163774
v -0.442088 3.411895 0.163775
v -0.442088 3.411895 0.163775
v -0.442207 3.575670 0.225129
v -0.443242 3.800796 0.000001
v -0.441173 3.350544 0.000000
v -0.442207 3.575670 -0.225128
v -0.324633 3.433479 -0.142726
v -0.324633 3.433479 -0.142726
v -0.325944 3.718930 0.142727
v -0.325944 3.718930 0.142727
v -0.325944 3.718929 -0.142726
v -0.325944 3.718929 -0.142726
v -0.324633 3.433479 0.142727
v -0.324633 3.433479 0.142727
v -0.318234 3.576236 0.185857
v -0.319088 3.762091 0.000001
v -0.317381 3.390382 0.000001
v -0.318234 3.576237 -0.185856
v -0.401676 3.413160 -0.162693
v -0.401676 3.413160 -0.162693
v -0.403171 3.738543 0.162694
v -0.403171 3.738543 0.162694
v -0.401474 3.575856 0.223612
v -0.402501 3.799464 0.000000
v -0.400446 3.352247 0.000001
v -0.401473 3.575855 -0.223611
v -0.403170 3.738543 -0.162693
v -0.403170 3.738543 -0.162693
v -0.401676 3.413160 0.162694
v -0.401676 3.413160 0.162694
v -0.484015 3.740337 -0.164855
v -0.484015 3.740337 -0.164855
v -0.482500 3.410630 0.164856
v -0.482500 3.410630 0.164856
v -0.482500 3.410629 -0.164855
v -0.482500 3.410629 -0.164855
v -0.484015 3.740336 0.164856
v -0.484015 3.740336 0.164856
v -0.482941 3.575484 0.226646
v -0.483982 3.802127 0.000000
v -0.481900 3.348840 0.000000
v -0.482941 3.575485 -0.226645
v -0.640470 3.418919 0.155848
v -0.640470 3.418919 0.155848
v -0.641901 3.730611 -0.155847
v -0.641901 3.730611 -0.155847
v -0.640470 3.418919 -0.155847
v -0.640470 3.418919 -0.155847
v -0.641902 3.730610 0.155848
v -0.641902 3.730610 0.155848
v -0.640201 3.360476 0.000000
v -0.642170 3.789052 0.000000
v -0.641186 3.574765 0.214290
v -0.641186 3.574765 -0.214290
v -0.583169 3.735922 -0.160892
v -0.583169 3.735922 -0.160892
v -0.581691 3.414141 -0.160892
v -0.581691 3.414141 -0.160892
v -0.583169 3.735922 0.160892
v -0.583169 3.735922 0.160892
v -0.581691 3.414142 0.160892
v -0.581691 3.414142 0.160892
v -0.581414 3.353807 0.000000
v -0.583447 3.796256 0.000000
v -0.582430 3.575033 0.221227
v -0.582430 3.575032 -0.221226
vn -0.7955 -0.4267 0.4303
vn -0.8450 0.0039 0.5348
vn -1.0000 0.0046 -0.0000
vn -0.8475 -0.5309 -0.0000
vn -0.7915 0.4339 0.4303
vn -0.8425 0.5386 -0.0000
vn -0.7915 0.4339 -0.4303
vn -0.8450 0.0039 -0.5348
vn -0.7955 -0.4266 -0.4303
vn 0.0465 -0.6728 -0.7383
vn 0.0909 -0.9959 -0.0001
vn 0.1091 -0.9940 0.0010
vn 0.1125 -0.7029 -0.7023
vn 0.0944 -0.7045 0.7034
vn 0.1137 -0.7020 0.7031
vn 0.1127 -0.9936 -0.0000
vn 0.1174 -0.7025 0.7019
vn 0.0376 -0.7177 0.6954
vn 0.0501 -0.9987 -0.0000
vn 0.1173 -0.7025 -0.7019
vn 0.0529 -0.7063 -0.7060
vn -0.0413 -0.7064 0.7066
vn -0.0372 0.0001 0.9993
vn -0.3233 0.0015 0.9463
vn -0.3307 -0.6665 0.6681
vn -0.0348 0.7067 0.7066
vn -0.3246 0.6695 0.6681
vn -0.6136 0.0028 0.7896
vn -0.6291 0.5511 0.5482
vn -0.6353 -0.5461 0.5460
vn 0.0527 0.6724 0.7383
vn 0.0998 0.9950 0.0003
vn 0.1182 0.9930 -0.0010
vn 0.1189 0.7019 0.7023
vn 0.1006 0.7037 -0.7034
vn 0.1200 0.7009 -0.7031
vn 0.1218 0.9926 -0.0000
vn 0.1237 0.7014 -0.7019
vn 0.0441 0.7173 -0.6954
vn 0.0592 0.9982 -0.0000
vn 0.1237 0.7014 0.7019
vn 0.0593 0.7057 0.7060
vn -0.0348 0.7068 -0.7066
vn -0.3246 0.6696 -0.6681
vn -0.3190 0.9478 -0.0000
vn -0.0326 0.9995 -0.0000
vn -0.6291 0.5511 -0.5482
vn -0.8425 0.5387 -0.0000
vn -0.6100 0.7924 -0.0000
vn -0.6291 0.5511 0.5481
vn -0.3246 0.6696 0.6681
vn -0.0348 0.7068 0.7066
vn -0.0105 0.7075 -0.7067
vn -0.0074 1.0000 -0.0001
vn -0.0298 0.9995 -0.0119
vn -0.0527 0.7085 -0.7037
vn -0.0096 0.7075 0.7067
vn -0.0346 0.6991 0.7142
vn 0.0086 0.7160 0.6981
vn 0.0070 1.0000 0.0008
vn 0.0009 0.7137 -0.7004
vn 0.1028 0.9947 0.0025
vn 0.0770 0.7192 -0.6906
vn 0.1020 0.7165 0.6900
vn 0.0926 0.7115 0.6966
vn 0.1208 0.9927 0.0062
vn 0.0840 0.7334 -0.6746
vn -0.0165 -0.7073 -0.7067
vn -0.0144 0.0001 -0.9999
vn -0.0432 0.0162 -0.9989
vn -0.0278 -0.7084 -0.7053
vn -0.0133 -0.0002 -0.9999
vn -0.0096 -0.7133 -0.7007
vn -0.0131 -0.0000 0.9999
vn -0.0372 -0.0138 0.9992
vn -0.0155 -0.7074 0.7067
vn -0.0375 -0.6999 0.7133
vn 0.0067 -0.7163 0.6977
vn 0.0051 -0.0003 1.0000
vn -0.0158 -0.9999 0.0001
vn -0.0356 -0.9993 0.0115
vn 0.0052 -1.0000 0.0008
vn 0.1189 0.7018 0.7024
vn 0.1128 -0.0005 0.9936
vn 0.0480 -0.0462 0.9978
vn 0.1237 0.7014 0.7020
vn 0.0546 -0.0003 0.9985
vn 0.1172 -0.0005 0.9931
vn 0.0376 -0.7176 0.6954
vn 0.1137 -0.7019 0.7031
vn 0.0503 -0.0008 -0.9987
vn 0.0713 -0.7182 -0.6922
vn -0.0586 0.0019 -0.9983
vn -0.0230 -0.7341 -0.6787
vn 0.0882 0.0022 0.9961
vn 0.0977 -0.7161 0.6911
vn 0.0744 -0.6999 0.7104
vn 0.0386 0.0043 0.9992
vn 0.0981 -0.9952 -0.0001
vn 0.0273 -0.9996 0.0032
vn 0.0332 0.5332 -0.8453
vn 0.1506 0.9243 -0.3507
vn 0.2664 0.9214 -0.2828
vn 0.0423 0.5712 -0.8197
vn 0.1979 0.9795 -0.0376
vn 0.3440 0.9383 -0.0350
vn 0.4169 0.8705 -0.2616
vn 0.5510 0.8338 -0.0347
vn 0.6014 0.7961 -0.0671
vn 0.3747 0.9064 -0.1952
vn 0.0774 0.5755 -0.8141
vn 0.3746 0.9064 -0.1952
vn 0.0013 0.6008 -0.7994
vn 0.0610 0.7216 0.6896
vn -0.1378 0.7955 0.5901
vn -0.1968 0.9804 0.0050
vn 0.0562 0.9984 -0.0018
vn -0.2305 0.6457 0.7279
vn -0.1828 0.9350 0.3038
vn -0.1969 0.9804 0.0050
vn -0.0324 0.9984 0.0469
vn -0.0414 0.9991 -0.0015
vn -0.0357 0.9977 -0.0583
vn -0.1670 0.9391 -0.3003
vn -0.2401 0.5869 -0.7733
vn -0.1351 0.6614 -0.7377
vn -0.0165 0.7237 -0.6899
vn -0.1350 0.6614 -0.7378
vn 0.0201 -0.7298 0.6834
vn -0.1828 -0.8038 0.5662
vn -0.3079 0.0171 0.9513
vn 0.0265 -0.0030 0.9996
vn -0.4306 -0.7159 0.5497
vn -0.4736 0.0011 0.8807
vn -0.0415 -0.7217 -0.6910
vn -0.1688 -0.7506 -0.6388
vn -0.1592 -0.9865 -0.0389
vn 0.0133 -0.9999 -0.0103
vn -0.1492 -0.6056 -0.7817
vn -0.0588 -0.9515 -0.3019
vn -0.1593 -0.9865 -0.0389
vn 0.1248 -0.9904 -0.0593
vn 0.1125 -0.9936 -0.0082
vn 0.1354 -0.9906 0.0175
vn -0.0758 -0.9854 0.1524
vn 0.0247 -0.6182 0.7856
vn -0.0357 -0.6080 0.7931
vn -0.1127 0.0014 0.9936
vn -0.1012 0.0002 0.9949
vn -0.1080 -0.6449 0.7566
vn -0.1602 0.0005 0.9871
vn -0.1032 0.6475 0.7550
vn -0.0431 0.6434 0.7643
vn -0.0105 0.6202 0.7844
vn 0.0914 -0.6530 -0.7518
vn 0.1118 -0.6517 -0.7501
vn -0.0050 -1.0000 -0.0060
vn -0.0076 -1.0000 -0.0013
vn 0.1319 -0.6561 -0.7431
vn 0.1747 -0.6574 -0.7330
vn 0.0397 -0.9992 0.0067
vn -0.0028 -1.0000 -0.0006
vn -0.0998 -0.6576 0.7467
vn -0.1396 -0.6561 0.7417
vn -0.1335 -0.6564 0.7425
vn -0.1272 -0.6534 0.7462
vn 0.3993 -0.9166 0.0192
vn 0.3930 -0.9195 -0.0003
vn 0.4949 -0.8689 -0.0011
vn 0.4955 -0.8683 0.0229
vn 0.3899 -0.9202 -0.0355
vn 0.4954 -0.8680 -0.0331
vn 0.6300 -0.7766 -0.0035
vn 0.6392 -0.7683 -0.0343
vn 0.6567 -0.7510 -0.0688
vn 0.5415 -0.8407 -0.0057
vn 0.6249 -0.7804 0.0220
vn 0.6072 -0.7944 0.0160
vn 0.4115 -0.5525 0.7249
vn 0.4533 -0.8739 0.1756
vn 0.5193 -0.8287 0.2085
vn 0.3149 -0.5212 0.7932
vn 0.5360 -0.8131 0.2269
vn 0.4242 -0.8876 0.1796
vn 0.2282 -0.5587 0.7973
vn 0.0930 -0.5740 0.8136
vn 0.2012 0.9790 0.0327
vn 0.1826 0.9288 0.3224
vn 0.2980 0.9156 0.2698
vn 0.3411 0.9396 0.0299
vn 0.1369 0.5314 0.8360
vn 0.1281 0.5856 0.8004
vn 0.4061 0.8777 0.2545
vn 0.1019 0.5717 0.8141
vn 0.0413 0.5975 0.8008
vn 0.3353 0.9228 0.1896
vn 0.5349 0.8445 0.0246
vn 0.5694 0.8219 0.0149
vn 0.4953 -0.5799 -0.6468
vn 0.3065 -0.5361 -0.7865
vn 0.1106 -0.9926 0.0510
vn 0.3035 -0.9444 0.1265
vn 0.3064 -0.5362 -0.7865
vn 0.0760 -0.6457 -0.7598
vn 0.0038 -1.0000 -0.0039
vn 0.1105 -0.9926 0.0510
vn 0.1487 -0.5209 -0.8406
vn -0.0100 0.0002 -0.9999
vn -0.0285 0.0005 -0.9996
vn 0.1620 -0.5571 -0.8145
vn 0.0333 0.5332 -0.8453
vn -0.0726 0.0010 -0.9974
vn 0.0013 0.6007 -0.7995
vn -0.1193 0.0011 -0.9929
vn 0.1823 -0.5544 -0.8120
vn 0.0580 -0.5840 -0.8097
vn 0.1725 -0.0092 0.9850
vn 0.0931 -0.0040 0.9956
vn 0.1726 -0.0092 0.9850
vn 0.0932 -0.0041 0.9956
vn -0.0260 -0.0006 0.9997
vn 0.2282 -0.5587 0.7974
vn 0.0930 -0.5739 0.8136
vn -0.0636 0.0002 0.9980
vn -0.0260 -0.0005 0.9997
vn -0.0636 0.0003 0.9980
vn 0.3386 -0.8781 -0.3379
vn 0.4407 -0.8553 -0.2725
vn 0.5344 -0.8062 -0.2539
vn 0.4578 -0.8674 -0.1952
vn 0.6392 -0.7683 -0.0342
vn 0.6567 -0.7510 -0.0687
vn 0.2022 0.9793 -0.0001
vn 0.3461 0.9382 -0.0008
vn 0.3410 0.9396 0.0299
vn 0.5432 0.8396 -0.0028
vn 0.4776 0.8785 -0.0052
vn -0.0413 0.9991 -0.0015
vn 0.0308 0.9995 -0.0000
vn 0.0229 0.9985 -0.0504
vn -0.0323 0.9984 0.0469
vn 0.0250 0.9990 0.0384
vn 0.0831 0.9960 0.0341
vn 0.0834 0.9965 -0.0000
vn 0.0798 0.9958 -0.0442
vn 0.1327 -0.9047 -0.4048
vn 0.2165 -0.9750 -0.0503
vn -0.1492 -0.6057 -0.7816
vn 0.0173 -0.5230 -0.8522
vn 0.1328 -0.9047 -0.4048
vn 0.1197 -0.5343 -0.8368
vn 0.2323 -0.9017 -0.3648
vn 0.2165 -0.9750 -0.0502
vn 0.2804 -0.9589 -0.0427
vn -0.4060 0.3062 0.8611
vn -0.7726 -0.1666 0.6126
vn -0.8163 -0.1733 0.5510
vn -0.4551 0.3364 0.8244
vn -0.6817 -0.7251 -0.0973
vn -0.6860 -0.7186 -0.1137
vn -0.8375 -0.1730 0.5183
vn -0.6730 -0.7369 -0.0636
vn -0.6647 -0.7465 -0.0281
vn -0.8431 -0.1954 0.5009
vn -0.4883 0.3751 0.7880
vn -0.8375 -0.1730 0.5184
vn -0.8431 -0.1954 0.5010
vn -0.4978 0.3761 0.7815
vn -0.2060 -0.0058 -0.9785
vn -0.0638 0.0005 -0.9980
vn 0.0173 -0.5229 -0.8522
vn -0.0825 0.5070 -0.8580
vn -0.0126 0.5137 -0.8579
vn -0.0135 0.0002 -0.9999
vn 0.1196 -0.5342 -0.8369
vn -0.0274 0.9448 0.3265
vn -0.1069 0.6962 0.7099
vn 0.1465 0.6228 0.7685
vn 0.1540 0.9389 0.3077
vn -0.4306 -0.7159 0.5496
vn -0.0757 -0.9854 0.1524
vn 0.1875 -0.9783 0.0884
vn 0.0263 -0.9814 -0.1899
vn 0.1355 -0.9906 0.0175
vn 0.2222 -0.9749 0.0106
vn 0.1875 -0.9783 0.0883
vn 0.2881 -0.9575 0.0099
vn 0.3338 -0.9393 0.0794
vn 0.0264 -0.9815 -0.1899
vn 0.6655 -0.7231 0.1851
vn 0.1126 -0.9936 -0.0082
vn 0.2252 -0.9743 -0.0000
vn 0.2838 -0.9589 -0.0000
vn 0.2882 -0.9575 0.0099
vn -0.0406 0.9156 -0.4001
vn 0.0229 0.9985 -0.0505
vn 0.1168 0.9275 -0.3551
vn 0.7677 -0.4113 -0.4913
vn 0.8174 -0.0066 -0.5761
vn 1.0000 -0.0085 -0.0000
vn 0.8434 -0.5373 -0.0000
vn 0.7729 0.4003 -0.4922
vn 0.8504 0.5261 -0.0000
vn 0.7729 0.4003 0.4923
vn 0.8167 -0.0067 0.5770
vn 0.7677 -0.4113 0.4913
vn 0.0545 0.6562 -0.7526
vn 0.3347 0.6307 -0.7002
vn 0.2688 -0.0023 -0.9632
vn 0.0344 0.0117 -0.9993
vn 0.3330 -0.6183 -0.7119
vn 0.0383 -0.6469 -0.7616
vn 0.0546 0.6561 0.7527
vn 0.3379 0.6299 0.6993
vn 0.3531 0.9356 -0.0000
vn 0.0462 0.9988 0.0143
vn 0.0514 -0.6566 0.7525
vn 0.3298 -0.6336 0.6999
vn 0.2688 -0.0023 0.9632
vn 0.0342 -0.0123 0.9993
vn 0.3457 -0.9383 -0.0000
vn 0.0415 -0.9990 -0.0144
vn 0.6477 -0.4113 -0.6413
vn 0.6784 -0.0067 -0.7347
vn 0.9777 -0.0091 -0.2096
vn 0.8247 -0.5373 -0.1768
vn 0.6526 0.4003 -0.6434
vn 0.8316 0.5261 -0.1782
vn 0.8590 0.4003 0.3193
vn 0.9196 -0.0067 0.3929
vn 0.8537 -0.4114 0.3195
vn -0.0761 0.6535 -0.7531
vn 0.1808 0.5929 -0.7847
vn 0.1498 -0.0031 -0.9887
vn -0.1388 -0.0006 -0.9903
vn 0.1770 -0.5960 -0.7832
vn -0.0790 -0.6544 -0.7520
vn 0.2392 0.6535 0.7181
vn 0.4767 0.6480 0.5940
vn 0.3453 0.9356 -0.0740
vn 0.0891 0.9958 -0.0191
vn 0.2360 -0.6544 0.7184
vn 0.4825 -0.5960 0.6419
vn 0.5419 -0.0031 0.8405
vn 0.2794 -0.0007 0.9602
vn 0.8537 -0.4113 0.3195
vn 0.8589 0.4003 0.3194
vn 0.4767 0.6480 0.5941
vn 0.2393 0.6535 0.7181
vn 0.3381 -0.9383 -0.0725
vn 0.0843 -0.9963 -0.0180
vn 0.4825 -0.5960 0.6418
vn 0.2360 -0.6544 0.7183
vn 0.8455 -0.4113 -0.3404
vn 0.9100 -0.0066 -0.4145
vn 0.9826 -0.0085 0.1855
vn 0.8288 -0.5373 0.1565
vn 0.8509 0.4003 -0.3403
vn 0.8357 0.5261 0.1578
vn 0.6682 0.4003 0.6271
vn 0.6956 -0.0067 0.7184
vn 0.6633 -0.4113 0.6252
vn 0.2216 0.6535 -0.7237
vn 0.4706 0.5929 -0.6534
vn 0.5211 -0.0031 -0.8535
vn 0.2556 -0.0006 -0.9668
vn 0.4666 -0.5960 -0.6535
vn 0.2184 -0.6544 -0.7239
vn -0.0575 0.6535 0.7547
vn 0.2093 0.6480 0.7323
vn 0.3469 0.9356 0.0655
vn 0.0895 0.9958 0.0169
vn 0.2094 0.6480 0.7323
vn 0.8356 0.5261 0.1578
vn 0.3470 0.9356 0.0655
vn 0.8508 0.4003 -0.3404
vn 0.4707 0.5929 -0.6534
vn -0.0607 -0.6544 0.7537
vn 0.1961 -0.5960 0.7786
vn 0.1739 -0.0031 0.9848
vn -0.1143 -0.0006 0.9934
vn 0.1962 -0.5960 0.7787
vn 0.6955 -0.0067 0.7185
vn 0.1740 -0.0031 0.9847
vn 0.3398 -0.9383 0.0641
vn 0.0847 -0.9963 0.0160
vn -0.1272 -0.6534 0.7463
vn -0.1335 -0.6563 0.7426
vn -0.1772 -0.0000 0.9842
vn -0.1710 0.0001 0.9853
vn -0.1499 -0.0001 0.9887
vn -0.1836 -0.0000 0.9830
vn -0.1836 0.0001 0.9830
vn -0.0965 0.6570 0.7477
vn -0.1366 0.6560 0.7423
vn -0.1302 0.6562 0.7432
vn -0.1243 0.6534 0.7468
vn 0.2051 0.9754 0.0814
vn 0.2656 0.9556 0.1280
vn 0.0140 0.9999 -0.0003
vn 0.0776 0.6406 -0.7639
vn 0.2955 0.5424 -0.7864
vn 0.2956 0.5424 -0.7864
vn 0.4760 0.5963 -0.6464
vn -0.1243 0.6534 0.7467
vn -0.1302 0.6563 0.7432
vn -0.0002 1.0000 -0.0049
vn -0.0026 1.0000 -0.0004
vn -0.1366 0.6561 0.7422
vn -0.0965 0.6571 0.7476
vn 0.0462 0.9989 0.0079
vn 0.0017 1.0000 0.0004
vn 0.1790 0.6564 -0.7329
vn 0.1351 0.6561 -0.7425
vn 0.1154 0.6518 -0.7495
vn 0.0949 0.6532 -0.7512
vn 0.4759 0.5963 -0.6464
vn 0.3383 -0.0018 -0.9410
vn 0.4277 -0.0039 -0.9039
vn 0.0789 0.0005 -0.9969
vn 0.1480 0.0002 -0.9890
vn 0.1187 0.0004 -0.9929
vn 0.2149 -0.0002 -0.9766
vn 0.1763 0.0001 -0.9843
vn 0.1763 -0.0000 -0.9843
vn 0.2149 -0.0003 -0.9766
vn 0.4631 -0.5731 -0.6761
vn 0.2535 -0.5967 -0.7614
vn 0.2757 -0.9613 -0.0015
vn 0.4299 -0.9029 -0.0044
vn 0.0098 -0.6463 -0.7630
vn -0.0036 -0.6485 -0.7612
vn 0.0172 -0.9999 -0.0000
vn 0.0390 -0.9992 -0.0000
vn -0.0046 -0.6482 0.7614
vn 0.0089 -0.6463 0.7630
vn 0.3070 -0.6209 0.7213
vn 0.4693 -0.5832 0.6630
vn -0.0163 -0.6536 -0.7566
vn -0.0100 -0.6544 -0.7561
vn -0.0051 -1.0000 -0.0000
vn -0.0071 -1.0000 -0.0000
vn -0.0037 -0.6561 -0.7546
vn 0.0382 -0.6469 -0.7616
vn 0.0414 -0.9990 -0.0145
vn -0.0030 -1.0000 -0.0000
vn 0.0415 -0.9990 -0.0145
vn 0.0513 -0.6567 0.7524
vn -0.0036 -0.6561 0.7546
vn -0.0100 -0.6542 0.7562
vn -0.0163 -0.6536 0.7566
vn 0.2388 -0.0016 0.9711
vn 0.4058 -0.0042 0.9140
vn 0.0089 -0.6462 0.7631
vn -0.0046 -0.6482 0.7615
vn -0.0213 0.0002 0.9998
vn -0.0195 -0.0000 0.9998
vn -0.0025 0.6486 0.7612
vn 0.0099 0.6464 0.7629
vn 0.2995 0.6232 0.7224
vn 0.4590 0.5731 0.6789
vn -0.0163 -0.6536 0.7567
vn -0.0135 0.0001 0.9999
vn -0.0237 0.0002 0.9997
vn -0.0036 -0.6561 0.7547
vn -0.0045 0.0001 1.0000
vn -0.0005 0.6561 0.7546
vn -0.0069 0.6543 0.7562
vn -0.0134 0.6539 0.7565
vn 0.2994 0.6233 0.7224
vn 0.2601 0.9656 -0.0014
vn 0.4112 0.9116 -0.0040
vn -0.0024 0.6486 0.7611
vn 0.0200 0.9998 -0.0000
vn 0.0402 0.9992 -0.0000
vn -0.0019 0.6487 -0.7611
vn 0.0106 0.6468 -0.7626
vn 0.2845 0.6239 -0.7278
vn 0.4448 0.5881 -0.6755
vn -0.0002 1.0000 -0.0000
vn -0.0022 1.0000 -0.0000
vn 0.0019 1.0000 0.0001
vn -0.0005 0.6561 -0.7547
vn -0.0070 0.6543 -0.7562
vn -0.0133 0.6537 -0.7567
vn 0.2221 -0.0015 -0.9750
vn 0.3880 -0.0040 -0.9216
vn -0.0208 0.0002 -0.9998
vn -0.0183 0.0006 -0.9998
vn -0.0135 0.0001 -0.9999
vn -0.0237 0.0002 -0.9997
vn -0.0033 0.0001 -1.0000
vn -0.0033 -0.0000 -1.0000
vn -0.0036 -0.6561 -0.7547
vn -0.0237 0.0001 -0.9997
vn -0.0134 -0.0000 -0.9999
vn -0.0100 -0.6543 -0.7561
vn -0.0164 -0.6536 -0.7567
vn -0.0045 -0.6185 -0.7858
vn -0.0816 -0.6460 -0.7589
vn 0.2948 -0.9509 -0.0944
vn 0.3712 -0.9165 -0.1489
vn -0.1560 -0.6480 -0.7455
vn 0.0134 -0.9999 -0.0017
vn 0.1130 -0.6408 0.7593
vn 0.4208 -0.6543 0.6283
vn 0.3711 -0.9166 -0.1489
vn 0.4209 -0.6543 0.6282
vn 0.6270 -0.5523 0.5494
vn -0.1612 -0.6533 -0.7398
vn -0.1604 -0.6553 -0.7381
vn -0.0057 -1.0000 0.0042
vn -0.0085 -1.0000 0.0016
vn -0.1598 -0.6561 -0.7376
vn -0.1197 -0.6576 -0.7438
vn 0.0406 -0.9991 -0.0083
vn -0.0030 -1.0000 0.0006
vn 0.1942 -0.6570 0.7285
vn 0.1519 -0.6560 0.7393
vn 0.1375 -0.6525 0.7452
vn 0.1205 -0.6529 0.7478
vn 0.3754 -0.0026 0.9269
vn 0.5954 -0.0055 0.8034
vn 0.1287 0.0002 0.9917
vn 0.3755 -0.0026 0.9268
vn 0.1167 0.6414 0.7583
vn 0.3979 0.6622 0.6349
vn 0.3980 0.6622 0.6349
vn 0.6190 0.5428 0.5677
vn 0.1810 0.0001 0.9835
vn 0.1574 0.0002 0.9875
vn 0.2401 -0.0003 0.9707
vn 0.2023 0.0002 0.9793
vn 0.1960 0.6566 0.7283
vn 0.1551 0.6561 0.7386
vn 0.1396 0.6526 0.7447
vn 0.1246 0.6534 0.7466
vn 0.2548 0.9625 -0.0927
vn 0.3265 0.9340 -0.1453
vn 0.0090 1.0000 -0.0004
vn -0.1565 0.6471 -0.7461
vn -0.1027 0.6461 -0.7563
vn -0.1027 0.6462 -0.7563
vn -0.0507 0.6226 -0.7809
vn -0.0004 1.0000 0.0029
vn -0.0030 1.0000 0.0006
vn 0.0447 0.9990 -0.0092
vn 0.0017 1.0000 -0.0003
vn -0.1165 0.6569 -0.7449
vn -0.1568 0.6561 -0.7382
vn -0.1572 0.6549 -0.7391
vn -0.1581 0.6534 -0.7403
vn -0.0508 0.6226 -0.7809
vn -0.1028 0.6461 -0.7563
vn -0.1941 0.0023 -0.9810
vn -0.1823 0.0006 -0.9832
vn -0.1566 0.6471 -0.7462
vn -0.2217 0.0009 -0.9751
vn -0.2131 0.0001 -0.9770
vn -0.2163 0.0003 -0.9763
vn -0.1753 -0.0003 -0.9845
vn -0.2104 -0.0000 -0.9776
vn -0.6906 -0.7185 -0.0828
vn -0.6468 -0.1416 0.7494
vn -0.5867 -0.0675 0.8070
vn -0.5847 -0.7684 0.2602
vn -0.3100 0.2715 0.9111
vn -0.3146 0.3176 0.8945
vn -0.5654 -0.0718 0.8217
vn -0.3027 0.3648 0.8805
vn -0.5009 -0.8159 0.2888
vn 0.0540 0.4060 0.9123
vn 0.0090 0.4539 0.8910
vn 0.5693 0.3105 0.7612
vn 0.4581 0.3353 0.8233
vn 0.0091 0.4539 0.8910
vn -0.0298 0.4943 0.8688
vn 0.2558 0.3904 0.8844
vn 0.4301 -0.2747 -0.8600
vn -0.0832 -0.5309 -0.8433
vn 0.0158 -0.6968 -0.7171
vn 0.5065 -0.4152 -0.7557
vn -0.0833 -0.5310 -0.8433
vn 0.0157 -0.6969 -0.7170
vn 0.0879 -0.8670 -0.4905
vn -0.5010 -0.8159 0.2887
vn 0.7558 -0.5781 -0.3075
vn 0.0880 -0.8670 -0.4905
vn 0.9923 0.0209 -0.1219
vn 0.9078 -0.1135 0.4038
vn 0.9923 0.0210 -0.1219
vn 0.9078 -0.1135 0.4036
vn 0.8253 -0.0573 0.5618
vn 0.3668 0.0491 0.9290
vn 0.8253 -0.0574 0.5618
vn 0.3667 0.0490 0.9291
vn -0.6647 -0.7466 -0.0282
vn -0.0102 -0.8784 -0.4779
vn 0.0425 -0.9869 -0.1555
vn -0.5431 -0.8175 0.1916
vn 0.6141 -0.5319 -0.5831
vn 0.7005 -0.6815 -0.2119
vn 0.6213 -0.7078 0.3361
vn 0.2084 -0.8627 0.4608
vn -0.2210 -0.7800 0.5855
vn 0.5112 -0.3704 -0.7756
vn 0.9715 0.0454 -0.2327
vn 0.9513 0.0630 -0.3017
vn 0.5382 -0.4285 -0.7257
vn 0.7148 0.4580 0.5285
vn 0.7446 0.4757 0.4683
vn 0.9696 0.0610 -0.2368
vn 0.7419 0.5506 0.3826
vn 0.7593 0.5358 0.3692
vn 0.9838 0.0220 -0.1779
vn 0.5933 -0.4809 -0.6455
vn 0.9696 0.0609 -0.2368
vn 0.9838 0.0219 -0.1780
vn 0.0960 0.5239 0.8463
vn 0.1237 0.5839 0.8023
vn 0.0959 0.5239 0.8463
vn 0.1236 0.5839 0.8024
vn 0.1121 0.6552 0.7471
vn -0.4882 0.3752 0.7880
vn -0.4977 0.3761 0.7815
vn 0.1161 0.6636 0.7390
vn -0.6817 -0.7252 -0.0973
vn -0.0789 -0.6758 -0.7328
vn -0.0718 -0.7468 -0.6611
vn -0.6860 -0.7187 -0.1137
vn -0.0789 -0.6758 -0.7329
vn 0.5111 -0.3704 -0.7756
vn 0.5381 -0.4285 -0.7258
vn -0.0717 -0.7468 -0.6612
vn -0.0468 -0.8094 -0.5854
vn 0.5932 -0.4810 -0.6456
vn 0.6140 -0.5319 -0.5831
vn -0.0101 -0.8784 -0.4779
vn -0.1799 -0.0009 0.9837
vn -0.2633 -0.4115 0.8725
vn 0.2589 -0.4251 0.8673
vn 0.2436 0.0905 0.9656
vn 0.2590 -0.4251 0.8673
vn 0.2085 -0.8627 0.4608
vn 0.7465 -0.3237 0.5813
vn 0.2437 0.0906 0.9656
vn 0.6396 0.0778 0.7648
vn -0.4978 0.3760 0.7816
vn -0.7077 -0.2652 0.6549
vn -0.4198 0.2686 0.8670
vn -0.5431 -0.8175 0.1917
vn -0.2211 -0.7799 0.5855
vn -0.2634 -0.4115 0.8725
vn -0.1800 -0.0009 0.9837
vn 0.9904 -0.1246 0.0599
vn 0.7593 0.5358 0.3693
vn 0.7626 0.4003 0.5080
vn 0.6397 0.0778 0.7647
vn 0.1162 0.6636 0.7390
vn 0.1762 0.5657 0.8055
vn -0.4197 0.2686 0.8670
vn 0.1761 0.5658 0.8055
vn -0.1799 -0.0008 0.9837
vn 0.7626 0.4003 0.5081
vn -0.6377 -0.5432 -0.5461
vn -0.3307 -0.6666 -0.6681
vn -0.3276 -0.9448 -0.0000
vn -0.6172 -0.7868 -0.0000
vn -0.0413 -0.7064 -0.7066
vn -0.0417 -0.9991 -0.0000
vn -0.3307 -0.6666 0.6681
vn -0.6377 -0.5432 -0.5462
vn -0.6136 0.0028 -0.7896
vn -0.3233 0.0015 -0.9463
vn -0.3307 -0.6665 -0.6681
vn -0.0372 0.0002 -0.9993
vn -0.0348 0.7067 -0.7066
vn 0.0441 0.7172 -0.6954
vn 0.0245 -0.0001 -0.9997
vn 0.0529 -0.7062 -0.7060
vn 0.1237 0.7014 -0.7020
vn 0.1149 -0.0005 -0.9934
vn 0.1172 -0.0005 -0.9931
vn 0.0951 -0.0003 -0.9955
vn 0.1125 -0.7028 -0.7024
vn 0.1174 -0.7025 -0.7020
vn -0.2502 -0.0022 -0.9682
vn -0.0746 0.0009 -0.9972
vn -0.0037 -0.6561 -0.7547
vn -0.0100 -0.6543 -0.7562
vn -0.0100 -0.6542 0.7563
vn -0.0033 -0.0000 1.0000
vn 0.1480 0.0003 -0.9890
vn -0.1773 -0.0000 0.9842
vn -0.1396 -0.6560 0.7417
vn -0.1773 -0.0001 0.9842
vn 0.0462 0.9989 0.0080
vn 0.1789 0.6564 -0.7329
vn 0.0760 -0.6458 -0.7598
vn 0.0141 0.9999 -0.0003
vn -0.1032 0.6476 0.7550
vn -0.1081 -0.6450 0.7565
vn -0.0207 0.0002 -0.9998
vn -0.0037 -0.6484 -0.7613
vn 0.0199 0.9998 -0.0000
vn -0.0045 -0.6482 0.7615
vn -0.0164 -0.6536 -0.7566
vn 0.2220 -0.0015 -0.9750
vn 0.2534 -0.5967 -0.7614
vn 0.2845 0.6239 -0.7279
vn 0.0088 -0.6462 0.7631
vn 0.2756 -0.9613 -0.0015
vn -0.1559 -0.6479 -0.7456
vn -0.1580 0.6534 -0.7403
vn 0.1130 -0.6408 0.7594
vn -0.1570 0.6554 -0.7387
vn -0.0005 1.0000 0.0029
vn 0.1396 0.6526 0.7448
vn 0.1376 -0.6525 0.7452
vn 0.0407 -0.9991 -0.0083
vn 0.1943 -0.6570 0.7285
vn 0.2401 -0.0002 0.9707
vn 0.2795 -0.0005 0.9602
vn 0.2795 -0.0007 0.9602
vn -0.1164 0.6569 -0.7449
vn 0.1961 0.6566 0.7283
vn 0.9999 -0.0102 0.0115
vn 0.9926 -0.0101 -0.1213
vn 0.0579 -0.5841 -0.8096
vn -0.0509 0.6226 -0.7809
vn 0.0012 0.6008 -0.7994
vn 0.6014 0.7961 -0.0670
vn 0.6190 0.5428 0.5676
vn 0.3265 0.9340 -0.1452
vn 0.4578 -0.8674 -0.1953
vn 0.3462 0.9382 -0.0008
vn 0.3412 0.9395 0.0298
vn 0.1020 0.5717 0.8141
vn 0.0931 -0.0041 0.9956
vn 0.0424 0.5712 -0.8197
vn 0.1280 0.5857 0.8004
vn 0.3150 -0.5213 0.7932
vn 0.5360 -0.8131 0.2270
vn 0.2282 -0.5588 0.7973
vn 0.5194 -0.8287 0.2085
vn 0.4956 -0.8683 0.0229
vn 0.2663 0.9215 -0.2828
vn 0.4168 0.8705 -0.2616
vn 0.0774 0.5756 -0.8141
vn 0.4168 0.8705 -0.2615
vn 0.2021 0.9794 -0.0001
vn 0.1196 -0.5342 -0.8368
vn 0.6654 -0.7232 0.1851
vn 0.4114 -0.5525 0.7249
vn 0.0332 0.5332 -0.8454
vn 0.3339 -0.9393 0.0794
vn 0.6654 -0.7231 0.1852
vn 0.9078 -0.1136 0.4036
vn 0.9078 -0.1135 0.4037
vn 0.5066 -0.4152 -0.7556
vn 0.9416 0.0229 -0.3360
vn 0.4494 -0.3111 -0.8374
vn 0.4302 -0.2747 -0.8599
vn 0.6099 0.3442 0.7138
vn -0.0967 -0.6094 -0.7869
vn -0.7037 -0.6937 -0.1535
vn 0.4493 -0.3111 -0.8374
vn -0.0966 -0.6094 -0.7869
vn 0.0775 0.4583 0.8854
vn -0.3731 0.2932 0.8802
vn 0.0774 0.4583 0.8854
vn -0.7327 -0.1483 0.6642
vn -0.7037 -0.6938 -0.1535
vn -0.0966 -0.6095 -0.7869
vn -0.7037 -0.6938 -0.1534
vn -0.0967 -0.6095 -0.7869
vn -0.6817 -0.7252 -0.0972
vn 0.6099 0.3442 0.7139
vn 0.9416 0.0230 -0.3360
vn -0.7327 -0.1482 0.6642
vn -0.7036 -0.6938 -0.1535
vn -0.7727 -0.1666 0.6126
vn -0.0718 -0.7468 -0.6612
vn -0.0717 -0.7468 -0.6611
vn 0.5382 -0.4286 -0.7257
vn 0.7445 0.4758 0.4683
vn 0.1122 0.6553 0.7470
vn 0.1236 0.5839 0.8023
vn -0.4551 0.3365 0.8244
vn 0.9513 0.0631 -0.3016
vn -0.8163 -0.1734 0.5509
vn -0.0743 0.0008 -0.9972
vn -0.0744 0.0009 -0.9972
vn -0.0411 -0.7244 -0.6882
vn -0.0409 -0.7271 -0.6853
vn -0.0157 0.7285 -0.6848
vn -0.0161 0.7261 -0.6874
vn 0.0200 -0.7306 0.6825
vn 0.0137 -0.9999 -0.0039
vn 0.0134 -0.9999 -0.0071
vn 0.0201 -0.7302 0.6829
vn 0.0269 -0.0011 0.9996
vn 0.0267 -0.0021 0.9996
vn 0.0612 0.7244 0.6866
vn 0.0613 0.7272 0.6837
vn 0.0564 0.9984 -0.0011
vn 0.0563 0.9984 -0.0015
vn -0.0161 -0.9999 -0.0000
vn -0.0165 -0.7071 -0.7069
vn -0.0165 -0.7072 -0.7068
vn -0.0155 -0.7071 0.7069
vn -0.0155 -0.7072 0.7068
vn -0.0128 0.0001 0.9999
vn -0.0096 0.7072 0.7069
vn -0.0096 0.7073 0.7068
vn -0.0105 0.7072 -0.7069
vn -0.0105 0.7073 -0.7068
vn -0.0079 1.0000 0.0001
vn -0.0077 1.0000 -0.0000
vn -0.0418 -0.9991 -0.0000
vn -0.0323 0.9995 -0.0000
vn -0.8474 -0.5309 -0.0000
vn -0.7955 -0.4267 -0.4303
vn 0.1173 -0.7025 -0.7020
vn 0.1174 -0.7025 -0.7019
vn 0.7955 -0.4266 0.4303
vn 0.8475 -0.5309 -0.0000
vn 1.0000 0.0046 -0.0000
vn 0.8450 0.0039 0.5348
vn 0.8425 0.5386 -0.0000
vn 0.7915 0.4340 0.4303
vn 0.8450 0.0039 -0.5348
vn 0.7915 0.4339 -0.4303
vn 0.7955 -0.4266 -0.4303
vn -0.0943 -0.7046 -0.7033
vn -0.1136 -0.7020 -0.7031
vn -0.1083 -0.9941 -0.0000
vn -0.0443 -0.9980 0.0455
vn -0.1126 -0.7029 0.7023
vn -0.0469 -0.6730 0.7381
vn -0.1127 -0.9936 -0.0000
vn -0.0351 -0.9993 0.0151
vn -0.0529 -0.7063 0.7060
vn -0.1174 -0.7025 0.7019
vn -0.1174 -0.7025 -0.7019
vn -0.0375 -0.7176 -0.6954
vn 0.0413 -0.7064 0.7066
vn 0.3307 -0.6665 0.6681
vn 0.3233 0.0015 0.9463
vn 0.0372 0.0001 0.9993
vn 0.3246 0.6696 0.6681
vn 0.0348 0.7067 0.7066
vn 0.6136 0.0028 0.7896
vn 0.7915 0.4339 0.4303
vn 0.6303 0.5519 0.5460
vn 0.6342 -0.5452 0.5482
vn 0.7955 -0.4267 0.4303
vn -0.1007 0.7035 0.7035
vn -0.1200 0.7009 0.7031
vn -0.1172 0.9931 -0.0000
vn -0.0531 0.9975 -0.0456
vn -0.1189 0.7018 -0.7023
vn -0.0523 0.6722 -0.7385
vn -0.1218 0.9926 -0.0000
vn -0.0442 0.9989 -0.0151
vn -0.0593 0.7057 -0.7060
vn -0.1237 0.7014 -0.7020
vn -0.1237 0.7014 0.7020
vn -0.0441 0.7173 0.6954
vn 0.0348 0.7068 -0.7066
vn 0.0326 0.9995 -0.0000
vn 0.3190 0.9478 -0.0000
vn 0.3246 0.6696 -0.6681
vn 0.6303 0.5489 -0.5491
vn 0.6100 0.7924 -0.0000
vn 0.8425 0.5387 -0.0000
vn 0.6303 0.5520 0.5460
vn 0.0349 0.7068 0.7066
vn 0.3246 0.6696 0.6680
vn 0.0105 0.7075 -0.7067
vn 0.0389 0.6983 -0.7147
vn 0.0421 0.9991 0.0006
vn 0.0074 1.0000 -0.0001
vn 0.0465 0.7081 0.7046
vn 0.0096 0.7075 0.7067
vn -0.0128 0.9999 0.0065
vn -0.0139 0.7127 0.7014
vn 0.0037 0.7165 -0.6976
vn -0.0760 0.7195 -0.6903
vn -0.1042 0.9946 0.0012
vn -0.1033 0.7160 0.6905
vn -0.0977 0.9949 -0.0245
vn -0.0715 0.7307 0.6790
vn -0.0439 0.7617 -0.6465
vn 0.0165 -0.7073 -0.7067
vn 0.0419 -0.6990 -0.7139
vn 0.0272 -0.0002 -0.9996
vn 0.0141 -0.0000 -0.9999
vn 0.0173 -0.0040 -0.9998
vn 0.0057 -0.7167 -0.6974
vn 0.0237 -0.0002 0.9997
vn 0.0128 0.0001 0.9999
vn 0.0254 -0.7078 0.7060
vn 0.0155 -0.7074 0.7067
vn -0.0005 0.0044 1.0000
vn -0.0019 -0.7125 0.7017
vn 0.0464 -0.9989 0.0006
vn 0.0158 -0.9999 0.0001
vn -0.0113 -0.9999 -0.0054
vn -0.0952 -0.0003 0.9955
vn -0.1136 -0.0017 0.9935
vn -0.1172 -0.0005 0.9931
vn -0.0399 0.0149 0.9991
vn -0.0441 0.7172 0.6954
vn -0.0529 -0.7062 0.7060
vn -0.1126 -0.7029 0.7024
vn -0.0716 -0.7186 -0.6918
vn -0.0491 0.0004 -0.9988
vn 0.0042 0.0553 -0.9985
vn -0.0206 -0.7649 -0.6439
vn -0.0861 0.0002 0.9963
vn -0.0972 -0.7154 0.6920
vn -0.0735 -0.0296 0.9969
vn -0.1119 -0.7204 0.6845
vn -0.0991 -0.9951 0.0012
vn -0.0606 -0.9973 0.0415
vn -0.0340 0.5327 -0.8456
vn -0.0658 0.5873 -0.8067
vn -0.2525 0.9170 -0.3088
vn -0.1497 0.9241 -0.3515
vn -0.3440 0.9383 -0.0347
vn -0.1979 0.9795 -0.0375
vn -0.4182 0.8693 -0.2634
vn -0.3794 0.9047 -0.1937
vn -0.6149 0.7863 -0.0603
vn -0.5510 0.8338 -0.0347
vn -0.0793 0.5733 -0.8155
vn -0.0116 0.6068 -0.7948
vn -0.3794 0.9047 -0.1938
vn -0.0611 0.7216 0.6896
vn -0.0562 0.9984 -0.0018
vn 0.1013 0.9898 0.1002
vn 0.0434 0.7575 0.6514
vn 0.2958 0.6630 0.6877
vn 0.1014 0.9898 0.1002
vn 0.1828 0.9350 0.3038
vn 0.0324 0.9984 0.0469
vn 0.0414 0.9991 -0.0015
vn 0.0357 0.9977 -0.0583
vn 0.1566 0.9311 -0.3294
vn 0.2165 0.5800 -0.7853
vn 0.1068 0.6939 -0.7121
vn 0.0165 0.7236 -0.6900
vn -0.0201 -0.7298 0.6834
vn -0.0265 -0.0030 0.9996
vn 0.2080 0.1328 0.9691
vn 0.0971 -0.7447 0.6603
vn 0.0972 -0.7447 0.6603
vn 0.2081 0.1328 0.9691
vn 0.4739 -0.0115 0.8805
vn 0.4587 -0.7275 0.5102
vn 0.0414 -0.7217 -0.6910
vn -0.0133 -0.9999 -0.0103
vn 0.0659 -0.9898 -0.1267
vn 0.1220 -0.7394 -0.6621
vn 0.1898 -0.6041 -0.7740
vn 0.1061 -0.9343 -0.3403
vn -0.1248 -0.9904 -0.0593
vn -0.1125 -0.9936 -0.0082
vn -0.1355 -0.9906 0.0175
vn 0.0758 -0.9854 0.1524
vn -0.0238 -0.6177 0.7861
vn 0.1016 0.0006 0.9948
vn 0.1197 0.0113 0.9927
vn 0.0127 -0.6203 0.7843
vn 0.0128 -0.6203 0.7842
vn 0.1198 0.0113 0.9927
vn 0.1561 -0.0037 0.9877
vn 0.1031 -0.6470 0.7555
vn 0.0342 0.6306 0.7754
vn 0.1076 0.6458 0.7559
vn 0.0102 0.6204 0.7842
vn 0.0342 0.6305 0.7754
vn -0.0911 -0.6531 -0.7518
vn 0.0076 -1.0000 -0.0013
vn 0.0046 -1.0000 -0.0061
vn -0.1115 -0.6516 -0.7503
vn -0.1319 -0.6561 -0.7431
vn 0.0030 -1.0000 -0.0006
vn -0.0403 -0.9992 0.0069
vn -0.1751 -0.6568 -0.7335
vn 0.1396 -0.6561 0.7416
vn 0.1005 -0.6570 0.7472
vn 0.1272 -0.6534 0.7462
vn 0.1350 -0.6562 0.7424
vn -0.3996 -0.9165 0.0196
vn -0.4955 -0.8683 0.0229
vn -0.4949 -0.8689 -0.0015
vn -0.3930 -0.9196 -0.0003
vn -0.4954 -0.8681 -0.0330
vn -0.3898 -0.9202 -0.0355
vn -0.6300 -0.7766 -0.0035
vn -0.5416 -0.8406 -0.0058
vn -0.6458 -0.7613 -0.0585
vn -0.6392 -0.7683 -0.0343
vn -0.6249 -0.7804 0.0220
vn -0.6188 -0.7853 0.0191
vn -0.4058 -0.5628 0.7202
vn -0.3032 -0.5472 0.7802
vn -0.5094 -0.8218 0.2551
vn -0.4533 -0.8739 0.1756
vn -0.5369 -0.8121 0.2283
vn -0.4385 -0.8825 0.1698
vn -0.2301 -0.5557 0.7989
vn -0.1069 -0.5876 0.8020
vn -0.2012 0.9790 0.0326
vn -0.3411 0.9396 0.0303
vn -0.3184 0.9052 0.2816
vn -0.1825 0.9287 0.3228
vn -0.1144 0.5752 0.8100
vn -0.1364 0.5318 0.8358
vn -0.4074 0.8775 0.2529
vn -0.3389 0.9201 0.1962
vn -0.0356 0.5942 0.8035
vn -0.1003 0.5736 0.8130
vn -0.5349 0.8445 0.0246
vn -0.5637 0.8258 0.0206
vn -0.4878 -0.5902 -0.6431
vn -0.3038 -0.9442 0.1270
vn -0.1452 -0.9825 0.1167
vn -0.4039 -0.6126 -0.6794
vn -0.1451 -0.9825 0.1167
vn -0.0060 -1.0000 0.0004
vn -0.0742 -0.6400 -0.7648
vn -0.1506 -0.5221 -0.8395
vn -0.1818 -0.5349 -0.8251
vn 0.0285 0.0005 -0.9996
vn 0.0101 0.0005 -0.9999
vn -0.0657 0.5873 -0.8067
vn -0.0340 0.5326 -0.8457
vn 0.0726 0.0010 -0.9974
vn 0.1193 0.0011 -0.9929
vn -0.0792 0.5732 -0.8155
vn -0.1850 -0.5557 -0.8105
vn -0.0897 -0.5662 -0.8193
vn -0.0931 -0.0041 0.9956
vn -0.1725 -0.0092 0.9850
vn -0.1726 -0.0092 0.9850
vn -0.0932 -0.0041 0.9956
vn 0.0260 -0.0006 0.9997
vn 0.0636 0.0002 0.9980
vn -0.1068 -0.5876 0.8021
vn -0.1003 0.5735 0.8130
vn 0.0636 0.0003 0.9980
vn 0.0260 -0.0005 0.9997
vn -0.4562 -0.8447 -0.2799
vn -0.3374 -0.8792 -0.3364
vn -0.5361 -0.8057 -0.2518
vn -0.4652 -0.8609 -0.2060
vn -0.6392 -0.7682 -0.0343
vn -0.3461 0.9382 -0.0012
vn -0.2022 0.9793 -0.0001
vn -0.3410 0.9396 0.0303
vn -0.5432 0.8396 -0.0028
vn -0.4775 0.8786 -0.0051
vn 0.0356 0.9977 -0.0583
vn -0.0229 0.9985 -0.0504
vn -0.0308 0.9995 -0.0000
vn 0.0413 0.9991 -0.0015
vn -0.0250 0.9990 0.0384
vn 0.0323 0.9984 0.0469
vn -0.0834 0.9965 -0.0000
vn -0.0831 0.9960 0.0335
vn -0.0798 0.9958 -0.0442
vn -0.2165 -0.9750 -0.0503
vn -0.1357 -0.9063 -0.4004
vn 0.1060 -0.9343 -0.3403
vn -0.0066 -0.5179 -0.8554
vn 0.1897 -0.6041 -0.7740
vn -0.1357 -0.9063 -0.4003
vn -0.2431 -0.9072 -0.3433
vn -0.1183 -0.5343 -0.8370
vn -0.0051 -0.5179 -0.8554
vn -0.2165 -0.9750 -0.0502
vn -0.2804 -0.9589 -0.0427
vn 0.4089 0.3057 0.8598
vn 0.4533 0.3260 0.8296
vn 0.8149 -0.1912 0.5472
vn 0.7705 -0.1752 0.6129
vn 0.6761 -0.7299 -0.1006
vn 0.6907 -0.7164 -0.0989
vn 0.8382 -0.1737 0.5169
vn 0.8401 -0.2006 0.5039
vn 0.6615 -0.7479 -0.0557
vn 0.6754 -0.7347 -0.0641
vn 0.4894 0.3749 0.7873
vn 0.5031 0.3803 0.7761
vn 0.8401 -0.2006 0.5040
vn 0.8382 -0.1736 0.5169
vn 0.0638 0.0005 -0.9980
vn 0.1999 0.0072 -0.9798
vn 0.0773 0.5094 -0.8570
vn 0.0135 0.0002 -0.9999
vn 0.0138 0.5197 -0.8542
vn 0.0274 0.9448 0.3265
vn 0.0141 0.6746 0.7380
vn -0.1169 0.9531 0.2790
vn -0.1127 0.5996 0.7923
vn -0.0831 0.9960 0.0336
vn -0.2403 -0.9534 -0.1827
vn -0.1875 -0.9783 0.0883
vn 0.0757 -0.9854 0.1524
vn -0.2222 -0.9749 0.0106
vn -0.3338 -0.9393 0.0794
vn -0.2881 -0.9575 0.0099
vn -0.2223 -0.9749 0.0106
vn -0.6630 -0.7111 0.2340
vn -0.2251 -0.9743 -0.0000
vn -0.1126 -0.9936 -0.0082
vn -0.2838 -0.9589 -0.0000
vn -0.2882 -0.9575 0.0099
vn 0.0416 0.9159 -0.3991
vn -0.0835 0.9378 -0.3371
vn -0.7677 -0.4113 -0.4913
vn -0.8434 -0.5373 -0.0000
vn -1.0000 -0.0085 -0.0000
vn -0.8170 -0.0062 -0.5766
vn -0.8504 0.5261 -0.0000
vn -0.7729 0.4003 -0.4922
vn -0.8171 -0.0061 0.5765
vn -0.7729 0.4003 0.4923
vn -0.7677 -0.4113 0.4913
vn -0.0413 0.6466 -0.7617
vn -0.0461 -0.0003 -0.9989
vn -0.3089 0.0359 -0.9504
vn -0.3259 0.6247 -0.7096
vn -0.3223 -0.6287 -0.7077
vn -0.0514 -0.6566 -0.7525
vn -0.0414 0.6668 0.7441
vn -0.0604 0.9982 -0.0002
vn -0.3531 0.9356 -0.0000
vn -0.3466 0.6196 0.7042
vn -0.0383 -0.6469 0.7616
vn -0.0461 -0.0003 0.9989
vn -0.3082 -0.0407 0.9505
vn -0.3223 -0.6282 0.7082
vn -0.0556 -0.9985 -0.0000
vn -0.3458 -0.9383 -0.0000
vn -0.6477 -0.4113 -0.6413
vn -0.8247 -0.5373 -0.1768
vn -0.9777 -0.0090 -0.2096
vn -0.6780 -0.0062 -0.7350
vn -0.8316 0.5261 -0.1782
vn -0.6526 0.4003 -0.6434
vn -0.9198 -0.0062 0.3924
vn -0.8589 0.4003 0.3193
vn -0.8537 -0.4113 0.3195
vn 0.0761 0.6535 -0.7531
vn 0.1387 -0.0006 -0.9903
vn -0.0938 -0.0529 -0.9942
vn -0.1444 0.6305 -0.7627
vn -0.2126 -0.6145 -0.7598
vn 0.0790 -0.6544 -0.7520
vn -0.2392 0.6535 0.7181
vn -0.0892 0.9958 -0.0191
vn -0.3453 0.9356 -0.0740
vn -0.4443 0.6305 0.6365
vn -0.2361 -0.6544 0.7184
vn -0.2794 -0.0006 0.9602
vn -0.4950 0.0484 0.8675
vn -0.4385 -0.6342 0.6368
vn -0.9197 -0.0062 0.3925
vn -0.8536 -0.4113 0.3195
vn -0.4443 0.6304 0.6365
vn -0.8589 0.4003 0.3194
vn -0.2393 0.6535 0.7181
vn -0.0844 -0.9963 -0.0181
vn -0.3381 -0.9383 -0.0725
vn -0.4385 -0.6343 0.6367
vn -0.2361 -0.6544 0.7183
vn -0.4385 -0.6342 0.6367
vn -0.8456 -0.4113 -0.3404
vn -0.8288 -0.5373 0.1565
vn -0.9826 -0.0085 0.1855
vn -0.9098 -0.0061 -0.4149
vn -0.8357 0.5261 0.1578
vn -0.8509 0.4003 -0.3403
vn -0.6959 -0.0062 0.7181
vn -0.6682 0.4003 0.6271
vn -0.6633 -0.4113 0.6252
vn -0.2216 0.6535 -0.7237
vn -0.2557 -0.0006 -0.9668
vn -0.4715 -0.0529 -0.8803
vn -0.4285 0.6305 -0.6472
vn -0.4902 -0.6145 -0.6181
vn -0.2184 -0.6544 -0.7239
vn 0.0575 0.6535 0.7547
vn -0.0895 0.9958 0.0169
vn -0.3469 0.9356 0.0655
vn -0.1630 0.6305 0.7589
vn -0.1631 0.6305 0.7589
vn -0.3470 0.9356 0.0655
vn -0.8356 0.5261 0.1578
vn -0.4286 0.6305 -0.6472
vn -0.8508 0.4003 -0.3403
vn 0.0606 -0.6544 0.7537
vn 0.1143 -0.0006 0.9935
vn -0.1203 0.0484 0.9916
vn -0.1576 -0.6343 0.7569
vn -0.1577 -0.6342 0.7569
vn -0.1204 0.0484 0.9915
vn -0.6632 -0.4113 0.6253
vn -0.0847 -0.9963 0.0160
vn -0.3398 -0.9383 0.0641
vn 0.1272 -0.6534 0.7463
vn 0.1710 0.0001 0.9853
vn 0.1773 0.0001 0.9842
vn 0.1333 -0.6562 0.7428
vn 0.1837 -0.0000 0.9830
vn 0.1493 -0.0009 0.9888
vn 0.1836 0.0001 0.9830
vn 0.1366 0.6560 0.7423
vn 0.0972 0.6575 0.7472
vn 0.1243 0.6534 0.7468
vn 0.1302 0.6562 0.7432
vn -0.2663 0.9554 0.1273
vn -0.1525 0.9818 0.1133
vn -0.1525 0.9818 0.1134
vn -0.0102 0.9999 0.0014
vn -0.1837 0.6399 -0.7462
vn -0.0788 0.6464 -0.7589
vn -0.4836 0.5861 -0.6501
vn 0.1242 0.6534 0.7467
vn 0.0026 1.0000 -0.0004
vn -0.0002 1.0000 -0.0044
vn 0.1302 0.6563 0.7432
vn 0.1366 0.6561 0.7422
vn -0.0019 1.0000 0.0004
vn -0.0452 0.9989 0.0087
vn 0.0972 0.6575 0.7471
vn -0.1351 0.6561 -0.7425
vn -0.1779 0.6572 -0.7324
vn -0.0949 0.6532 -0.7512
vn -0.1155 0.6520 -0.7493
vn -0.4836 0.5860 -0.6501
vn -0.4277 -0.0039 -0.9039
vn -0.2488 -0.0905 -0.9643
vn -0.0891 0.0108 -0.9960
vn -0.1188 0.0004 -0.9929
vn -0.1478 0.0005 -0.9890
vn -0.1763 0.0001 -0.9843
vn -0.2160 0.0009 -0.9764
vn -0.1763 -0.0000 -0.9843
vn -0.4563 -0.5830 -0.6723
vn -0.4324 -0.9016 -0.0065
vn -0.2601 -0.9655 0.0128
vn -0.2919 -0.6215 -0.7270
vn -0.0096 -0.6463 -0.7630
vn -0.0390 -0.9992 -0.0000
vn -0.0161 -0.9999 0.0009
vn 0.0040 -0.6483 -0.7614
vn -0.0089 -0.6463 0.7630
vn 0.0040 -0.6485 0.7612
vn -0.4763 -0.5731 0.6668
vn -0.2624 -0.5906 0.7632
vn 0.0163 -0.6536 -0.7566
vn 0.0071 -1.0000 -0.0000
vn 0.0051 -1.0000 -0.0000
vn 0.0102 -0.6542 -0.7562
vn 0.0037 -0.6561 -0.7547
vn 0.0031 -1.0000 -0.0000
vn -0.0555 -0.9985 -0.0000
vn -0.0513 -0.6566 -0.7524
vn 0.0021 -1.0000 -0.0000
vn 0.0036 -0.6561 0.7546
vn -0.0383 -0.6470 0.7616
vn 0.0164 -0.6536 0.7566
vn 0.0100 -0.6542 0.7562
vn -0.4058 -0.0042 0.9139
vn -0.2030 0.0337 0.9786
vn -0.0089 -0.6463 0.7631
vn 0.0194 0.0002 0.9998
vn 0.0215 0.0002 0.9998
vn 0.0040 -0.6484 0.7613
vn -0.0102 0.6466 0.7628
vn 0.0019 0.6481 0.7615
vn -0.4647 0.5784 0.6704
vn -0.2460 0.6645 0.7056
vn 0.0163 -0.6536 0.7567
vn 0.0237 0.0002 0.9997
vn 0.0135 0.0001 0.9999
vn 0.0036 -0.6561 0.7547
vn 0.0033 0.0001 1.0000
vn 0.0005 0.6561 0.7546
vn 0.0134 0.6539 0.7565
vn 0.0069 0.6542 0.7562
vn -0.4087 0.9127 -0.0063
vn -0.2457 0.9692 -0.0144
vn -0.2461 0.6644 0.7057
vn -0.0102 0.6466 0.7627
vn -0.0402 0.9992 -0.0000
vn -0.0190 0.9998 -0.0008
vn 0.0018 0.6482 0.7615
vn -0.0106 0.6467 -0.7627
vn 0.0015 0.6489 -0.7609
vn -0.4516 0.5784 -0.6793
vn -0.2449 0.5999 -0.7617
vn 0.0022 1.0000 -0.0000
vn 0.0002 1.0000 -0.0000
vn -0.0018 1.0000 -0.0000
vn 0.0005 0.6561 -0.7547
vn 0.0133 0.6537 -0.7567
vn 0.0068 0.6545 -0.7560
vn -0.3880 -0.0040 -0.9216
vn -0.1946 -0.0287 -0.9805
vn 0.0182 0.0002 -0.9998
vn 0.0209 0.0002 -0.9998
vn 0.0237 0.0002 -0.9997
vn 0.0134 0.0003 -0.9999
vn 0.0033 0.0001 -1.0000
vn 0.0033 -0.0000 -1.0000
vn 0.0036 -0.6561 -0.7547
vn 0.0236 0.0001 -0.9997
vn 0.0163 -0.6536 -0.7567
vn 0.0102 -0.6542 -0.7563
vn 0.0056 -0.6197 -0.7848
vn -0.3722 -0.9163 -0.1478
vn -0.2269 -0.9738 0.0134
vn 0.1112 -0.6283 -0.7700
vn -0.0092 -1.0000 -0.0038
vn 0.1573 -0.6463 -0.7467
vn -0.3526 -0.6352 0.6872
vn -0.1145 -0.6457 0.7549
vn -0.6336 -0.5415 0.5525
vn -0.3527 -0.6352 0.6872
vn -0.2269 -0.9738 0.0135
vn 0.1612 -0.6533 -0.7398
vn 0.0085 -1.0000 0.0017
vn 0.0053 -1.0000 0.0036
vn 0.1607 -0.6552 -0.7382
vn 0.1598 -0.6561 -0.7376
vn 0.0031 -1.0000 0.0007
vn -0.0401 -0.9992 -0.0084
vn 0.1200 -0.6573 -0.7440
vn -0.1519 -0.6560 0.7393
vn -0.1934 -0.6575 0.7282
vn -0.1209 -0.6531 0.7475
vn -0.1366 -0.6530 0.7449
vn -0.5954 -0.0055 0.8034
vn -0.3746 -0.0033 0.9272
vn -0.3747 -0.0033 0.9272
vn -0.1351 -0.0064 0.9908
vn -0.4576 0.5943 0.6613
vn -0.1235 0.6397 0.7587
vn -0.6235 0.5482 0.5574
vn -0.1574 0.0002 0.9875
vn -0.1802 0.0010 0.9836
vn -0.2023 0.0002 0.9793
vn -0.2410 -0.0012 0.9705
vn -0.1551 0.6561 0.7386
vn -0.1967 0.6572 0.7276
vn -0.1246 0.6534 0.7466
vn -0.1402 0.6530 0.7443
vn -0.3277 0.9333 -0.1470
vn -0.1599 0.9779 -0.1346
vn -0.0104 0.9999 -0.0038
vn -0.1235 0.6397 0.7586
vn 0.1229 0.6356 -0.7622
vn 0.1546 0.6489 -0.7450
vn -0.3277 0.9333 -0.1471
vn 0.0498 0.6217 -0.7817
vn 0.1228 0.6356 -0.7622
vn -0.1599 0.9779 -0.1347
vn 0.0031 1.0000 0.0006
vn 0.0002 1.0000 0.0030
vn -0.0018 1.0000 -0.0003
vn -0.0452 0.9989 -0.0086
vn 0.1568 0.6561 -0.7382
vn 0.1167 0.6566 -0.7452
vn 0.1581 0.6534 -0.7403
vn 0.1573 0.6551 -0.7390
vn 0.0498 0.6216 -0.7818
vn 0.1819 0.0013 -0.9833
vn 0.2056 -0.0056 -0.9786
vn 0.2205 0.0021 -0.9754
vn 0.2163 0.0003 -0.9763
vn 0.2134 -0.0002 -0.9770
vn 0.2104 -0.0000 -0.9776
vn 0.1749 0.0003 -0.9846
vn 0.6890 -0.7188 -0.0929
vn 0.5760 -0.7786 0.2490
vn 0.5966 -0.0681 0.7996
vn 0.6550 -0.1221 0.7457
vn 0.3145 0.3177 0.8945
vn 0.3100 0.2715 0.9111
vn 0.5603 -0.0685 0.8255
vn 0.3027 0.3648 0.8805
vn 0.5023 -0.8201 0.2742
vn -0.0090 0.4539 0.8910
vn -0.0539 0.4060 0.9123
vn -0.0540 0.4060 0.9123
vn -0.0091 0.4540 0.8910
vn -0.3636 0.3714 0.8543
vn -0.5793 0.3197 0.7498
vn 0.0298 0.4943 0.8688
vn -0.2558 0.3904 0.8844
vn -0.4335 -0.2658 -0.8611
vn -0.5193 -0.4836 -0.7046
vn 0.0044 -0.6906 -0.7232
vn 0.0724 -0.5340 -0.8424
vn 0.0725 -0.5340 -0.8424
vn 0.0045 -0.6907 -0.7231
vn 0.6890 -0.7188 -0.0928
vn -0.0935 -0.8624 -0.4975
vn -0.7441 -0.5988 -0.2962
vn -0.0935 -0.8624 -0.4976
vn -0.9048 -0.0811 0.4181
vn -0.9931 0.0215 -0.1156
vn -0.9931 0.0214 -0.1156
vn -0.9048 -0.0811 0.4180
vn -0.8069 -0.1172 0.5790
vn -0.3182 0.0043 0.9480
vn -0.6631 -0.7111 0.2340
vn -0.7441 -0.5988 -0.2963
vn -0.3181 0.0043 0.9480
vn -0.8069 -0.1172 0.5789
vn 0.6614 -0.7479 -0.0556
vn 0.5079 -0.8373 0.2023
vn -0.0591 -0.9796 -0.1920
vn -0.0075 -0.8676 -0.4972
vn -0.7005 -0.6815 -0.2119
vn -0.6058 -0.5614 -0.5637
vn -0.2097 -0.8620 0.4615
vn -0.6214 -0.7078 0.3361
vn 0.2210 -0.7800 0.5855
vn -0.5106 -0.3748 -0.7739
vn -0.5494 -0.4280 -0.7176
vn -0.9529 0.0682 -0.2955
vn -0.9706 0.0449 -0.2364
vn -0.7511 0.5007 0.4303
vn -0.7132 0.4576 0.5309
vn -0.9698 0.0594 -0.2365
vn -0.9801 0.0519 -0.1914
vn -0.7520 0.5477 0.3667
vn -0.7416 0.5505 0.3834
vn -0.5931 -0.4817 -0.6451
vn -0.9801 0.0518 -0.1914
vn -0.9698 0.0594 -0.2366
vn -0.1175 0.5900 0.7988
vn -0.1108 0.5112 0.8523
vn -0.1107 0.5112 0.8523
vn -0.1174 0.5900 0.7989
vn -0.1115 0.6555 0.7469
vn -0.1237 0.6662 0.7354
vn 0.5030 0.3803 0.7761
vn 0.4893 0.3750 0.7874
vn 0.0653 -0.7386 -0.6710
vn 0.0833 -0.6737 -0.7343
vn -0.5494 -0.4281 -0.7176
vn -0.5105 -0.3748 -0.7739
vn 0.0472 -0.8100 -0.5846
vn -0.6058 -0.5614 -0.5638
vn -0.5930 -0.4817 -0.6452
vn 0.6753 -0.7347 -0.0641
vn 0.0473 -0.8100 -0.5846
vn 0.1799 -0.0009 0.9837
vn -0.2393 0.0854 0.9672
vn -0.2589 -0.4251 0.8673
vn 0.2740 -0.3979 0.8755
vn -0.2590 -0.4251 0.8673
vn -0.7470 -0.3243 0.5804
vn -0.6213 -0.7078 0.3361
vn -0.2098 -0.8619 0.4616
vn -0.2393 0.0855 0.9672
vn -0.6396 0.0778 0.7648
vn 0.4217 0.2947 0.8575
vn 0.7394 -0.2399 0.6291
vn 0.8401 -0.2005 0.5040
vn 0.7394 -0.2400 0.6291
vn 0.2741 -0.3979 0.8755
vn 0.2211 -0.7799 0.5855
vn 0.1800 -0.0009 0.9837
vn -0.9960 -0.0769 0.0452
vn -0.7507 0.4289 0.5024
vn -0.7470 -0.3243 0.5803
vn -0.6397 0.0778 0.7647
vn -0.1411 0.5761 0.8051
vn -0.1238 0.6662 0.7354
vn 0.4217 0.2948 0.8575
vn -0.7507 0.4289 0.5025
vn 0.6353 -0.5431 -0.5490
vn 0.6172 -0.7868 -0.0000
vn 0.3276 -0.9448 -0.0000
vn 0.3307 -0.6666 -0.6681
vn 0.0413 -0.7064 -0.7066
vn 0.0417 -0.9991 -0.0000
vn 0.6342 -0.5453 0.5482
vn 0.3307 -0.6666 0.6681
vn 0.6353 -0.5431 -0.5491
vn 0.3307 -0.6665 -0.6681
vn 0.3233 0.0015 -0.9463
vn 0.6136 0.0028 -0.7896
vn 0.3246 0.6695 -0.6681
vn 0.6303 0.5488 -0.5491
vn 0.0372 0.0002 -0.9993
vn -0.0398 0.0149 -0.9991
vn 0.0348 0.7067 -0.7066
vn -0.0376 -0.7176 -0.6954
vn -0.1172 -0.0005 -0.9931
vn -0.1136 -0.0017 -0.9935
vn -0.1189 0.7018 -0.7024
vn -0.0474 -0.0467 -0.9978
vn -0.1137 -0.7019 -0.7031
vn -0.1174 -0.7025 -0.7020
vn 0.0746 0.0009 -0.9972
vn 0.1901 0.0608 -0.9799
vn 0.1902 0.0608 -0.9799
vn 0.0101 -0.6542 -0.7562
vn 0.0135 0.0003 -0.9999
vn 0.0100 -0.6542 0.7563
vn 0.0033 -0.0000 1.0000
vn -0.1478 0.0006 -0.9890
vn -0.0001 1.0000 -0.0044
vn 0.1773 0.0002 0.9842
vn 0.1366 0.6561 0.7423
vn 0.1836 -0.0000 0.9830
vn 0.1836 -0.0001 0.9830
vn -0.0453 0.9989 0.0087
vn -0.0892 0.0108 -0.9960
vn 0.1077 0.6459 0.7558
vn 0.1244 0.6534 0.7467
vn 0.1031 -0.6471 0.7554
vn 0.1271 -0.6534 0.7463
vn 0.0164 -0.6536 -0.7567
vn 0.0164 -0.6536 0.7567
vn -0.1946 -0.0286 -0.9805
vn -0.2918 -0.6215 -0.7270
vn -0.2448 0.5999 -0.7617
vn -0.2456 0.9693 -0.0144
vn -0.2459 0.6645 0.7057
vn -0.2460 0.6645 0.7057
vn 0.0193 0.0002 0.9998
vn -0.0088 -0.6462 0.7631
vn -0.2600 -0.9655 0.0128
vn -0.2623 -0.5906 0.7631
vn 0.2205 0.0022 -0.9754
vn 0.1580 0.6534 -0.7403
vn 0.1571 0.6554 -0.7387
vn -0.1403 0.6530 0.7443
vn -0.1803 0.0010 0.9836
vn -0.1366 -0.6530 0.7450
vn 0.0054 -1.0000 0.0036
vn 0.0054 -1.0000 0.0035
vn -0.0402 -0.9992 -0.0085
vn -0.1934 -0.6576 0.7281
vn -0.2411 -0.0012 0.9705
vn -0.2795 -0.0005 0.9602
vn -0.2411 -0.0013 0.9705
vn -0.0452 0.9989 -0.0087
vn -0.2393 0.6536 0.7181
vn 0.1748 0.0003 -0.9846
vn -0.9999 -0.0102 0.0118
vn -0.4836 0.5860 -0.6502
vn -0.9926 -0.0099 -0.1212
vn -0.6189 -0.7852 0.0191
vn -0.4762 -0.5732 0.6669
vn -0.5416 -0.8406 -0.0057
vn -0.6188 -0.7853 0.0192
vn -0.0896 -0.5662 -0.8194
vn -0.3276 0.9333 -0.1471
vn -0.6148 0.7864 -0.0602
vn -0.3276 0.9333 -0.1470
vn -0.6234 0.5483 0.5574
vn -0.4653 -0.8609 -0.2060
vn -0.3462 0.9382 -0.0012
vn -0.3411 0.9395 0.0303
vn -0.3032 -0.5472 0.7801
vn -0.1144 0.5753 0.8099
vn -0.3032 -0.5473 0.7801
vn -0.5369 -0.8121 0.2284
vn -0.5094 -0.8218 0.2552
vn -0.5095 -0.8218 0.2551
vn -0.4956 -0.8683 0.0229
vn -0.4182 0.8693 -0.2635
vn -0.2525 0.9170 -0.3089
vn -0.5510 0.8338 -0.0337
vn -0.2022 0.9794 -0.0001
vn -0.2431 -0.9072 -0.3432
vn -0.3899 -0.9202 -0.0355
vn -0.4057 -0.5627 0.7202
vn -0.6631 -0.7110 0.2340
vn 0.0138 0.5196 -0.8543
vn -0.3930 -0.9195 -0.0003
vn -0.9049 -0.0811 0.4179
vn -0.9533 0.0973 -0.2861
vn -0.4335 -0.2658 -0.8610
vn -0.4600 -0.3122 -0.8312
vn -0.6852 0.3701 0.6273
vn 0.0900 -0.6002 -0.7948
vn 0.6761 -0.7153 -0.1766
vn 0.0899 -0.6001 -0.7948
vn -0.0775 0.4583 0.8854
vn 0.3789 0.2642 0.8869
vn 0.7234 -0.1806 0.6664
vn 0.6761 -0.7153 -0.1767
vn 0.0899 -0.6002 -0.7948
vn -0.4600 -0.3123 -0.8312
vn -0.1107 0.5111 0.8524
vn 0.4089 0.3057 0.8599
vn -0.7132 0.4576 0.5310
vn -0.1108 0.5111 0.8523
vn -0.9533 0.0974 -0.2860
vn -0.9706 0.0449 -0.2363
vn -0.7132 0.4575 0.5310
vn 0.7234 -0.1805 0.6664
vn 0.6907 -0.7164 -0.0990
vn 0.0653 -0.7385 -0.6711
vn -0.7511 0.5008 0.4303
vn -0.1116 0.6555 0.7469
vn -0.1174 0.5899 0.7989
vn 0.4532 0.3261 0.8296
vn -0.9529 0.0682 -0.2954
vn 0.8149 -0.1912 0.5471
vn 0.6761 -0.7299 -0.1005
vn 0.0743 0.0008 -0.9972
vn 0.0408 -0.7271 -0.6853
vn 0.0411 -0.7244 -0.6882
vn 0.0744 0.0009 -0.9972
vn 0.0157 0.7285 -0.6849
vn 0.0161 0.7261 -0.6874
vn -0.0200 -0.7306 0.6825
vn -0.0201 -0.7302 0.6829
vn -0.0135 -0.9999 -0.0072
vn -0.0137 -0.9999 -0.0040
vn -0.0269 -0.0011 0.9996
vn -0.0613 0.7272 0.6837
vn -0.0612 0.7244 0.6866
vn -0.0267 -0.0021 0.9996
vn -0.0563 0.9984 -0.0015
vn -0.0565 0.9984 -0.0011
vn 0.0163 -0.9999 -0.0001
vn 0.0165 -0.7072 -0.7068
vn 0.0165 -0.7071 -0.7069
vn 0.0155 -0.7071 0.7069
vn 0.0155 -0.7072 0.7068
vn 0.0131 -0.0000 0.9999
vn 0.0096 0.7072 0.7069
vn 0.0096 0.7073 0.7068
vn 0.0141 0.0001 -0.9999
vn 0.0144 0.0001 -0.9999
vn 0.0105 0.7073 -0.7068
vn 0.0105 0.7072 -0.7069
vn 0.0414 -0.9991 -0.0000
vn 0.0348 0.7068 0.7066
vn 0.8474 -0.5310 -0.0000
vn 0.7955 -0.4267 -0.4303
vn -0.1173 -0.7025 0.7020
vn -0.1237 0.7014 0.7019
vn -0.1237 0.7014 -0.7019
vt 0.375000 1.000000
vt 0.500000 1.000000
vt 0.500000 0.876736
vt 0.375000 0.875000
vt 0.625000 1.000000
vt 0.625000 0.875000
vt 0.625000 0.750000
vt 0.500000 0.767361
vt 0.375000 0.750000
vt 0.375000 0.500000
vt 0.359375 0.375000
vt 0.310764 0.375000
vt 0.312500 0.500000
vt 0.375000 0.250000
vt 0.312500 0.250000
vt 0.265191 0.375000
vt 0.265625 0.250000
vt 0.250000 0.250000
vt 0.250000 0.375000
vt 0.265625 0.500000
vt 0.250000 0.500000
vt 0.375000 0.078125
vt 0.500000 0.078125
vt 0.500000 0.062500
vt 0.375000 0.062500
vt 0.625000 0.078125
vt 0.625000 0.062500
vt 0.500000 0.031250
vt 0.625000 0.031250
vt 0.625000 -0.000000
vt 0.500000 -0.000000
vt 0.375000 0.031250
vt 0.375000 -0.000000
vt 0.625000 0.250000
vt 0.640625 0.375000
vt 0.689236 0.375000
vt 0.687500 0.250000
vt 0.625000 0.500000
vt 0.687500 0.500000
vt 0.734809 0.375000
vt 0.734375 0.500000
vt 0.750000 0.500000
vt 0.750000 0.375000
vt 0.734375 0.250000
vt 0.750000 0.250000
vt 0.796875 0.500000
vt 0.812500 0.500000
vt 0.812500 0.375000
vt 0.796875 0.375000
vt 0.843750 0.500000
vt 0.875000 0.500000
vt 0.875000 0.375000
vt 0.843750 0.375000
vt 0.875000 0.250000
vt 0.843750 0.250000
vt 0.812500 0.250000
vt 0.796875 0.250000
vt 0.596158 0.471159
vt 0.622981 0.375000
vt 0.617100 0.375000
vt 0.586545 0.461545
vt 0.596159 0.278841
vt 0.586545 0.288455
vt 0.577774 0.297226
vt 0.606939 0.375000
vt 0.577774 0.452774
vt 0.591594 0.375000
vt 0.566617 0.441622
vt 0.566617 0.308378
vt 0.555232 0.319725
vt 0.575906 0.375000
vt 0.555232 0.430275
vt 0.403842 0.471158
vt 0.500000 0.497981
vt 0.500000 0.492100
vt 0.413455 0.461545
vt 0.500000 0.481939
vt 0.422226 0.452774
vt 0.500000 0.252019
vt 0.500000 0.257900
vt 0.403842 0.278841
vt 0.413455 0.288455
vt 0.422226 0.297226
vt 0.500000 0.268061
vt 0.377019 0.375000
vt 0.382900 0.375000
vt 0.393061 0.375000
vt 0.625000 0.187500
vt 0.500000 0.185764
vt 0.500000 0.234375
vt 0.625000 0.140625
vt 0.625000 0.125000
vt 0.500000 0.125000
vt 0.500000 0.140191
vt 0.375000 0.125000
vt 0.375000 0.140625
vt 0.375000 0.187500
vt 0.500000 0.466606
vt 0.433383 0.441622
vt 0.500000 0.451003
vt 0.444768 0.430275
vt 0.500000 0.283394
vt 0.433383 0.308378
vt 0.444768 0.319725
vt 0.500000 0.298996
vt 0.408406 0.375000
vt 0.424094 0.375000
vt 0.572619 0.447619
vt 0.572619 0.423413
vt 0.572619 0.423413
vt 0.572619 0.399207
vt 0.572619 0.399206
vt 0.572619 0.423413
vt 0.572619 0.399206
vt 0.572619 0.447619
vt 0.572619 0.447619
vt 0.551626 0.321985
vt 0.550424 0.322739
vt 0.570656 0.374952
vt 0.571968 0.374964
vt 0.554310 0.311876
vt 0.570917 0.339595
vt 0.572750 0.354828
vt 0.572823 0.375000
vt 0.572750 0.395172
vt 0.569826 0.410051
vt 0.548630 0.434432
vt 0.549792 0.426907
vt 0.551152 0.427749
vt 0.447356 0.321261
vt 0.448218 0.321773
vt 0.499659 0.305563
vt 0.499744 0.303921
vt 0.427381 0.302381
vt 0.498177 0.303710
vt 0.447356 0.428739
vt 0.448218 0.428227
vt 0.428913 0.375000
vt 0.427708 0.375000
vt 0.427381 0.447619
vt 0.427381 0.423413
vt 0.427381 0.399206
vt 0.427207 0.375000
vt 0.427381 0.350794
vt 0.427381 0.326587
vt 0.427381 0.302381
vt 0.427381 0.302381
vt 0.497983 0.303053
vt 0.498991 0.302717
vt 0.427381 0.302381
vt 0.500000 0.302381
vt 0.572620 0.302381
vt 0.552447 0.309105
vt 0.562533 0.305743
vt 0.438475 0.347095
vt 0.449570 0.343397
vt 0.429902 0.325747
vt 0.428641 0.326167
vt 0.450579 0.343061
vt 0.451587 0.342725
vt 0.430406 0.325579
vt 0.430154 0.325663
vt 0.427381 0.302381
vt 0.427381 0.302381
vt 0.427381 0.350794
vt 0.427381 0.375000
vt 0.427381 0.375000
vt 0.427381 0.350794
vt 0.427381 0.399206
vt 0.427633 0.374916
vt 0.427381 0.399206
vt 0.427885 0.374832
vt 0.427381 0.350794
vt 0.427381 0.350794
vt 0.427381 0.302381
vt 0.427381 0.326587
vt 0.427381 0.326587
vt 0.572619 0.350794
vt 0.572597 0.326671
vt 0.572620 0.326587
vt 0.572619 0.350794
vt 0.572620 0.302381
vt 0.572620 0.302381
vt 0.572367 0.326671
vt 0.572620 0.302381
vt 0.572115 0.326755
vt 0.572619 0.350794
vt 0.437467 0.347432
vt 0.447553 0.344070
vt 0.429398 0.325915
vt 0.428389 0.326251
vt 0.427381 0.350794
vt 0.427381 0.326587
vt 0.438475 0.443921
vt 0.501261 0.447031
vt 0.502522 0.446779
vt 0.449570 0.440223
vt 0.502774 0.446695
vt 0.503026 0.446611
vt 0.450579 0.439887
vt 0.451587 0.439550
vt 0.500000 0.302381
vt 0.500000 0.302381
vt 0.500000 0.302381
vt 0.428641 0.422993
vt 0.429902 0.422572
vt 0.430406 0.422572
vt 0.430911 0.422572
vt 0.572619 0.375000
vt 0.572367 0.374916
vt 0.572115 0.374832
vt 0.572646 0.375000
vt 0.572640 0.398571
vt 0.572640 0.351429
vt 0.427381 0.423413
vt 0.427381 0.447619
vt 0.427381 0.447619
vt 0.427381 0.399206
vt 0.539561 0.302381
vt 0.498603 0.302381
vt 0.499234 0.302381
vt 0.538417 0.302381
vt 0.449453 0.302381
vt 0.458558 0.302381
vt 0.498679 0.302381
vt 0.451723 0.302381
vt 0.444888 0.302381
vt 0.498125 0.302381
vt 0.537760 0.302381
vt 0.537103 0.302381
vt 0.497500 0.445768
vt 0.497484 0.446733
vt 0.550457 0.439583
vt 0.500000 0.447283
vt 0.572123 0.328837
vt 0.568542 0.310071
vt 0.572574 0.326755
vt 0.427561 0.327259
vt 0.429182 0.309105
vt 0.427359 0.375000
vt 0.427381 0.375000
vt 0.570127 0.421075
vt 0.572619 0.423413
vt 0.463690 0.387103
vt 0.500000 0.389755
vt 0.500000 0.375000
vt 0.455734 0.375000
vt 0.536310 0.387103
vt 0.544267 0.375000
vt 0.536310 0.362897
vt 0.500000 0.360245
vt 0.463690 0.362897
vt 0.548413 0.391138
vt 0.546340 0.390447
vt 0.499496 0.396423
vt 0.497479 0.398030
vt 0.451643 0.391119
vt 0.427381 0.399207
vt 0.548413 0.358862
vt 0.546340 0.359553
vt 0.563766 0.375000
vt 0.566568 0.375000
vt 0.451643 0.358881
vt 0.499496 0.353577
vt 0.497479 0.351970
vt 0.435225 0.375000
vt 0.427381 0.375000
vt 0.463690 0.435516
vt 0.500000 0.438168
vt 0.500000 0.422143
vt 0.451643 0.421881
vt 0.536310 0.435516
vt 0.548357 0.421881
vt 0.500000 0.399206
vt 0.560488 0.443576
vt 0.548357 0.439532
vt 0.500000 0.445004
vt 0.500000 0.446312
vt 0.451643 0.439532
vt 0.439512 0.443576
vt 0.572619 0.399207
vt 0.572619 0.399207
vt 0.567688 0.422442
vt 0.569650 0.422927
vt 0.427381 0.399207
vt 0.500000 0.399207
vt 0.432312 0.422442
vt 0.429846 0.422927
vt 0.463690 0.338690
vt 0.504595 0.342706
vt 0.502914 0.325616
vt 0.451643 0.325055
vt 0.572620 0.326587
vt 0.572620 0.302381
vt 0.503418 0.348982
vt 0.502970 0.349299
vt 0.453660 0.342034
vt 0.452624 0.342379
vt 0.562533 0.305743
vt 0.570602 0.327259
vt 0.571611 0.326923
vt 0.497983 0.303053
vt 0.498739 0.302801
vt 0.432816 0.325448
vt 0.431611 0.325513
vt 0.499496 0.302549
vt 0.499748 0.302465
vt 0.572619 0.302381
vt 0.570602 0.327259
vt 0.571359 0.327007
vt 0.571611 0.326587
vt 0.572619 0.350794
vt 0.570602 0.325915
vt 0.571107 0.326251
vt 0.571611 0.326251
vt 0.562533 0.347432
vt 0.552447 0.344070
vt 0.562533 0.347432
vt 0.502017 0.350121
vt 0.501009 0.350457
vt 0.500000 0.350794
vt 0.500504 0.349281
vt 0.500252 0.350037
vt 0.502522 0.349617
vt 0.501513 0.349449
vt 0.437467 0.395844
vt 0.447553 0.392482
vt 0.429398 0.374328
vt 0.428641 0.374580
vt 0.437467 0.395844
vt 0.427381 0.399207
vt 0.427885 0.374832
vt 0.428641 0.374580
vt 0.427381 0.350794
vt 0.427381 0.399206
vt 0.427381 0.375000
vt 0.427633 0.374916
vt 0.427381 0.399206
vt 0.500000 0.350794
vt 0.500000 0.350794
vt 0.499496 0.350962
vt 0.499748 0.350878
vt 0.572619 0.350794
vt 0.497479 0.351634
vt 0.498487 0.351298
vt 0.497479 0.351802
vt 0.549422 0.358526
vt 0.550430 0.358190
vt 0.561525 0.354492
vt 0.570602 0.374328
vt 0.571359 0.374580
vt 0.572619 0.375000
vt 0.571611 0.374664
vt 0.562533 0.395844
vt 0.552447 0.392482
vt 0.562533 0.395844
vt 0.567576 0.375000
vt 0.570098 0.375000
vt 0.567072 0.375000
vt 0.549422 0.391474
vt 0.550430 0.391810
vt 0.561525 0.395508
vt 0.500000 0.397862
vt 0.500000 0.398534
vt 0.500000 0.398534
vt 0.497479 0.398366
vt 0.498739 0.398786
vt 0.497479 0.398198
vt 0.450579 0.439887
vt 0.449570 0.440223
vt 0.431919 0.423245
vt 0.431415 0.422908
vt 0.447553 0.405930
vt 0.437467 0.402569
vt 0.437467 0.444257
vt 0.447553 0.440895
vt 0.429398 0.422740
vt 0.428389 0.423077
vt 0.437467 0.444257
vt 0.427381 0.399207
vt 0.502017 0.399879
vt 0.501009 0.399543
vt 0.500000 0.399543
vt 0.572619 0.399207
vt 0.497983 0.399879
vt 0.498991 0.399711
vt 0.498991 0.399543
vt 0.562533 0.402569
vt 0.552447 0.405930
vt 0.562533 0.402568
vt 0.572619 0.447619
vt 0.570602 0.424085
vt 0.571611 0.423749
vt 0.571611 0.423413
vt 0.571107 0.423749
vt 0.572619 0.447619
vt 0.572619 0.447619
vt 0.502522 0.446779
vt 0.502774 0.446695
vt 0.500000 0.447619
vt 0.502017 0.446947
vt 0.501009 0.447283
vt 0.437106 0.302381
vt 0.497701 0.302443
vt 0.497430 0.302506
vt 0.433865 0.302381
vt 0.542760 0.302775
vt 0.544816 0.303170
vt 0.497804 0.303108
vt 0.549563 0.307523
vt 0.430623 0.302381
vt 0.558621 0.302796
vt 0.561273 0.303211
vt 0.543442 0.302465
vt 0.546180 0.302549
vt 0.564907 0.306641
vt 0.559400 0.302465
vt 0.437106 0.302381
vt 0.437197 0.302717
vt 0.434045 0.303053
vt 0.431613 0.306079
vt 0.430623 0.302381
vt 0.497871 0.302381
vt 0.497771 0.302381
vt 0.498885 0.302381
vt 0.444888 0.302381
vt 0.445533 0.302381
vt 0.445533 0.302381
vt 0.444888 0.302381
vt 0.446177 0.302381
vt 0.446177 0.302381
vt 0.449453 0.302381
vt 0.498603 0.302381
vt 0.499234 0.302381
vt 0.539561 0.302381
vt 0.538417 0.302381
vt 0.498679 0.302381
vt 0.537760 0.302381
vt 0.537103 0.302381
vt 0.498125 0.302381
vt 0.451723 0.302381
vt 0.554396 0.302381
vt 0.552823 0.302381
vt 0.551920 0.302381
vt 0.551016 0.302381
vt 0.443077 0.302381
vt 0.445806 0.302381
vt 0.445347 0.302381
vt 0.527126 0.302381
vt 0.496619 0.302381
vt 0.497206 0.302381
vt 0.533027 0.302381
vt 0.496618 0.302381
vt 0.527126 0.302381
vt 0.497454 0.302381
vt 0.534849 0.302381
vt 0.534849 0.302381
vt 0.547944 0.302381
vt 0.156250 0.500000
vt 0.187500 0.500000
vt 0.187500 0.375000
vt 0.156250 0.375000
vt 0.234375 0.500000
vt 0.234375 0.375000
vt 0.234375 0.250000
vt 0.187500 0.250000
vt 0.156250 0.250000
vt 0.375000 0.718750
vt 0.500000 0.728299
vt 0.500000 0.689236
vt 0.375000 0.687500
vt 0.625000 0.718750
vt 0.625000 0.687500
vt 0.500000 0.641059
vt 0.625000 0.640625
vt 0.625000 0.625000
vt 0.500000 0.625000
vt 0.375000 0.640625
vt 0.375000 0.625000
vt 0.625000 0.593750
vt 0.625000 0.562500
vt 0.500000 0.564236
vt 0.500000 0.594618
vt 0.500000 0.515625
vt 0.375000 0.562500
vt 0.375000 0.593750
vt 0.499501 0.444348
vt 0.499626 0.446012
vt 0.500000 0.350794
vt 0.497972 0.302381
vt 0.440348 0.302381
vt 0.540704 0.302381
vt 0.440348 0.302381
vt 0.555968 0.302381
vt 0.540704 0.302381
vt 0.497972 0.302381
vt 0.499875 0.449340
vt 0.499751 0.447676
vt 0.446493 0.429251
vt 0.445631 0.429763
vt 0.553872 0.429433
vt 0.552512 0.428591
vt 0.445631 0.320237
vt 0.425299 0.375000
vt 0.426503 0.375000
vt 0.446493 0.320749
vt 0.499915 0.300638
vt 0.499830 0.302280
vt 0.552828 0.321232
vt 0.554030 0.320478
vt 0.574593 0.374988
vt 0.573281 0.374976
vt 0.365256 0.375000
vt 0.384614 0.490386
vt 0.394228 0.480772
vt 0.371138 0.375000
vt 0.384614 0.259614
vt 0.394228 0.269228
vt 0.500000 0.240256
vt 0.500000 0.246137
vt 0.615386 0.259614
vt 0.605772 0.269228
vt 0.500000 0.509744
vt 0.615386 0.490386
vt 0.605772 0.480772
vt 0.500000 0.503862
vt 0.634744 0.375000
vt 0.628863 0.375000
vt 0.375000 0.671875
vt 0.500000 0.673177
vt 0.500000 0.657118
vt 0.375000 0.656250
vt 0.625000 0.671875
vt 0.625000 0.656250
vt 0.203125 0.375000
vt 0.218750 0.375000
vt 0.218750 0.250000
vt 0.203125 0.250000
vt 0.203125 0.500000
vt 0.218750 0.500000
vt 0.765625 0.375000
vt 0.781250 0.375000
vt 0.781250 0.250000
vt 0.765625 0.250000
vt 0.765625 0.500000
vt 0.781250 0.500000
vt 0.500000 0.109375
vt 0.625000 0.109375
vt 0.625000 0.093750
vt 0.500000 0.093750
vt 0.375000 0.109375
vt 0.375000 0.093750
vt 0.125000 0.375000
vt 0.125000 0.250000
vt 0.125000 0.500000
vt 0.500000 0.609809
vt 0.375000 0.609375
vt 0.625000 0.609375
vt 0.500000 0.155382
vt 0.375000 0.156250
vt 0.625000 0.156250
vt 0.719618 0.375000
vt 0.718750 0.250000
vt 0.718750 0.500000
vt 0.280382 0.375000
vt 0.281250 0.500000
vt 0.281250 0.250000
s 1
usemtl Scene_-_Root
f 1/1/1 172/2/2 464/3/3
f 1/1/1 464/3/3 169/4/4
f 172/2/2 6/5/5 174/6/6
f 172/2/2 174/6/6 464/3/3
f 464/3/3 174/6/6 10/7/7
f 464/3/3 10/7/7 175/8/8
f 169/4/4 464/3/3 175/8/8
f 169/4/4 175/8/8 7/9/9
f 12/10/10 181/11/11 465/12/12
f 12/10/10 465/12/12 211/13/13
f 181/11/11 13/14/14 185/15/15
f 181/11/11 185/15/15 465/12/12
f 985/16/16 984/17/17 26/18/18
f 985/16/16 26/18/18 206/19/19
f 980/20/20 985/16/16 206/19/19
f 980/20/20 206/19/19 30/21/21
f 951/22/22 945/23/23 466/24/24
f 951/22/22 466/24/24 212/25/25
f 945/23/23 944/26/26 179/27/27
f 945/23/23 179/27/27 466/24/24
f 937/28/28 932/29/29 5/30/5
f 937/28/28 5/30/5 171/31/2
f 935/32/30 937/28/28 171/31/2
f 935/32/30 171/31/2 2/33/1
f 14/34/31 182/35/32 467/36/33
f 14/34/31 467/36/33 214/37/34
f 182/35/32 11/38/35 186/39/36
f 182/35/32 186/39/36 467/36/33
f 986/40/37 977/41/38 27/42/39
f 986/40/37 27/42/39 207/43/40
f 981/44/41 986/40/37 207/43/40
f 981/44/41 207/43/40 23/45/42
f 949/46/43 208/47/44 468/48/45
f 949/46/43 468/48/45 946/49/46
f 933/50/47 9/51/7 173/52/48
f 933/50/47 173/52/48 938/53/49
f 938/53/49 173/52/48 4/54/5
f 938/53/49 4/54/5 931/55/50
f 946/49/46 468/48/45 178/56/51
f 946/49/46 178/56/51 943/57/52
f 907/58/53 903/59/54 469/60/55
f 907/58/53 469/60/55 193/61/56
f 903/59/54 901/62/57 192/63/58
f 903/59/54 192/63/58 469/60/55
f 469/60/55 192/63/58 18/64/59
f 469/60/55 18/64/59 190/65/60
f 193/61/56 469/60/55 190/65/60
f 193/61/56 190/65/60 15/66/61
f 15/66/61 190/65/60 470/67/62
f 15/66/61 470/67/62 201/68/63
f 190/65/60 18/64/59 200/69/64
f 190/65/60 200/69/64 470/67/62
f 470/67/62 200/69/64 22/70/65
f 470/67/62 22/70/65 198/71/66
f 201/68/63 470/67/62 198/71/66
f 201/68/63 198/71/66 19/72/67
f 908/73/68 904/74/69 471/75/70
f 908/73/68 471/75/70 194/76/71
f 904/74/69 907/58/53 193/61/56
f 904/74/69 193/61/56 471/75/70
f 471/75/70 193/61/56 15/66/61
f 471/75/70 15/66/61 188/77/72
f 194/76/71 471/75/70 188/77/72
f 194/76/71 188/77/72 16/78/73
f 901/62/57 905/79/74 472/80/75
f 901/62/57 472/80/75 192/63/58
f 905/79/74 902/81/76 195/82/77
f 905/79/74 195/82/77 472/80/75
f 472/80/75 195/82/77 17/83/78
f 472/80/75 17/83/78 191/84/79
f 192/63/58 472/80/75 191/84/79
f 192/63/58 191/84/79 18/64/59
f 902/81/76 906/85/80 473/86/81
f 902/81/76 473/86/81 195/82/77
f 906/85/80 908/73/68 194/76/71
f 906/85/80 194/76/71 473/86/81
f 473/86/81 194/76/71 16/78/73
f 473/86/81 16/78/73 189/87/82
f 195/82/77 473/86/81 189/87/82
f 195/82/77 189/87/82 17/83/78
f 14/34/31 215/88/83 474/89/84
f 14/34/31 474/89/84 183/90/85
f 982/91/86 24/92/42 205/93/87
f 982/91/86 205/93/87 987/94/88
f 987/94/88 205/93/87 25/95/89
f 987/94/88 25/95/89 983/96/17
f 183/90/85 474/89/84 184/97/90
f 183/90/85 184/97/90 13/14/14
f 16/78/73 188/77/72 475/98/91
f 16/78/73 475/98/91 202/99/92
f 188/77/72 15/66/61 201/68/63
f 188/77/72 201/68/63 475/98/91
f 475/98/91 201/68/63 19/72/67
f 475/98/91 19/72/67 196/100/93
f 202/99/92 475/98/91 196/100/93
f 202/99/92 196/100/93 20/101/94
f 18/64/59 191/84/79 476/102/95
f 18/64/59 476/102/95 200/69/64
f 191/84/79 17/83/78 203/103/96
f 191/84/79 203/103/96 476/102/95
f 476/102/95 203/103/96 21/104/97
f 476/102/95 21/104/97 199/105/98
f 200/69/64 476/102/95 199/105/98
f 200/69/64 199/105/98 22/70/65
f 17/83/78 189/87/82 477/106/99
f 17/83/78 477/106/99 203/103/96
f 189/87/82 16/78/73 202/99/92
f 189/87/82 202/99/92 477/106/99
f 477/106/99 202/99/92 20/101/94
f 477/106/99 20/101/94 197/107/100
f 203/103/96 477/106/99 197/107/100
f 203/103/96 197/107/100 21/104/97
f 794/108/101 796/109/102 479/110/103
f 794/108/101 479/110/103 262/108/104
f 796/109/102 788/111/105 257/112/106
f 796/109/102 257/112/106 479/110/103
f 765/113/107 757/114/108 57/114/109
f 765/113/107 57/114/109 217/109/110
f 763/115/111 766/113/107 217/109/112
f 763/115/111 217/109/112 47/116/113
f 877/117/114 456/118/115 480/119/116
f 877/117/114 480/119/116 881/120/117
f 44/121/118 232/122/119 481/119/120
f 44/121/118 481/119/120 457/118/115
f 32/123/121 223/124/122 481/119/120
f 32/123/121 481/119/120 232/122/119
f 34/125/123 224/126/124 481/119/120
f 34/125/123 481/119/120 223/124/122
f 39/127/125 461/128/126 481/119/120
f 39/127/125 481/119/120 224/126/124
f 879/129/127 881/120/117 480/119/116
f 879/129/127 480/119/116 460/128/128
f 878/130/129 459/131/130 482/132/131
f 878/130/129 482/132/131 882/133/132
f 458/131/130 42/134/133 404/135/134
f 458/131/130 404/135/134 483/132/131
f 483/132/131 404/135/134 44/121/118
f 483/132/131 44/121/118 457/118/115
f 882/133/132 482/132/131 456/118/115
f 882/133/132 456/118/115 877/117/114
f 880/136/135 463/137/136 485/138/137
f 880/136/135 485/138/137 883/139/138
f 40/140/139 230/141/140 484/138/141
f 40/140/139 484/138/141 462/137/136
f 35/142/142 225/143/143 484/138/141
f 35/142/142 484/138/141 230/141/140
f 37/144/144 227/145/145 484/138/141
f 37/144/144 484/138/141 225/143/143
f 42/134/133 458/131/130 484/138/141
f 42/134/133 484/138/141 227/145/145
f 878/130/129 883/139/138 485/138/137
f 878/130/129 485/138/137 459/131/130
f 716/146/146 332/147/147 486/148/148
f 716/146/146 486/148/148 718/149/149
f 331/147/147 108/150/150 338/151/151
f 331/147/147 338/151/151 487/148/148
f 487/148/148 338/151/151 105/152/152
f 487/148/148 105/152/152 328/153/153
f 718/149/149 486/148/148 327/153/153
f 718/149/149 327/153/153 715/154/154
f 647/155/155 326/156/156 488/157/157
f 647/155/155 488/157/157 654/158/158
f 624/159/159 101/160/160 337/161/161
f 624/159/159 337/161/161 630/162/162
f 630/162/162 337/161/161 110/134/163
f 630/162/162 110/134/163 628/163/164
f 654/158/158 488/157/157 334/134/165
f 654/158/158 334/134/165 653/164/166
f 783/165/167 798/166/168 489/167/169
f 783/165/167 489/167/169 252/168/170
f 798/166/168 787/142/171 253/169/172
f 798/166/168 253/169/172 489/167/169
f 769/170/173 756/171/174 56/142/175
f 769/170/173 56/142/175 220/172/176
f 753/173/177 769/170/173 220/172/176
f 753/173/177 220/172/176 53/174/178
f 781/175/179 799/145/180 491/176/181
f 781/175/179 491/176/181 250/175/182
f 799/145/180 783/165/167 252/168/170
f 799/145/180 252/168/170 491/176/181
f 772/177/183 753/173/177 53/174/178
f 772/177/183 53/174/178 221/145/184
f 750/175/185 772/177/183 221/145/184
f 750/175/185 221/145/184 51/175/186
f 791/178/187 800/179/188 493/180/189
f 791/178/187 493/180/189 259/181/190
f 800/179/188 780/182/191 243/183/192
f 800/179/188 243/183/192 493/180/189
f 773/184/193 749/185/194 52/152/195
f 773/184/193 52/152/195 239/186/196
f 759/187/197 773/184/193 239/186/196
f 759/187/197 239/186/196 59/187/198
f 711/188/199 316/189/200 495/190/201
f 711/188/199 495/190/201 719/191/202
f 315/189/203 102/192/204 335/193/205
f 315/189/203 335/193/205 494/190/206
f 494/190/206 335/193/205 108/150/150
f 494/190/206 108/150/150 331/147/147
f 719/191/202 495/190/201 332/147/147
f 719/191/202 332/147/147 716/146/146
f 795/194/207 801/195/208 496/196/209
f 795/194/207 496/196/209 263/197/210
f 801/195/208 793/108/211 262/108/104
f 801/195/208 262/108/104 496/196/209
f 774/198/212 762/115/111 45/116/213
f 774/198/212 45/116/213 236/199/214
f 764/200/215 774/198/212 236/199/214
f 764/200/215 236/199/214 49/201/216
f 780/182/191 802/202/217 497/203/218
f 780/182/191 497/203/218 243/183/192
f 803/202/219 781/175/179 250/175/182
f 803/202/219 250/175/182 498/203/220
f 775/202/221 750/175/222 50/175/223
f 775/202/221 50/175/223 241/204/224
f 748/185/194 776/202/225 240/204/226
f 748/185/194 240/204/226 52/152/195
f 786/142/171 804/205/227 500/206/228
f 786/142/171 500/206/228 253/169/172
f 804/205/227 795/194/207 263/197/210
f 804/205/227 263/197/210 500/206/228
f 778/207/229 764/200/215 49/201/216
f 778/207/229 49/201/216 237/208/230
f 755/171/231 778/207/229 237/208/230
f 755/171/231 237/208/230 54/142/232
f 788/111/105 805/209/233 502/209/234
f 788/111/105 502/209/234 257/112/106
f 805/209/233 792/178/187 259/181/235
f 805/209/233 259/181/235 502/209/234
f 779/210/236 759/187/197 59/187/198
f 779/210/236 59/187/198 216/211/237
f 757/114/108 779/210/236 216/211/237
f 757/114/108 216/211/237 57/114/109
f 33/125/123 222/124/238 503/212/239
f 33/125/123 503/212/239 270/213/240
f 222/124/238 31/123/241 272/214/242
f 222/124/238 272/214/242 503/212/239
f 503/212/239 272/214/242 78/187/243
f 503/212/239 78/187/243 274/209/244
f 270/213/240 503/212/239 274/209/244
f 270/213/240 274/209/244 76/111/245
f 36/142/142 231/141/140 505/215/246
f 36/142/142 505/215/246 269/169/247
f 231/141/140 41/140/248 248/216/249
f 231/141/140 248/216/249 505/215/246
f 504/215/250 245/216/249 65/217/251
f 504/215/250 65/217/251 276/141/252
f 268/169/253 504/215/250 276/141/252
f 268/169/253 276/141/252 74/218/254
f 836/219/255 842/220/256 507/221/257
f 836/219/255 507/221/257 434/222/258
f 842/220/256 832/223/259 430/224/260
f 842/220/256 430/224/260 507/221/257
f 861/225/261 853/226/262 155/227/263
f 861/225/261 155/227/263 420/228/264
f 855/229/265 862/225/266 419/228/267
f 855/229/265 419/228/267 154/230/268
f 40/140/139 229/231/269 508/232/270
f 40/140/139 508/232/270 246/216/271
f 229/231/269 39/127/125 244/233/272
f 229/231/269 244/233/272 508/232/270
f 508/232/270 244/233/272 64/108/273
f 508/232/270 64/108/273 280/234/274
f 247/216/271 508/232/270 280/234/274
f 247/216/271 280/234/274 66/217/275
f 32/123/121 232/122/119 509/235/276
f 32/123/121 509/235/276 273/214/242
f 232/122/119 44/121/118 260/236/277
f 232/122/119 260/236/277 509/235/276
f 509/235/276 260/236/277 142/182/278
f 509/235/276 142/182/278 282/237/279
f 273/214/242 509/235/276 282/237/279
f 273/214/242 282/237/279 79/187/243
f 43/134/280 228/145/281 511/238/282
f 43/134/280 511/238/282 265/239/283
f 228/145/281 38/144/284 266/168/285
f 228/145/281 266/168/285 511/238/282
f 510/238/286 267/168/285 70/165/287
f 510/238/286 70/165/287 283/145/288
f 264/239/289 510/238/286 283/145/288
f 264/239/289 283/145/288 149/147/290
f 38/144/284 226/143/291 512/240/292
f 38/144/284 512/240/292 266/168/285
f 226/143/291 36/142/142 269/169/247
f 226/143/291 269/169/247 512/240/292
f 512/240/292 269/169/247 75/218/254
f 512/240/292 75/218/254 285/241/293
f 266/168/285 512/240/292 285/241/293
f 266/168/285 285/241/293 71/165/294
f 39/127/125 224/126/124 513/242/295
f 39/127/125 513/242/295 244/233/272
f 224/126/124 34/125/123 271/213/296
f 224/126/124 271/213/296 513/242/295
f 513/242/295 271/213/296 77/111/245
f 513/242/295 77/111/245 286/243/297
f 244/233/272 513/242/295 286/243/297
f 244/233/272 286/243/297 64/108/273
f 80/244/298 287/245/299 514/246/300
f 80/244/298 514/246/300 290/247/301
f 287/245/299 81/248/302 288/249/303
f 287/245/299 288/249/303 514/246/300
f 514/246/300 288/249/303 82/250/304
f 514/246/300 82/250/304 289/251/305
f 290/247/301 514/246/300 289/251/305
f 290/247/301 289/251/305 83/252/306
f 113/253/307 291/254/308 515/255/309
f 113/253/307 515/255/309 373/256/310
f 291/254/308 81/248/302 287/245/299
f 291/254/308 287/245/299 515/255/309
f 515/255/309 287/245/299 80/244/298
f 515/255/309 80/244/298 351/257/311
f 373/256/310 515/255/309 351/257/311
f 373/256/310 351/257/311 115/258/312
f 120/259/313 294/260/314 516/261/315
f 120/259/313 516/261/315 370/262/316
f 294/260/314 82/250/304 288/249/303
f 294/260/314 288/249/303 516/261/315
f 516/261/315 288/249/303 81/248/302
f 516/261/315 81/248/302 291/254/308
f 370/262/316 516/261/315 291/254/308
f 370/262/316 291/254/308 113/253/307
f 124/192/317 295/263/318 517/264/319
f 124/192/317 517/264/319 367/265/320
f 295/263/318 83/252/306 289/251/305
f 295/263/318 289/251/305 517/264/319
f 517/264/319 289/251/305 82/250/304
f 517/264/319 82/250/304 294/260/314
f 367/265/320 517/264/319 294/260/314
f 367/265/320 294/260/314 120/259/313
f 115/258/312 351/257/311 518/266/321
f 115/258/312 518/266/321 365/267/322
f 351/257/311 80/244/298 290/247/301
f 351/257/311 290/247/301 518/266/321
f 518/266/321 290/247/301 83/252/306
f 518/266/321 83/252/306 295/263/318
f 365/267/322 518/266/321 295/263/318
f 365/267/322 295/263/318 124/192/317
f 84/268/323 296/269/324 519/270/325
f 84/268/323 519/270/325 300/271/326
f 296/269/324 85/272/327 297/273/328
f 296/269/324 297/273/328 519/270/325
f 519/270/325 297/273/328 86/114/329
f 519/270/325 86/114/329 298/274/330
f 300/271/326 519/270/325 298/274/330
f 300/271/326 298/274/330 89/142/331
f 699/275/332 301/276/333 520/277/334
f 699/275/332 520/277/334 706/278/335
f 301/276/333 85/272/327 296/269/324
f 301/276/333 296/269/324 520/277/334
f 520/277/334 296/269/324 84/268/323
f 520/277/334 84/268/323 378/279/336
f 706/278/335 520/277/334 378/279/336
f 706/278/335 378/279/336 705/280/337
f 700/281/338 303/282/339 521/283/340
f 700/281/338 521/283/340 707/284/341
f 303/282/339 86/114/329 297/273/328
f 303/282/339 297/273/328 521/283/340
f 521/283/340 297/273/328 85/272/327
f 521/283/340 85/272/327 301/276/333
f 707/284/341 521/283/340 301/276/333
f 707/284/341 301/276/333 699/275/332
f 704/285/342 306/285/343 522/286/344
f 704/285/342 522/286/344 709/286/345
f 306/285/343 88/142/346 299/274/330
f 306/285/343 299/274/330 522/286/344
f 522/286/344 299/274/330 87/114/347
f 522/286/344 87/114/347 304/282/348
f 709/286/345 522/286/344 304/282/348
f 709/286/345 304/282/348 701/281/349
f 705/280/337 378/279/336 523/287/350
f 705/280/337 523/287/350 710/288/351
f 378/279/336 84/268/323 300/271/326
f 378/279/336 300/271/326 523/287/350
f 523/287/350 300/271/326 89/142/331
f 523/287/350 89/142/331 305/285/352
f 710/288/351 523/287/350 306/285/343
f 710/288/351 306/285/343 703/285/353
f 90/289/354 307/290/355 524/291/356
f 90/289/354 524/291/356 312/292/357
f 307/290/355 91/187/358 308/293/359
f 307/290/355 308/293/359 524/291/356
f 524/291/356 308/293/359 93/294/360
f 524/291/356 93/294/360 310/204/361
f 312/292/357 524/291/356 310/204/361
f 312/292/357 310/204/361 96/134/362
f 638/187/363 314/181/364 525/295/365
f 638/187/363 525/295/365 642/296/366
f 314/181/364 91/187/358 307/290/355
f 314/181/364 307/290/355 525/295/365
f 525/295/365 307/290/355 90/289/354
f 525/295/365 90/289/354 325/297/367
f 642/296/366 525/295/365 325/297/367
f 642/296/366 325/297/367 641/298/368
f 639/299/369 317/153/370 526/300/371
f 639/299/369 526/300/371 643/301/372
f 318/153/373 94/294/360 309/293/374
f 318/153/373 309/293/374 527/300/375
f 527/300/375 309/293/374 92/187/376
f 527/300/375 92/187/376 313/181/377
f 643/301/372 526/300/371 314/181/364
f 643/301/372 314/181/364 638/187/363
f 640/175/378 320/175/379 528/302/380
f 640/175/378 528/302/380 644/303/381
f 319/175/382 95/134/362 311/204/383
f 319/175/382 311/204/383 529/302/384
f 529/302/384 311/204/383 94/294/360
f 529/302/384 94/294/360 318/153/373
f 644/303/381 528/302/380 317/153/370
f 644/303/381 317/153/370 639/299/369
f 641/298/368 325/297/367 530/304/385
f 641/298/368 530/304/385 645/305/386
f 325/297/367 90/289/354 312/292/357
f 325/297/367 312/292/357 530/304/385
f 530/304/385 312/292/357 96/134/362
f 530/304/385 96/134/362 320/175/379
f 645/305/386 530/304/385 320/175/379
f 645/305/386 320/175/379 640/175/378
f 652/164/387 333/134/388 531/203/389
f 652/164/387 531/203/389 655/202/390
f 628/163/164 110/134/163 339/306/391
f 628/163/164 339/306/391 633/307/392
f 631/307/393 339/306/391 107/308/394
f 631/307/393 107/308/394 627/185/395
f 655/202/390 531/203/389 329/294/396
f 655/202/390 329/294/396 650/185/397
f 715/154/154 327/153/153 534/309/398
f 715/154/154 534/309/398 720/310/399
f 328/153/153 105/152/152 341/311/400
f 328/153/153 341/311/400 535/309/398
f 535/309/398 341/311/400 97/187/401
f 535/309/398 97/187/401 321/181/402
f 720/310/399 534/309/398 322/181/403
f 720/310/399 322/181/403 713/312/404
f 649/185/405 330/294/406 536/313/407
f 649/185/405 536/313/407 656/314/408
f 625/185/409 106/308/410 343/293/411
f 625/185/409 343/293/411 634/315/412
f 634/315/412 343/293/411 100/187/413
f 634/315/412 100/187/413 623/316/414
f 656/314/408 536/313/407 323/317/415
f 656/314/408 323/317/415 646/318/416
f 714/312/417 322/181/403 539/319/418
f 714/312/417 539/319/418 721/320/419
f 321/181/402 97/187/401 344/321/420
f 321/181/402 344/321/420 538/319/418
f 538/319/418 344/321/420 102/192/204
f 538/319/418 102/192/204 315/189/203
f 721/320/419 539/319/418 316/189/200
f 721/320/419 316/189/200 711/188/199
f 646/318/416 323/317/415 540/322/421
f 646/318/416 540/322/421 657/323/422
f 623/316/414 100/187/413 347/324/423
f 623/316/414 347/324/423 637/325/424
f 636/325/425 346/324/426 101/160/160
f 636/325/425 101/160/160 624/159/159
f 657/323/422 540/322/421 326/156/156
f 657/323/422 326/156/156 647/155/155
f 722/326/427 293/327/428 543/328/429
f 722/326/427 543/328/429 728/329/430
f 671/330/431 117/331/432 363/332/433
f 671/330/431 363/332/433 678/333/434
f 678/333/434 363/332/433 122/192/435
f 678/333/434 122/192/435 675/192/436
f 728/329/430 543/328/429 360/334/437
f 728/329/430 360/334/437 727/334/438
f 659/335/439 352/285/440 544/336/441
f 659/335/439 544/336/441 667/337/442
f 608/338/443 114/258/444 364/267/445
f 608/338/443 364/267/445 617/267/446
f 616/267/446 365/267/447 123/192/448
f 616/267/446 123/192/448 613/173/449
f 667/337/442 544/336/441 361/334/450
f 667/337/442 361/334/450 666/334/451
f 727/334/438 360/334/437 545/339/452
f 727/334/438 545/339/452 729/340/453
f 676/192/454 122/192/455 366/341/456
f 676/192/454 366/341/456 679/342/457
f 679/342/457 366/341/456 119/343/458
f 679/342/457 119/343/458 674/187/459
f 729/340/453 545/339/452 355/181/460
f 729/340/453 355/181/460 724/187/461
f 665/334/462 361/334/450 547/344/463
f 665/334/462 547/344/463 668/345/464
f 614/173/465 124/192/317 367/265/320
f 614/173/465 367/265/320 618/346/466
f 618/346/466 367/265/320 120/259/313
f 618/346/466 120/259/313 612/347/467
f 668/345/464 547/344/463 358/348/468
f 668/345/464 358/348/468 663/349/469
f 726/187/461 357/181/470 549/350/471
f 726/187/461 549/350/471 730/351/472
f 673/187/459 118/343/473 369/352/474
f 673/187/459 369/352/474 680/353/475
f 680/353/475 369/352/474 112/282/476
f 680/353/475 112/282/476 672/354/477
f 730/351/472 549/350/471 348/355/478
f 730/351/472 348/355/478 723/356/479
f 663/349/469 358/348/468 551/357/480
f 663/349/469 551/357/480 669/358/481
f 612/347/467 120/259/313 370/262/316
f 612/347/467 370/262/316 619/359/482
f 619/359/482 370/262/316 113/253/307
f 619/359/482 113/253/307 607/360/483
f 669/358/481 551/357/480 350/361/484
f 669/358/481 350/361/484 658/362/485
f 723/356/479 348/355/478 553/363/486
f 723/356/479 553/363/486 731/364/487
f 672/354/477 112/282/476 372/286/488
f 672/354/477 372/286/488 681/365/489
f 681/365/489 372/286/488 117/331/432
f 681/365/489 117/331/432 671/330/431
f 731/364/487 553/363/486 293/327/428
f 731/364/487 293/327/428 722/326/427
f 658/362/485 350/361/484 556/366/490
f 658/362/485 556/366/490 670/367/491
f 607/360/483 113/253/307 373/256/310
f 607/360/483 373/256/310 621/368/492
f 622/368/493 373/256/310 115/258/312
f 622/368/493 115/258/312 611/338/494
f 670/367/495 557/366/496 353/285/497
f 670/367/495 353/285/497 661/335/498
f 732/369/499 302/370/500 558/371/501
f 732/369/499 558/371/501 741/372/502
f 302/370/500 131/140/503 389/141/504
f 302/370/500 389/141/504 558/371/501
f 558/371/501 389/141/504 138/331/505
f 558/371/501 138/331/505 385/373/506
f 740/372/507 559/371/501 386/373/508
f 740/372/507 386/373/508 739/374/509
f 684/375/510 380/376/511 562/377/512
f 684/375/510 562/377/512 687/378/513
f 692/379/514 129/217/515 391/141/516
f 692/379/514 391/141/516 695/378/517
f 695/378/517 391/141/516 141/335/518
f 695/378/517 141/335/518 694/285/519
f 687/378/513 562/377/512 387/285/520
f 687/378/513 387/285/520 686/380/521
f 739/374/509 386/373/508 564/381/522
f 739/374/509 564/381/522 742/382/523
f 385/373/506 138/331/505 394/383/524
f 385/373/506 394/383/524 563/381/525
f 563/381/525 394/383/524 133/384/526
f 563/381/525 133/384/526 381/282/527
f 742/382/523 564/381/522 382/282/528
f 742/382/523 382/282/528 737/282/529
f 686/380/521 387/285/520 565/385/530
f 686/380/521 565/385/530 688/386/531
f 694/285/519 141/335/518 396/286/532
f 694/285/519 396/286/532 696/387/533
f 696/387/533 396/286/532 137/384/534
f 696/387/533 137/384/534 693/388/535
f 688/386/531 565/385/530 383/389/536
f 688/386/531 383/389/536 685/390/537
f 737/282/529 382/282/528 567/110/538
f 737/282/529 567/110/538 744/110/539
f 382/282/528 134/384/526 397/243/540
f 382/282/528 397/243/540 567/110/538
f 567/110/538 397/243/540 125/391/541
f 567/110/538 125/391/541 374/391/542
f 744/110/539 568/110/538 375/391/543
f 744/110/539 375/391/543 735/115/544
f 685/390/537 383/389/536 569/392/545
f 685/390/537 569/392/545 689/393/546
f 693/388/535 137/384/534 399/394/547
f 693/388/535 399/394/547 697/395/548
f 697/395/548 399/394/547 128/396/549
f 697/395/548 128/396/549 691/396/550
f 689/393/546 569/392/545 377/391/551
f 689/393/546 377/391/551 683/397/552
f 734/115/553 375/391/554 571/398/555
f 734/115/553 571/398/555 745/399/556
f 374/391/542 126/391/557 400/400/558
f 374/391/542 400/400/558 571/398/555
f 571/398/555 400/400/558 131/140/503
f 571/398/555 131/140/503 302/370/500
f 745/399/556 571/398/555 302/370/500
f 745/399/556 302/370/500 732/369/499
f 683/397/552 377/391/551 573/401/559
f 683/397/552 573/401/559 690/402/560
f 691/396/550 128/396/549 402/400/561
f 691/396/550 402/400/561 698/402/562
f 698/402/562 402/400/561 129/217/515
f 698/402/562 129/217/515 692/379/514
f 690/402/560 573/401/559 380/376/511
f 690/402/560 380/376/511 684/375/510
f 818/403/563 824/404/564 574/405/565
f 818/403/563 574/405/565 413/406/566
f 824/404/564 820/407/567 414/408/568
f 824/404/564 414/408/568 574/405/565
f 812/409/569 808/410/570 44/121/118
f 812/409/569 44/121/118 404/135/134
f 806/411/571 812/409/569 404/135/134
f 806/411/571 404/135/134 42/134/133
f 820/407/567 826/412/572 576/413/573
f 820/407/567 576/413/573 414/408/568
f 825/412/572 821/414/574 415/415/575
f 825/412/572 415/415/575 575/413/576
f 813/416/577 809/417/578 142/182/278
f 813/416/577 142/182/278 260/236/277
f 808/410/570 813/416/577 260/236/277
f 808/410/570 260/236/277 44/121/118
f 822/418/579 828/419/580 577/420/581
f 822/418/579 577/420/581 418/406/582
f 827/419/583 819/403/563 412/406/566
f 827/419/583 412/406/566 578/420/584
f 815/421/585 807/411/586 43/134/280
f 815/421/585 43/134/280 265/239/283
f 810/422/587 814/421/588 264/239/289
f 810/422/587 264/239/289 149/147/290
f 821/414/574 829/423/589 579/424/590
f 821/414/574 579/424/590 415/415/575
f 830/423/591 822/418/579 418/406/582
f 830/423/591 418/406/582 580/424/592
f 817/425/593 811/422/587 150/147/290
f 817/425/593 150/147/290 278/202/594
f 809/417/578 816/425/595 279/202/596
f 809/417/578 279/202/596 142/182/278
f 156/227/597 426/426/598 583/427/599
f 156/227/597 583/427/599 452/428/600
f 426/426/598 160/429/601 450/428/602
f 426/426/598 450/428/602 583/427/599
f 583/427/599 450/428/602 168/430/603
f 583/427/599 168/430/603 445/430/604
f 452/428/600 583/427/599 445/430/604
f 452/428/600 445/430/604 164/431/605
f 839/432/606 844/433/607 585/434/608
f 839/432/606 585/434/608 438/224/609
f 844/433/607 838/435/610 435/436/611
f 844/433/607 435/436/611 585/434/608
f 864/437/612 858/438/613 157/439/614
f 864/437/612 157/439/614 428/440/615
f 860/441/616 863/437/617 427/440/618
f 860/441/616 427/440/618 160/429/601
f 838/435/610 846/442/619 587/443/620
f 838/435/610 587/443/620 435/436/611
f 848/442/621 836/219/255 434/222/258
f 848/442/621 434/222/258 589/443/622
f 866/444/623 856/229/624 153/230/625
f 866/444/623 153/230/625 423/445/626
f 858/438/613 866/444/623 423/445/626
f 858/438/613 423/445/626 157/439/614
f 831/223/627 849/446/628 590/447/629
f 831/223/627 590/447/629 429/224/630
f 851/446/631 840/432/632 437/224/633
f 851/446/631 437/224/633 592/447/634
f 867/448/635 859/441/636 159/429/637
f 867/448/635 159/429/637 425/426/638
f 854/226/262 868/448/635 426/426/598
f 854/226/262 426/426/598 156/227/597
f 161/449/639 442/450/640 595/451/641
f 161/449/639 595/451/641 444/452/642
f 442/450/640 164/431/605 445/430/604
f 442/450/640 445/430/604 595/451/641
f 594/451/643 446/430/644 168/430/603
f 594/451/643 168/430/603 448/453/645
f 443/452/646 594/451/643 447/453/645
f 443/452/646 447/453/645 166/454/647
f 154/230/648 421/228/267 598/455/649
f 154/230/648 598/455/649 453/456/650
f 422/228/264 156/227/597 452/428/600
f 422/228/264 452/428/600 597/455/649
f 596/455/649 451/428/651 165/431/652
f 596/455/649 165/431/652 441/450/653
f 453/456/650 598/455/649 442/450/653
f 453/456/650 442/450/653 162/449/654
f 160/429/601 427/440/618 599/455/655
f 160/429/601 599/455/655 450/428/602
f 427/440/618 158/439/656 455/457/657
f 427/440/618 455/457/657 599/455/655
f 599/455/655 455/457/657 167/454/658
f 599/455/655 167/454/658 449/453/645
f 450/428/602 599/455/655 449/453/645
f 450/428/602 449/453/645 168/430/603
f 158/439/656 424/445/659 601/458/660
f 158/439/656 601/458/660 455/457/657
f 423/445/626 153/230/625 453/456/661
f 423/445/626 453/456/661 600/458/662
f 600/458/662 453/456/661 163/449/663
f 600/458/662 163/449/663 443/452/646
f 454/457/664 600/458/662 443/452/646
f 454/457/664 443/452/646 166/454/647
f 930/459/665 177/460/666 602/461/667
f 930/459/665 602/461/667 939/462/668
f 958/463/669 30/21/21 206/19/19
f 958/463/669 206/19/19 963/464/670
f 963/464/670 206/19/19 26/18/18
f 963/464/670 26/18/18 956/465/22
f 939/462/668 602/461/667 213/466/671
f 939/462/668 213/466/671 936/467/30
f 929/468/672 940/469/673 603/470/674
f 929/468/672 603/470/674 176/471/675
f 940/469/673 934/472/47 209/473/44
f 940/469/673 209/473/44 603/470/674
f 964/474/676 954/475/677 28/476/678
f 964/474/676 28/476/678 204/477/679
f 957/478/669 964/474/676 204/477/679
f 957/478/669 204/477/679 29/479/680
f 968/480/681 187/481/36 604/482/682
f 968/480/681 604/482/682 976/483/683
f 187/481/36 11/38/35 180/484/684
f 187/481/36 180/484/684 604/482/682
f 604/482/682 180/484/684 12/10/10
f 604/482/682 12/10/10 210/485/685
f 976/483/683 604/482/682 210/485/685
f 976/483/683 210/485/685 969/486/686
f 879/129/127 460/128/128 606/487/687
f 879/129/127 606/487/687 884/488/688
f 461/128/126 39/127/125 229/231/269
f 461/128/126 229/231/269 605/487/687
f 605/487/687 229/231/269 40/140/139
f 605/487/687 40/140/139 462/137/136
f 884/488/688 606/487/687 463/137/136
f 884/488/688 463/137/136 880/136/135
f 554/366/490 620/368/493 610/338/689
f 554/366/490 610/338/689 353/285/690
f 350/361/484 607/360/483 620/368/492
f 350/361/484 620/368/492 555/366/490
f 551/357/480 619/359/482 607/360/483
f 551/357/480 607/360/483 350/361/484
f 358/348/468 612/347/467 619/359/482
f 358/348/468 619/359/482 551/357/480
f 546/344/463 618/346/466 612/347/467
f 546/344/463 612/347/467 358/348/468
f 362/334/691 615/173/465 618/346/692
f 362/334/691 618/346/692 548/344/463
f 544/336/441 616/267/446 613/173/449
f 544/336/441 613/173/449 361/334/450
f 352/285/440 609/338/494 616/267/446
f 352/285/440 616/267/446 544/336/441
f 540/322/421 635/325/425 624/159/159
f 540/322/421 624/159/159 326/156/156
f 324/317/415 623/316/414 637/325/424
f 324/317/415 637/325/424 541/322/693
f 537/313/407 634/315/412 623/316/414
f 537/313/407 623/316/414 324/317/415
f 329/294/406 625/185/409 634/315/412
f 329/294/406 634/315/412 537/313/407
f 532/203/694 633/307/392 626/185/395
f 532/203/694 626/185/395 329/294/396
f 334/134/165 629/163/695 632/307/392
f 334/134/165 632/307/392 533/203/696
f 488/157/157 630/162/162 629/163/695
f 488/157/157 629/163/695 334/134/165
f 326/156/156 624/159/159 630/162/162
f 326/156/156 630/162/162 488/157/157
f 337/161/161 645/305/386 640/175/378
f 337/161/161 640/175/378 110/134/163
f 101/160/160 641/298/368 645/305/386
f 101/160/160 645/305/386 337/161/161
f 339/306/391 644/303/381 639/299/369
f 339/306/391 639/299/369 107/308/394
f 110/134/163 640/175/378 644/303/381
f 110/134/163 644/303/381 339/306/391
f 342/293/697 643/301/372 638/187/363
f 342/293/697 638/187/363 99/187/698
f 107/308/394 639/299/369 643/301/372
f 107/308/394 643/301/372 342/293/697
f 346/324/426 642/296/366 641/298/368
f 346/324/426 641/298/368 101/160/160
f 99/187/698 638/187/363 642/296/366
f 99/187/698 642/296/366 346/324/426
f 345/321/420 657/323/422 647/155/155
f 345/321/420 647/155/155 103/192/699
f 98/187/401 646/318/416 657/323/422
f 98/187/401 657/323/422 345/321/420
f 340/311/700 656/314/408 646/318/416
f 340/311/700 646/318/416 98/187/401
f 104/152/701 648/185/405 656/314/408
f 104/152/701 656/314/408 340/311/700
f 338/151/151 655/202/390 650/185/397
f 338/151/151 650/185/397 105/152/152
f 108/150/150 652/164/387 655/202/390
f 108/150/150 655/202/390 338/151/151
f 336/193/205 654/158/158 651/164/387
f 336/193/205 651/164/387 109/150/702
f 103/192/699 647/155/155 654/158/158
f 103/192/699 654/158/158 336/193/205
f 371/286/703 670/367/491 660/335/498
f 371/286/703 660/335/498 116/331/704
f 111/282/476 658/362/485 670/367/491
f 111/282/476 670/367/491 371/286/703
f 368/352/705 669/358/481 658/362/485
f 368/352/705 658/362/485 111/282/476
f 119/343/458 663/349/469 669/358/481
f 119/343/458 669/358/481 368/352/705
f 366/341/456 668/345/464 663/349/469
f 366/341/456 663/349/469 119/343/458
f 121/192/706 664/334/462 668/345/464
f 121/192/706 668/345/464 366/341/456
f 363/332/433 667/337/442 666/334/451
f 363/332/433 666/334/451 122/192/435
f 117/331/432 662/335/707 667/337/442
f 117/331/432 667/337/442 363/332/433
f 552/363/708 681/365/489 671/330/431
f 552/363/708 671/330/431 292/327/709
f 349/355/710 672/354/477 681/365/489
f 349/355/710 681/365/489 552/363/708
f 550/350/471 680/353/475 672/354/477
f 550/350/471 672/354/477 349/355/710
f 354/181/460 673/187/459 680/353/475
f 354/181/460 680/353/475 550/350/471
f 545/339/452 679/342/457 674/187/459
f 545/339/452 674/187/459 356/181/460
f 360/334/437 677/192/711 679/342/457
f 360/334/437 679/342/457 545/339/452
f 542/328/712 678/333/434 675/192/436
f 542/328/712 675/192/436 359/334/437
f 292/327/709 671/330/431 678/333/434
f 292/327/709 678/333/434 542/328/712
f 401/400/558 690/402/560 684/375/510
f 401/400/558 684/375/510 132/140/713
f 125/391/541 682/397/714 690/402/560
f 125/391/541 690/402/560 401/400/558
f 397/243/540 689/393/546 682/397/714
f 397/243/540 682/397/714 125/391/541
f 134/384/526 685/390/537 689/393/546
f 134/384/526 689/393/546 397/243/540
f 393/383/524 688/386/531 685/390/537
f 393/383/524 685/390/537 134/384/526
f 139/331/715 686/380/521 688/386/531
f 139/331/715 688/386/531 393/383/524
f 390/141/504 687/378/513 686/380/521
f 390/141/504 686/380/521 139/331/715
f 132/140/713 684/375/510 687/378/513
f 132/140/713 687/378/513 390/141/504
f 572/401/559 698/402/562 692/379/514
f 572/401/559 692/379/514 379/376/511
f 376/391/716 691/396/550 698/402/562
f 376/391/716 698/402/562 572/401/559
f 570/392/717 697/395/548 691/396/550
f 570/392/717 691/396/550 376/391/716
f 384/389/718 693/388/535 697/395/548
f 384/389/718 697/395/548 570/392/717
f 566/385/530 696/387/533 693/388/535
f 566/385/530 693/388/535 384/389/718
f 388/285/719 694/285/519 696/387/533
f 388/285/719 696/387/533 566/385/530
f 561/377/512 695/378/517 694/285/519
f 561/377/512 694/285/519 387/285/520
f 379/376/511 692/379/514 695/378/517
f 379/376/511 695/378/517 560/377/512
f 392/141/720 710/288/351 703/285/353
f 392/141/720 703/285/353 140/335/721
f 130/217/515 705/280/337 710/288/351
f 130/217/515 710/288/351 392/141/720
f 396/286/722 708/286/723 702/281/349
f 396/286/722 702/281/349 136/384/534
f 140/335/721 703/285/353 709/286/724
f 140/335/721 709/286/724 395/286/532
f 398/394/547 707/284/341 699/275/332
f 398/394/547 699/275/332 127/396/725
f 135/384/726 702/281/349 707/284/341
f 135/384/726 707/284/341 398/394/547
f 403/400/561 706/278/335 705/280/337
f 403/400/561 705/280/337 130/217/515
f 127/396/725 699/275/332 706/278/335
f 127/396/725 706/278/335 403/400/561
f 255/489/727 721/320/419 711/188/199
f 255/489/727 711/188/199 53/174/178
f 59/187/198 712/312/417 721/320/419
f 59/187/198 721/320/419 255/489/727
f 239/186/196 720/310/399 713/312/404
f 239/186/196 713/312/404 59/187/198
f 52/152/195 715/154/154 720/310/399
f 52/152/195 720/310/399 239/186/196
f 221/145/184 719/191/202 717/146/146
f 221/145/184 717/146/146 51/175/186
f 53/174/178 711/188/199 719/191/202
f 53/174/178 719/191/202 221/145/184
f 240/204/226 718/149/149 715/154/154
f 240/204/226 715/154/154 52/152/195
f 51/175/186 717/146/146 718/149/149
f 51/175/186 718/149/149 240/204/226
f 254/274/728 731/364/487 722/326/427
f 254/274/728 722/326/427 55/142/175
f 57/114/109 723/356/479 731/364/487
f 57/114/109 731/364/487 254/274/728
f 216/211/237 730/351/472 723/356/479
f 216/211/237 723/356/479 57/114/109
f 59/187/198 725/187/461 730/351/472
f 59/187/198 730/351/472 216/211/237
f 255/489/727 729/340/453 725/187/461
f 255/489/727 725/187/461 59/187/198
f 53/174/178 727/334/438 729/340/453
f 53/174/178 729/340/453 255/489/727
f 220/172/176 728/329/430 727/334/438
f 220/172/176 727/334/438 53/174/178
f 55/142/175 722/326/427 728/329/430
f 55/142/175 728/329/430 220/172/176
f 235/199/214 745/399/556 732/369/499
f 235/199/214 732/369/499 48/201/729
f 46/116/213 736/115/730 745/399/556
f 46/116/213 745/399/556 235/199/214
f 219/109/112 743/110/539 733/115/553
f 219/109/112 733/115/553 46/116/731
f 58/114/732 738/282/733 744/110/734
f 58/114/732 744/110/734 218/109/112
f 254/274/728 742/382/523 737/282/529
f 254/274/728 737/282/529 57/114/109
f 55/142/175 739/374/509 742/382/523
f 55/142/175 742/382/523 254/274/728
f 237/208/230 740/372/507 739/374/509
f 237/208/230 739/374/509 55/142/175
f 48/201/729 732/369/499 741/372/502
f 48/201/729 741/372/502 238/208/735
f 256/112/106 501/209/736 779/210/236
f 256/112/106 779/210/236 757/114/108
f 501/209/736 258/181/737 759/187/197
f 501/209/736 759/187/197 779/210/236
f 253/169/172 500/206/228 778/207/229
f 253/169/172 778/207/229 754/171/174
f 500/206/228 263/197/210 764/200/215
f 500/206/228 764/200/215 778/207/229
f 243/183/192 497/203/218 776/202/225
f 243/183/192 776/202/225 747/185/738
f 499/203/739 250/175/182 751/175/185
f 499/203/739 751/175/185 777/202/225
f 263/197/210 496/196/209 774/198/212
f 263/197/210 774/198/212 764/200/215
f 496/196/209 261/108/740 760/115/111
f 496/196/209 760/115/111 774/198/212
f 258/181/737 492/180/189 773/184/193
f 258/181/737 773/184/193 759/187/197
f 492/180/189 242/183/741 746/185/738
f 492/180/189 746/185/738 773/184/193
f 249/175/742 490/176/181 771/177/743
f 249/175/742 771/177/743 750/175/744
f 490/176/745 251/168/746 752/173/177
f 490/176/745 752/173/177 770/177/743
f 252/168/170 489/167/169 769/170/173
f 252/168/170 769/170/173 753/173/177
f 489/167/169 253/169/172 754/171/174
f 489/167/169 754/171/174 769/170/173
f 261/108/740 478/110/747 767/113/748
f 261/108/740 767/113/748 761/115/749
f 479/110/103 257/112/106 758/114/108
f 479/110/103 758/114/108 768/113/750
f 274/209/244 78/187/243 789/178/187
f 274/209/244 789/178/187 805/209/751
f 77/111/245 275/209/244 805/209/233
f 77/111/245 805/209/233 788/111/105
f 277/141/252 67/217/752 795/194/207
f 277/141/252 795/194/207 804/205/227
f 72/218/254 277/141/252 804/205/227
f 72/218/254 804/205/227 784/142/171
f 279/202/596 151/147/753 782/175/754
f 279/202/596 782/175/754 802/202/217
f 142/182/278 279/202/596 802/202/217
f 142/182/278 802/202/217 780/182/191
f 281/234/274 63/108/273 794/108/755
f 281/234/274 794/108/755 801/195/208
f 67/217/752 281/234/274 801/195/208
f 67/217/752 801/195/208 795/194/207
f 282/237/279 142/182/278 780/182/191
f 282/237/279 780/182/191 800/179/188
f 79/187/243 282/237/279 800/179/188
f 79/187/243 800/179/188 790/178/187
f 284/145/756 71/165/294 783/165/167
f 284/145/756 783/165/167 799/145/180
f 152/147/757 284/145/756 799/145/180
f 152/147/757 799/145/180 781/175/179
f 285/241/293 73/218/254 785/142/171
f 285/241/293 785/142/171 797/166/168
f 71/165/294 285/241/293 798/166/168
f 71/165/294 798/166/168 783/165/167
f 286/243/297 77/111/245 788/111/105
f 286/243/297 788/111/105 796/109/102
f 64/108/273 286/243/297 796/109/102
f 64/108/273 796/109/102 794/108/101
f 416/415/575 581/424/758 816/425/595
f 416/415/575 816/425/595 809/417/578
f 582/424/759 417/406/760 811/422/587
f 582/424/759 811/422/587 817/425/593
f 418/406/582 577/420/581 814/421/588
f 418/406/582 814/421/588 810/422/587
f 578/420/584 412/406/566 807/411/586
f 578/420/584 807/411/586 815/421/585
f 414/408/568 576/413/573 813/416/577
f 414/408/568 813/416/577 808/410/570
f 576/413/573 416/415/575 809/417/578
f 576/413/573 809/417/578 813/416/577
f 413/406/566 574/405/565 812/409/569
f 413/406/566 812/409/569 806/411/571
f 574/405/565 414/408/568 808/410/570
f 574/405/565 808/410/570 812/409/569
f 410/490/761 69/491/762 823/418/763
f 410/490/761 823/418/763 829/423/589
f 62/492/764 410/490/761 829/423/589
f 62/492/764 829/423/589 821/414/574
f 407/491/765 148/493/766 819/403/563
f 407/491/765 819/403/563 827/419/583
f 68/491/767 409/491/768 828/419/580
f 68/491/767 828/419/580 822/418/579
f 405/494/769 62/492/764 821/414/574
f 405/494/769 821/414/574 825/412/572
f 144/495/770 406/494/771 826/412/572
f 144/495/770 826/412/572 820/407/567
f 233/496/772 144/495/770 820/407/567
f 233/496/772 820/407/567 824/404/564
f 145/493/773 233/496/772 824/404/564
f 145/493/773 824/404/564 818/403/563
f 409/491/774 69/491/762 839/432/606
f 409/491/774 839/432/606 852/446/631
f 146/493/775 408/491/776 850/446/631
f 146/493/775 850/446/631 834/223/777
f 405/494/771 143/495/770 835/219/255
f 405/494/771 835/219/255 847/442/621
f 61/492/778 405/494/769 845/442/619
f 61/492/778 845/442/619 837/435/610
f 411/490/779 60/492/778 837/435/610
f 411/490/779 837/435/610 843/433/607
f 69/491/762 410/490/761 844/433/607
f 69/491/762 844/433/607 839/432/606
f 234/496/780 147/493/781 833/223/627
f 234/496/780 833/223/627 841/220/782
f 143/495/770 234/496/780 841/220/782
f 143/495/770 841/220/782 835/219/255
f 432/224/260 591/447/783 868/448/635
f 432/224/260 868/448/635 854/226/262
f 593/447/784 439/224/785 859/441/636
f 593/447/784 859/441/636 867/448/635
f 436/436/786 586/443/620 865/444/787
f 436/436/786 865/444/787 857/438/613
f 588/443/788 433/222/789 856/229/624
f 588/443/788 856/229/624 866/444/623
f 440/224/609 584/434/790 863/437/617
f 440/224/609 863/437/617 860/441/616
f 584/434/790 436/436/786 857/438/613
f 584/434/790 857/438/613 863/437/617
f 434/222/258 507/221/257 862/225/266
f 434/222/258 862/225/266 855/229/265
f 506/221/791 431/224/630 853/226/262
f 506/221/791 853/226/262 861/225/261
f 892/497/792 876/498/793 872/499/794
f 892/497/792 872/499/794 888/500/795
f 887/501/796 871/502/797 876/498/793
f 887/501/796 876/498/793 892/497/792
f 886/503/798 891/504/799 875/505/800
f 886/503/798 875/505/800 870/506/801
f 888/500/795 872/499/794 875/505/800
f 888/500/795 875/505/800 891/504/799
f 890/507/802 874/508/803 869/509/804
f 890/507/802 869/509/804 885/510/805
f 886/503/798 870/506/801 874/508/803
f 886/503/798 874/508/803 890/507/802
f 887/501/796 889/511/806 873/512/807
f 887/501/796 873/512/807 871/502/797
f 885/510/805 869/509/804 873/512/807
f 885/510/805 873/512/807 889/511/806
f 876/498/793 884/488/688 880/136/135
f 876/498/793 880/136/135 872/499/794
f 871/502/797 879/129/127 884/488/688
f 871/502/797 884/488/688 876/498/793
f 870/506/801 875/505/800 883/139/138
f 870/506/801 883/139/138 878/130/129
f 872/499/794 880/136/135 883/139/138
f 872/499/794 883/139/138 875/505/800
f 874/508/803 882/133/132 877/117/114
f 874/508/803 877/117/114 869/509/804
f 870/506/801 878/130/129 882/133/132
f 870/506/801 882/133/132 874/508/803
f 871/502/797 873/512/807 881/120/117
f 871/502/797 881/120/117 879/129/127
f 869/509/804 877/117/114 881/120/117
f 869/509/804 881/120/117 873/512/807
f 22/70/65 885/510/805 889/511/806
f 22/70/65 889/511/806 198/71/66
f 19/72/67 198/71/66 889/511/806
f 19/72/67 889/511/806 887/501/796
f 21/104/97 886/503/798 890/507/802
f 21/104/97 890/507/802 199/105/98
f 199/105/98 890/507/802 885/510/805
f 199/105/98 885/510/805 22/70/65
f 20/101/94 888/500/795 891/504/799
f 20/101/94 891/504/799 197/107/100
f 21/104/97 197/107/100 891/504/799
f 21/104/97 891/504/799 886/503/798
f 19/72/67 887/501/796 892/497/792
f 19/72/67 892/497/792 196/100/93
f 196/100/93 892/497/792 888/500/795
f 196/100/93 888/500/795 20/101/94
f 916/513/808 910/514/809 895/515/810
f 916/513/808 895/515/810 900/516/80
f 912/517/811 916/513/808 900/516/80
f 912/517/811 900/516/80 896/518/812
f 915/519/74 912/517/811 896/518/812
f 915/519/74 896/518/812 899/520/813
f 911/521/814 915/519/74 899/520/813
f 911/521/814 899/520/813 893/522/815
f 914/523/69 909/524/816 894/525/817
f 914/523/69 894/525/817 898/526/69
f 910/514/809 914/523/69 898/526/69
f 910/514/809 898/526/69 895/515/810
f 913/527/818 911/521/814 893/522/815
f 913/527/818 893/522/815 897/528/819
f 909/524/816 913/527/818 897/528/819
f 909/524/816 897/528/819 894/525/817
f 900/516/80 895/515/810 908/73/68
f 900/516/80 908/73/68 906/85/80
f 896/518/812 900/516/80 906/85/80
f 896/518/812 906/85/80 902/81/76
f 899/520/813 896/518/812 902/81/76
f 899/520/813 902/81/76 905/79/74
f 893/522/815 899/520/813 905/79/74
f 893/522/815 905/79/74 901/62/57
f 898/526/69 894/525/817 907/58/53
f 898/526/69 907/58/53 904/74/69
f 895/515/810 898/526/69 904/74/69
f 895/515/810 904/74/69 908/73/68
f 897/528/819 893/522/815 901/62/57
f 897/528/819 901/62/57 903/59/54
f 894/525/817 897/528/819 903/59/54
f 894/525/817 903/59/54 907/58/53
f 11/38/35 182/35/32 913/527/818
f 11/38/35 913/527/818 909/524/816
f 182/35/32 14/34/31 911/521/814
f 182/35/32 911/521/814 913/527/818
f 12/10/10 180/484/684 914/523/69
f 12/10/10 914/523/69 910/514/809
f 180/484/684 11/38/35 909/524/816
f 180/484/684 909/524/816 914/523/69
f 14/34/31 183/90/85 915/519/74
f 14/34/31 915/519/74 911/521/814
f 183/90/85 13/14/14 912/517/811
f 183/90/85 912/517/811 915/519/74
f 13/14/14 181/11/11 916/513/808
f 13/14/14 916/513/808 912/517/811
f 181/11/11 12/10/10 910/514/809
f 181/11/11 910/514/809 916/513/808
f 941/529/669 948/530/676 928/531/676
f 941/529/669 928/531/676 917/532/669
f 948/530/676 950/533/43 922/534/43
f 948/530/676 922/534/43 928/531/676
f 947/535/670 927/536/820 924/537/22
f 947/535/670 924/537/22 952/538/22
f 942/539/669 918/540/669 927/536/820
f 942/539/669 927/536/820 947/535/670
f 962/541/821 926/542/46 919/543/52
f 962/541/821 919/543/52 959/544/52
f 953/545/43 921/546/43 926/542/46
f 953/545/43 926/542/46 962/541/821
f 961/547/23 960/548/52 920/549/52
f 961/547/23 920/549/52 925/550/23
f 955/551/22 961/547/23 925/550/23
f 955/551/22 925/550/23 923/552/22
f 175/8/8 10/7/7 934/472/47
f 175/8/8 934/472/47 940/469/673
f 7/9/9 175/8/8 940/469/673
f 7/9/9 940/469/673 929/468/672
f 170/553/822 939/462/668 936/467/30
f 170/553/822 936/467/30 3/554/1
f 8/555/823 930/459/665 939/462/668
f 8/555/823 939/462/668 170/553/822
f 468/48/45 938/53/49 931/55/50
f 468/48/45 931/55/50 178/56/51
f 208/47/44 933/50/47 938/53/49
f 208/47/44 938/53/49 468/48/45
f 212/25/25 466/24/24 937/28/28
f 212/25/25 937/28/28 935/32/30
f 466/24/24 179/27/27 932/29/29
f 466/24/24 932/29/29 937/28/28
f 177/460/666 942/539/669 947/535/670
f 177/460/666 947/535/670 602/461/667
f 602/461/667 947/535/670 952/538/22
f 602/461/667 952/538/22 213/466/671
f 603/470/674 209/473/44 950/533/43
f 603/470/674 950/533/43 948/530/676
f 176/471/675 603/470/674 948/530/676
f 176/471/675 948/530/676 941/529/669
f 926/542/46 946/49/46 943/57/52
f 926/542/46 943/57/52 919/543/52
f 921/546/43 949/46/43 946/49/46
f 921/546/43 946/49/46 926/542/46
f 925/550/23 920/549/52 944/26/26
f 925/550/23 944/26/26 945/23/23
f 923/552/22 925/550/23 945/23/23
f 923/552/22 945/23/23 951/22/22
f 25/95/89 205/93/87 961/547/23
f 25/95/89 961/547/23 955/551/22
f 205/93/87 24/92/42 960/548/52
f 205/93/87 960/548/52 961/547/23
f 27/42/39 953/545/43 962/541/821
f 27/42/39 962/541/821 207/43/40
f 207/43/40 962/541/821 959/544/52
f 207/43/40 959/544/52 23/45/42
f 917/532/669 928/531/676 964/474/676
f 917/532/669 964/474/676 957/478/669
f 928/531/676 922/534/43 954/475/677
f 928/531/676 954/475/677 964/474/676
f 927/536/820 963/464/670 956/465/22
f 927/536/820 956/465/22 924/537/22
f 918/540/669 958/463/669 963/464/670
f 918/540/669 963/464/670 927/536/820
f 988/556/683 976/483/683 969/486/686
f 988/556/683 969/486/686 979/557/824
f 978/558/681 968/480/681 976/483/683
f 978/558/681 976/483/683 988/556/683
f 474/89/84 975/559/88 965/560/17
f 474/89/84 965/560/17 184/97/90
f 215/88/83 972/561/86 975/559/88
f 215/88/83 975/559/88 474/89/84
f 214/37/34 467/36/33 974/562/37
f 214/37/34 974/562/37 971/563/86
f 467/36/33 186/39/36 967/564/38
f 467/36/33 967/564/38 974/562/37
f 211/13/13 465/12/12 973/565/16
f 211/13/13 973/565/16 970/566/825
f 465/12/12 185/15/15 966/567/17
f 465/12/12 966/567/17 973/565/16
f 28/476/678 978/558/681 988/556/683
f 28/476/678 988/556/683 204/477/679
f 204/477/679 988/556/683 979/557/824
f 204/477/679 979/557/824 29/479/680
f 975/559/88 987/94/88 983/96/17
f 975/559/88 983/96/17 965/560/17
f 972/561/86 982/91/86 987/94/88
f 972/561/86 987/94/88 975/559/88
f 971/563/86 974/562/37 986/40/37
f 971/563/86 986/40/37 981/44/41
f 974/562/37 967/564/38 977/41/38
f 974/562/37 977/41/38 986/40/37
f 970/566/825 973/565/16 985/16/16
f 970/566/825 985/16/16 980/20/20
f 973/565/16 966/567/17 984/17/17
f 973/565/16 984/17/17 985/16/16
f 991/1/826 1159/4/827 1448/3/828
f 991/1/826 1448/3/828 1160/2/829
f 1160/2/829 1448/3/828 1162/6/830
f 1160/2/829 1162/6/830 992/5/831
f 1448/3/828 1164/8/832 997/7/833
f 1448/3/828 997/7/833 1162/6/830
f 1159/4/827 996/9/834 1164/8/832
f 1159/4/827 1164/8/832 1448/3/828
f 1000/10/835 1199/13/836 1449/12/837
f 1000/10/835 1449/12/837 1170/11/838
f 1170/11/838 1449/12/837 1173/15/839
f 1170/11/838 1173/15/839 1001/14/840
f 1963/16/841 1195/19/842 1013/18/843
f 1963/16/841 1013/18/843 1961/17/844
f 1957/20/845 1017/21/846 1195/19/842
f 1957/20/845 1195/19/842 1963/16/841
f 1930/22/847 1202/25/848 1450/24/849
f 1930/22/847 1450/24/849 1923/23/850
f 1923/23/850 1450/24/849 1167/27/851
f 1923/23/850 1167/27/851 1921/26/852
f 1915/28/853 1161/31/829 993/30/854
f 1915/28/853 993/30/854 1909/29/855
f 1914/32/856 990/33/857 1161/31/829
f 1914/32/856 1161/31/829 1915/28/853
f 1002/34/858 1204/37/859 1451/36/860
f 1002/34/858 1451/36/860 1171/35/861
f 1171/35/861 1451/36/860 1176/39/862
f 1171/35/861 1176/39/862 999/38/863
f 1964/40/864 1196/43/865 1016/42/866
f 1964/40/864 1016/42/866 1956/41/867
f 1960/44/868 1012/45/869 1196/43/865
f 1960/44/868 1196/43/865 1964/40/864
f 1928/46/870 1924/49/871 1452/48/872
f 1928/46/870 1452/48/872 1198/47/873
f 1912/50/874 1916/53/875 1163/52/876
f 1912/50/874 1163/52/876 998/51/833
f 1916/53/875 1910/55/877 994/54/854
f 1916/53/875 994/54/854 1163/52/876
f 1924/49/871 1922/57/878 1168/56/879
f 1924/49/871 1168/56/879 1452/48/872
f 1885/58/880 1182/61/881 1453/60/882
f 1885/58/880 1453/60/882 1881/59/883
f 1881/59/883 1453/60/882 1181/63/884
f 1881/59/883 1181/63/884 1879/62/885
f 1453/60/882 1179/65/886 1006/64/887
f 1453/60/882 1006/64/887 1181/63/884
f 1182/61/881 1003/66/888 1179/65/886
f 1182/61/881 1179/65/886 1453/60/882
f 1003/66/888 1190/68/889 1454/67/890
f 1003/66/888 1454/67/890 1179/65/886
f 1179/65/886 1454/67/890 1189/69/891
f 1179/65/886 1189/69/891 1006/64/887
f 1454/67/890 1187/71/892 1010/70/893
f 1454/67/890 1010/70/893 1189/69/891
f 1190/68/889 1007/72/894 1187/71/892
f 1190/68/889 1187/71/892 1454/67/890
f 1886/73/895 1183/76/896 1455/75/897
f 1886/73/895 1455/75/897 1882/74/898
f 1882/74/898 1455/75/897 1182/61/881
f 1882/74/898 1182/61/881 1885/58/880
f 1455/75/897 1177/77/899 1003/66/888
f 1455/75/897 1003/66/888 1182/61/881
f 1183/76/896 1004/78/900 1177/77/899
f 1183/76/896 1177/77/899 1455/75/897
f 1879/62/885 1181/63/884 1456/80/901
f 1879/62/885 1456/80/901 1883/79/902
f 1883/79/902 1456/80/901 1184/82/903
f 1883/79/902 1184/82/903 1880/81/904
f 1456/80/901 1180/84/905 1005/83/906
f 1456/80/901 1005/83/906 1184/82/903
f 1181/63/884 1006/64/887 1180/84/905
f 1181/63/884 1180/84/905 1456/80/901
f 1880/81/904 1184/82/903 1457/86/907
f 1880/81/904 1457/86/907 1884/85/908
f 1884/85/908 1457/86/907 1183/76/896
f 1884/85/908 1183/76/896 1886/73/895
f 1457/86/907 1178/87/909 1004/78/900
f 1457/86/907 1004/78/900 1183/76/896
f 1184/82/903 1005/83/906 1178/87/909
f 1184/82/903 1178/87/909 1457/86/907
f 1002/34/858 1172/90/910 1458/89/911
f 1002/34/858 1458/89/911 1203/88/859
f 1959/91/868 1965/94/912 1194/93/913
f 1959/91/868 1194/93/913 1011/92/914
f 1965/94/912 1962/96/844 1014/95/915
f 1965/94/912 1014/95/915 1194/93/913
f 1172/90/910 1001/14/840 1174/97/916
f 1172/90/910 1174/97/916 1458/89/911
f 1004/78/900 1191/99/917 1459/98/918
f 1004/78/900 1459/98/918 1177/77/899
f 1177/77/899 1459/98/918 1190/68/889
f 1177/77/899 1190/68/889 1003/66/888
f 1459/98/918 1185/100/919 1007/72/894
f 1459/98/918 1007/72/894 1190/68/889
f 1191/99/917 1008/101/920 1185/100/919
f 1191/99/917 1185/100/919 1459/98/918
f 1006/64/887 1189/69/891 1460/102/921
f 1006/64/887 1460/102/921 1180/84/905
f 1180/84/905 1460/102/921 1192/103/922
f 1180/84/905 1192/103/922 1005/83/906
f 1460/102/921 1188/105/923 1009/104/924
f 1460/102/921 1009/104/924 1192/103/922
f 1189/69/891 1010/70/893 1188/105/923
f 1189/69/891 1188/105/923 1460/102/921
f 1005/83/906 1192/103/922 1461/106/925
f 1005/83/906 1461/106/925 1178/87/909
f 1178/87/909 1461/106/925 1191/99/917
f 1178/87/909 1191/99/917 1004/78/900
f 1461/106/925 1186/107/926 1008/101/920
f 1461/106/925 1008/101/920 1191/99/917
f 1192/103/922 1009/104/924 1186/107/926
f 1192/103/922 1186/107/926 1461/106/925
f 1776/108/927 1249/108/928 1462/110/929
f 1776/108/927 1462/110/929 1779/109/930
f 1779/109/930 1462/110/929 1243/112/931
f 1779/109/930 1243/112/931 1771/111/932
f 1750/113/933 1208/109/934 1047/114/935
f 1750/113/933 1047/114/935 1741/114/936
f 1743/115/937 1034/116/938 1208/109/939
f 1743/115/937 1208/109/939 1751/113/933
f 1855/117/940 1859/120/941 1465/119/942
f 1855/117/940 1465/119/942 1441/118/943
f 1032/121/944 1440/118/943 1464/119/945
f 1032/121/944 1464/119/945 1221/122/946
f 1019/123/947 1221/122/946 1464/119/945
f 1019/123/947 1464/119/945 1211/124/948
f 1021/125/949 1211/124/948 1464/119/945
f 1021/125/949 1464/119/945 1213/126/950
f 1027/127/951 1213/126/950 1464/119/945
f 1027/127/951 1464/119/945 1444/128/952
f 1857/129/953 1445/128/952 1465/119/942
f 1857/129/953 1465/119/942 1859/120/941
f 1856/130/954 1860/133/955 1467/132/956
f 1856/130/954 1467/132/956 1442/131/957
f 1443/131/958 1466/132/959 1391/135/960
f 1443/131/958 1391/135/960 1031/134/961
f 1466/132/959 1440/118/943 1032/121/944
f 1466/132/959 1032/121/944 1391/135/960
f 1860/133/955 1855/117/940 1441/118/943
f 1860/133/955 1441/118/943 1467/132/956
f 1858/136/962 1861/139/963 1468/138/964
f 1858/136/962 1468/138/964 1446/137/965
f 1029/140/966 1447/137/965 1469/138/964
f 1029/140/966 1469/138/964 1220/141/967
f 1024/142/968 1220/141/967 1469/138/964
f 1024/142/968 1469/138/964 1215/143/969
f 1026/144/970 1215/143/969 1469/138/964
f 1026/144/970 1469/138/964 1217/145/971
f 1031/134/961 1217/145/971 1469/138/964
f 1031/134/961 1469/138/964 1443/131/958
f 1856/130/954 1442/131/957 1468/138/964
f 1856/130/954 1468/138/964 1861/139/963
f 1700/146/972 1701/149/973 1471/148/974
f 1700/146/972 1471/148/974 1318/147/975
f 1319/147/976 1470/148/977 1325/151/978
f 1319/147/976 1325/151/978 1098/150/979
f 1470/148/977 1314/153/980 1093/152/981
f 1470/148/977 1093/152/981 1325/151/978
f 1701/149/973 1698/154/982 1315/153/983
f 1701/149/973 1315/153/983 1471/148/974
f 1628/155/984 1635/158/985 1472/157/986
f 1628/155/984 1472/157/986 1313/156/987
f 1606/159/988 1612/162/989 1324/161/990
f 1606/159/988 1324/161/990 1090/160/991
f 1612/162/989 1611/163/992 1099/134/993
f 1612/162/989 1099/134/993 1324/161/990
f 1635/158/985 1632/164/994 1320/134/995
f 1635/158/985 1320/134/995 1472/157/986
f 1766/165/996 1238/168/997 1473/167/998
f 1766/165/996 1473/167/998 1780/166/999
f 1780/166/999 1473/167/998 1240/169/1000
f 1780/166/999 1240/169/1000 1767/142/1001
f 1752/170/1002 1209/172/1003 1043/142/1004
f 1752/170/1002 1043/142/1004 1737/171/1005
f 1735/173/1006 1040/174/1007 1209/172/1003
f 1735/173/1006 1209/172/1003 1752/170/1002
f 1765/175/1008 1236/175/1009 1474/176/1010
f 1765/175/1008 1474/176/1010 1782/145/1011
f 1782/145/1011 1474/176/1010 1238/168/997
f 1782/145/1011 1238/168/997 1766/165/996
f 1753/177/1012 1210/145/1013 1040/174/1007
f 1753/177/1012 1040/174/1007 1735/173/1006
f 1734/175/1014 1037/175/1015 1210/145/1013
f 1734/175/1014 1210/145/1013 1753/177/1012
f 1773/178/1016 1245/181/1017 1476/180/1018
f 1773/178/1016 1476/180/1018 1783/179/1019
f 1783/179/1019 1476/180/1018 1231/183/1020
f 1783/179/1019 1231/183/1020 1763/182/1021
f 1756/184/1022 1228/186/1023 1039/152/1024
f 1756/184/1022 1039/152/1024 1729/185/1025
f 1742/187/1026 1048/187/1027 1228/186/1023
f 1742/187/1026 1228/186/1023 1756/184/1022
f 1693/188/1028 1702/191/1029 1478/190/1030
f 1693/188/1028 1478/190/1030 1302/189/1031
f 1303/189/1031 1479/190/1032 1323/193/1033
f 1303/189/1031 1323/193/1033 1092/192/1034
f 1479/190/1032 1319/147/976 1098/150/979
f 1479/190/1032 1098/150/979 1323/193/1033
f 1702/191/1029 1700/146/972 1318/147/975
f 1702/191/1029 1318/147/975 1478/190/1030
f 1778/194/1035 1250/197/1036 1480/196/1037
f 1778/194/1035 1480/196/1037 1784/195/1038
f 1784/195/1038 1480/196/1037 1249/108/1039
f 1784/195/1038 1249/108/1039 1777/108/1040
f 1757/198/1041 1224/199/1042 1034/116/938
f 1757/198/1041 1034/116/938 1744/115/1043
f 1747/200/1044 1035/201/1045 1224/199/1042
f 1747/200/1044 1224/199/1042 1757/198/1041
f 1763/182/1021 1231/183/1020 1483/203/1046
f 1763/182/1021 1483/203/1046 1786/202/1047
f 1785/202/1048 1482/203/1049 1236/175/1009
f 1785/202/1048 1236/175/1009 1765/175/1008
f 1760/202/1050 1229/204/1051 1038/175/1052
f 1760/202/1050 1038/175/1052 1734/175/1014
f 1730/185/1053 1039/152/1024 1230/204/1054
f 1730/185/1053 1230/204/1054 1759/202/1055
f 1768/142/1001 1240/169/1000 1484/206/1056
f 1768/142/1001 1484/206/1056 1787/205/1057
f 1787/205/1057 1484/206/1056 1250/197/1036
f 1787/205/1057 1250/197/1036 1778/194/1035
f 1761/207/1058 1227/208/1059 1035/201/1045
f 1761/207/1058 1035/201/1045 1747/200/1044
f 1738/171/1060 1045/142/1004 1227/208/1059
f 1738/171/1060 1227/208/1059 1761/207/1058
f 1771/111/932 1243/112/931 1485/209/1061
f 1771/111/932 1485/209/1061 1788/209/1062
f 1788/209/1062 1485/209/1061 1245/181/1063
f 1788/209/1062 1245/181/1063 1772/178/1016
f 1762/210/1064 1205/211/1065 1048/187/1027
f 1762/210/1064 1048/187/1027 1742/187/1026
f 1741/114/936 1047/114/935 1205/211/1065
f 1741/114/936 1205/211/1065 1762/210/1064
f 1022/125/1066 1258/213/1067 1487/212/1068
f 1022/125/1066 1487/212/1068 1212/124/1069
f 1212/124/1069 1487/212/1068 1260/214/1070
f 1212/124/1069 1260/214/1070 1020/123/1071
f 1487/212/1068 1261/209/1072 1068/187/1073
f 1487/212/1068 1068/187/1073 1260/214/1070
f 1258/213/1067 1066/111/1074 1261/209/1072
f 1258/213/1067 1261/209/1072 1487/212/1068
f 1023/142/968 1255/169/1075 1488/215/1076
f 1023/142/968 1488/215/1076 1219/141/1077
f 1219/141/1077 1488/215/1076 1234/216/1078
f 1219/141/1077 1234/216/1078 1028/140/1079
f 1489/215/1080 1264/141/1081 1055/217/1082
f 1489/215/1080 1055/217/1082 1235/216/1083
f 1256/169/1084 1061/218/1085 1264/141/1081
f 1256/169/1084 1264/141/1081 1489/215/1080
f 1816/219/1086 1417/222/1087 1490/221/1088
f 1816/219/1086 1490/221/1088 1822/220/1089
f 1822/220/1089 1490/221/1088 1416/224/1090
f 1822/220/1089 1416/224/1090 1815/223/1091
f 1840/225/1092 1407/228/1093 1145/227/1094
f 1840/225/1092 1145/227/1094 1832/226/1095
f 1834/229/1096 1142/230/1097 1408/228/1098
f 1834/229/1096 1408/228/1098 1839/225/1099
f 1029/140/966 1235/216/1083 1492/232/1100
f 1029/140/966 1492/232/1100 1218/231/1101
f 1218/231/1101 1492/232/1100 1233/233/1102
f 1218/231/1101 1233/233/1102 1027/127/951
f 1492/232/1100 1268/234/1103 1052/108/1104
f 1492/232/1100 1052/108/1104 1233/233/1102
f 1235/216/1083 1055/217/1082 1268/234/1103
f 1235/216/1083 1268/234/1103 1492/232/1100
f 1019/123/947 1259/214/1070 1493/235/1105
f 1019/123/947 1493/235/1105 1221/122/946
f 1221/122/946 1493/235/1105 1247/236/1106
f 1221/122/946 1247/236/1106 1032/121/944
f 1493/235/1105 1269/237/1107 1131/182/1108
f 1493/235/1105 1131/182/1108 1247/236/1106
f 1259/214/1070 1067/187/1109 1269/237/1107
f 1259/214/1070 1269/237/1107 1493/235/1105
f 1030/134/961 1251/239/1110 1494/238/1111
f 1030/134/961 1494/238/1111 1216/145/1112
f 1216/145/1112 1494/238/1111 1254/168/1113
f 1216/145/1112 1254/168/1113 1025/144/970
f 1495/238/1111 1270/145/1114 1059/165/1115
f 1495/238/1111 1059/165/1115 1253/168/1116
f 1252/239/1110 1141/147/1117 1270/145/1114
f 1252/239/1110 1270/145/1114 1495/238/1111
f 1025/144/970 1254/168/1113 1496/240/1118
f 1025/144/970 1496/240/1118 1214/143/1119
f 1214/143/1119 1496/240/1118 1255/169/1075
f 1214/143/1119 1255/169/1075 1023/142/968
f 1496/240/1118 1272/241/1120 1064/218/1085
f 1496/240/1118 1064/218/1085 1255/169/1075
f 1254/168/1113 1060/165/1121 1272/241/1120
f 1254/168/1113 1272/241/1120 1496/240/1118
f 1027/127/951 1233/233/1102 1497/242/1122
f 1027/127/951 1497/242/1122 1213/126/950
f 1213/126/950 1497/242/1122 1257/213/1067
f 1213/126/950 1257/213/1067 1021/125/949
f 1497/242/1122 1273/243/1123 1065/111/1074
f 1497/242/1122 1065/111/1074 1257/213/1067
f 1233/233/1102 1052/108/1104 1273/243/1123
f 1233/233/1102 1273/243/1123 1497/242/1122
f 1069/244/1124 1277/247/1125 1498/246/1126
f 1069/244/1124 1498/246/1126 1274/245/1127
f 1274/245/1127 1498/246/1126 1275/249/1128
f 1274/245/1127 1275/249/1128 1070/248/1129
f 1498/246/1126 1276/251/1130 1071/250/1131
f 1498/246/1126 1071/250/1131 1275/249/1128
f 1277/247/1125 1072/252/1132 1276/251/1130
f 1277/247/1125 1276/251/1130 1498/246/1126
f 1102/253/1133 1360/256/1134 1499/255/1135
f 1102/253/1133 1499/255/1135 1278/254/1136
f 1278/254/1136 1499/255/1135 1274/245/1127
f 1278/254/1136 1274/245/1127 1070/248/1129
f 1499/255/1135 1338/257/1137 1069/244/1124
f 1499/255/1135 1069/244/1124 1274/245/1127
f 1360/256/1134 1103/258/1138 1338/257/1137
f 1360/256/1134 1338/257/1137 1499/255/1135
f 1109/259/1139 1357/262/1140 1500/261/1141
f 1109/259/1139 1500/261/1141 1281/260/1142
f 1281/260/1142 1500/261/1141 1275/249/1128
f 1281/260/1142 1275/249/1128 1071/250/1131
f 1500/261/1141 1278/254/1136 1070/248/1129
f 1500/261/1141 1070/248/1129 1275/249/1128
f 1357/262/1140 1102/253/1133 1278/254/1136
f 1357/262/1140 1278/254/1136 1500/261/1141
f 1112/192/1143 1354/265/1144 1501/264/1145
f 1112/192/1143 1501/264/1145 1282/263/1146
f 1282/263/1146 1501/264/1145 1276/251/1130
f 1282/263/1146 1276/251/1130 1072/252/1132
f 1501/264/1145 1281/260/1142 1071/250/1131
f 1501/264/1145 1071/250/1131 1276/251/1130
f 1354/265/1144 1109/259/1139 1281/260/1142
f 1354/265/1144 1281/260/1142 1501/264/1145
f 1103/258/1138 1351/267/1147 1502/266/1148
f 1103/258/1138 1502/266/1148 1338/257/1137
f 1338/257/1137 1502/266/1148 1277/247/1125
f 1338/257/1137 1277/247/1125 1069/244/1124
f 1502/266/1148 1282/263/1146 1072/252/1132
f 1502/266/1148 1072/252/1132 1277/247/1125
f 1351/267/1147 1112/192/1143 1282/263/1146
f 1351/267/1147 1282/263/1146 1502/266/1148
f 1073/268/1149 1287/271/1150 1503/270/1151
f 1073/268/1149 1503/270/1151 1283/269/1152
f 1283/269/1152 1503/270/1151 1284/273/1153
f 1283/269/1152 1284/273/1153 1074/272/1154
f 1503/270/1151 1286/274/1155 1076/114/1156
f 1503/270/1151 1076/114/1156 1284/273/1153
f 1287/271/1150 1077/142/1157 1286/274/1155
f 1287/271/1150 1286/274/1155 1503/270/1151
f 1681/275/1158 1688/278/1159 1504/277/1160
f 1681/275/1158 1504/277/1160 1288/276/1161
f 1288/276/1161 1504/277/1160 1283/269/1152
f 1288/276/1161 1283/269/1152 1074/272/1154
f 1504/277/1160 1365/279/1162 1073/268/1149
f 1504/277/1160 1073/268/1149 1283/269/1152
f 1688/278/1159 1687/280/1163 1365/279/1162
f 1688/278/1159 1365/279/1162 1504/277/1160
f 1684/281/1164 1689/284/1165 1505/283/1166
f 1684/281/1164 1505/283/1166 1291/282/1167
f 1291/282/1167 1505/283/1166 1284/273/1153
f 1291/282/1167 1284/273/1153 1076/114/1156
f 1505/283/1166 1288/276/1161 1074/272/1154
f 1505/283/1166 1074/272/1154 1284/273/1153
f 1689/284/1165 1681/275/1158 1288/276/1161
f 1689/284/1165 1288/276/1161 1505/283/1166
f 1686/285/1168 1690/286/1169 1506/286/1170
f 1686/285/1168 1506/286/1170 1292/285/1171
f 1292/285/1171 1506/286/1170 1285/274/1172
f 1292/285/1171 1285/274/1172 1078/142/1173
f 1506/286/1170 1290/282/1174 1075/114/1175
f 1506/286/1170 1075/114/1175 1285/274/1172
f 1690/286/1169 1683/281/1176 1290/282/1174
f 1690/286/1169 1290/282/1174 1506/286/1170
f 1687/280/1163 1692/288/1177 1507/287/1178
f 1687/280/1163 1507/287/1178 1365/279/1162
f 1365/279/1162 1507/287/1178 1287/271/1150
f 1365/279/1162 1287/271/1150 1073/268/1149
f 1507/287/1178 1293/285/1179 1077/142/1157
f 1507/287/1178 1077/142/1157 1287/271/1150
f 1692/288/1177 1685/285/1180 1292/285/1181
f 1692/288/1177 1292/285/1181 1507/287/1178
f 1079/289/1182 1299/292/1183 1508/291/1184
f 1079/289/1182 1508/291/1184 1294/290/1185
f 1294/290/1185 1508/291/1184 1296/293/1186
f 1294/290/1185 1296/293/1186 1081/187/1187
f 1508/291/1184 1298/204/1188 1083/294/1189
f 1508/291/1184 1083/294/1189 1296/293/1186
f 1299/292/1183 1084/134/1190 1298/204/1188
f 1299/292/1183 1298/204/1188 1508/291/1184
f 1619/187/1191 1623/296/1192 1509/295/1193
f 1619/187/1191 1509/295/1193 1300/181/1194
f 1300/181/1194 1509/295/1193 1294/290/1185
f 1300/181/1194 1294/290/1185 1081/187/1187
f 1509/295/1193 1312/297/1195 1079/289/1182
f 1509/295/1193 1079/289/1182 1294/290/1185
f 1623/296/1192 1622/298/1196 1312/297/1195
f 1623/296/1192 1312/297/1195 1509/295/1193
f 1620/299/1197 1624/301/1198 1511/300/1199
f 1620/299/1197 1511/300/1199 1305/153/1200
f 1304/153/1201 1510/300/1202 1295/293/1203
f 1304/153/1201 1295/293/1203 1082/294/1189
f 1510/300/1202 1301/181/1204 1080/187/1205
f 1510/300/1202 1080/187/1205 1295/293/1203
f 1624/301/1198 1619/187/1191 1300/181/1194
f 1624/301/1198 1300/181/1194 1511/300/1199
f 1621/175/1206 1625/303/1207 1513/302/1208
f 1621/175/1206 1513/302/1208 1306/175/1209
f 1307/175/1210 1512/302/1211 1297/204/1188
f 1307/175/1210 1297/204/1188 1085/134/1212
f 1512/302/1211 1304/153/1201 1082/294/1189
f 1512/302/1211 1082/294/1189 1297/204/1188
f 1625/303/1207 1620/299/1197 1305/153/1200
f 1625/303/1207 1305/153/1200 1513/302/1208
f 1622/298/1196 1626/305/1213 1514/304/1214
f 1622/298/1196 1514/304/1214 1312/297/1195
f 1312/297/1195 1514/304/1214 1299/292/1183
f 1312/297/1195 1299/292/1183 1079/289/1182
f 1514/304/1214 1306/175/1209 1084/134/1190
f 1514/304/1214 1084/134/1190 1299/292/1183
f 1626/305/1213 1621/175/1206 1306/175/1209
f 1626/305/1213 1306/175/1209 1514/304/1214
f 1633/164/1215 1636/202/1216 1517/203/1217
f 1633/164/1215 1517/203/1217 1321/134/1218
f 1611/163/992 1613/307/1219 1326/306/1220
f 1611/163/992 1326/306/1220 1099/134/993
f 1615/307/1221 1607/185/1222 1095/308/1223
f 1615/307/1221 1095/308/1223 1326/306/1220
f 1636/202/1216 1629/185/1224 1317/294/1225
f 1636/202/1216 1317/294/1225 1517/203/1217
f 1698/154/982 1703/310/1226 1519/309/1227
f 1698/154/982 1519/309/1227 1315/153/983
f 1314/153/980 1518/309/1228 1327/311/1229
f 1314/153/980 1327/311/1229 1093/152/981
f 1518/309/1228 1309/181/1230 1087/187/1231
f 1518/309/1228 1087/187/1231 1327/311/1229
f 1703/310/1226 1695/312/1232 1308/181/1230
f 1703/310/1226 1308/181/1230 1519/309/1227
f 1630/185/1233 1637/314/1234 1521/313/1235
f 1630/185/1233 1521/313/1235 1316/294/1236
f 1609/185/1237 1616/315/1238 1329/293/1239
f 1609/185/1237 1329/293/1239 1096/308/1240
f 1616/315/1238 1605/316/1241 1088/187/1242
f 1616/315/1238 1088/187/1242 1329/293/1239
f 1637/314/1234 1627/318/1243 1311/317/1244
f 1637/314/1234 1311/317/1244 1521/313/1235
f 1694/312/1245 1704/320/1246 1522/319/1247
f 1694/312/1245 1522/319/1247 1308/181/1230
f 1309/181/1230 1523/319/1247 1332/321/1248
f 1309/181/1230 1332/321/1248 1087/187/1231
f 1523/319/1247 1303/189/1031 1092/192/1034
f 1523/319/1247 1092/192/1034 1332/321/1248
f 1704/320/1246 1693/188/1028 1302/189/1031
f 1704/320/1246 1302/189/1031 1522/319/1247
f 1627/318/1243 1638/323/1249 1525/322/1250
f 1627/318/1243 1525/322/1250 1311/317/1244
f 1605/316/1241 1617/325/1251 1333/324/1252
f 1605/316/1241 1333/324/1252 1088/187/1242
f 1618/325/1253 1606/159/988 1090/160/991
f 1618/325/1253 1090/160/991 1334/324/1252
f 1638/323/1249 1628/155/984 1313/156/987
f 1638/323/1249 1313/156/987 1525/322/1250
f 1705/326/1254 1711/329/1255 1526/328/1256
f 1705/326/1254 1526/328/1256 1279/327/1257
f 1652/330/1258 1660/333/1259 1350/332/1260
f 1652/330/1258 1350/332/1260 1105/331/1261
f 1660/333/1259 1659/192/1262 1110/192/1263
f 1660/333/1259 1110/192/1263 1350/332/1260
f 1711/329/1255 1709/334/1264 1346/334/1265
f 1711/329/1255 1346/334/1265 1526/328/1256
f 1643/335/1266 1648/337/1267 1528/336/1268
f 1643/335/1266 1528/336/1268 1340/285/1269
f 1593/338/1270 1599/267/1271 1352/267/1272
f 1593/338/1270 1352/267/1272 1104/258/1273
f 1598/267/1274 1597/173/1275 1113/192/1276
f 1598/267/1274 1113/192/1276 1351/267/1272
f 1648/337/1267 1645/334/1277 1349/334/1278
f 1648/337/1267 1349/334/1278 1528/336/1268
f 1709/334/1264 1712/340/1279 1529/339/1280
f 1709/334/1264 1529/339/1280 1346/334/1265
f 1658/192/1281 1661/342/1282 1353/341/1283
f 1658/192/1281 1353/341/1283 1110/192/1284
f 1661/342/1282 1655/187/1285 1107/343/1286
f 1661/342/1282 1107/343/1286 1353/341/1283
f 1712/340/1279 1707/187/1287 1343/181/1288
f 1712/340/1279 1343/181/1288 1529/339/1280
f 1646/334/1289 1649/345/1290 1531/344/1291
f 1646/334/1289 1531/344/1291 1349/334/1278
f 1596/173/1292 1600/346/1293 1354/265/1144
f 1596/173/1292 1354/265/1144 1112/192/1143
f 1600/346/1293 1594/347/1294 1109/259/1139
f 1600/346/1293 1109/259/1139 1354/265/1144
f 1649/345/1290 1644/349/1295 1345/348/1296
f 1649/345/1290 1345/348/1296 1531/344/1291
f 1707/187/1287 1713/351/1297 1534/350/1298
f 1707/187/1287 1534/350/1298 1341/181/1299
f 1656/187/1300 1662/353/1301 1355/352/1302
f 1656/187/1300 1355/352/1302 1108/343/1303
f 1662/353/1301 1653/354/1304 1100/282/1305
f 1662/353/1301 1100/282/1305 1355/352/1302
f 1713/351/1297 1706/356/1306 1336/355/1307
f 1713/351/1297 1336/355/1307 1534/350/1298
f 1644/349/1295 1650/358/1308 1535/357/1309
f 1644/349/1295 1535/357/1309 1345/348/1296
f 1594/347/1294 1601/359/1310 1357/262/1140
f 1594/347/1294 1357/262/1140 1109/259/1139
f 1601/359/1310 1589/360/1311 1102/253/1133
f 1601/359/1310 1102/253/1133 1357/262/1140
f 1650/358/1308 1639/362/1312 1337/361/1313
f 1650/358/1308 1337/361/1313 1535/357/1309
f 1706/356/1306 1714/364/1314 1536/363/1315
f 1706/356/1306 1536/363/1315 1336/355/1307
f 1653/354/1304 1663/365/1316 1358/286/1317
f 1653/354/1304 1358/286/1317 1100/282/1305
f 1663/365/1316 1652/330/1258 1105/331/1261
f 1663/365/1316 1105/331/1261 1358/286/1317
f 1714/364/1314 1705/326/1254 1279/327/1257
f 1714/364/1314 1279/327/1257 1536/363/1315
f 1639/362/1312 1651/367/1318 1539/366/1319
f 1639/362/1312 1539/366/1319 1337/361/1313
f 1589/360/1311 1603/368/1320 1360/256/1134
f 1589/360/1311 1360/256/1134 1102/253/1133
f 1602/368/1321 1590/338/1322 1103/258/1138
f 1602/368/1321 1103/258/1138 1360/256/1134
f 1651/367/1323 1641/335/1324 1339/285/1325
f 1651/367/1323 1339/285/1325 1538/366/1103
f 1715/369/1326 1723/372/1327 1543/371/1328
f 1715/369/1326 1543/371/1328 1289/370/1329
f 1289/370/1329 1543/371/1328 1377/141/1330
f 1289/370/1329 1377/141/1330 1121/140/1331
f 1543/371/1328 1373/373/1332 1128/331/1333
f 1543/371/1328 1128/331/1333 1377/141/1330
f 1724/372/1327 1722/374/1334 1372/373/1335
f 1724/372/1327 1372/373/1335 1542/371/1336
f 1666/375/1337 1669/378/1338 1544/377/1339
f 1666/375/1337 1544/377/1339 1366/376/1340
f 1674/379/1341 1677/378/1342 1379/141/1343
f 1674/379/1341 1379/141/1343 1119/217/1344
f 1677/378/1342 1676/285/1345 1129/335/1346
f 1677/378/1342 1129/335/1346 1379/141/1343
f 1669/378/1338 1668/380/1347 1374/285/1348
f 1669/378/1338 1374/285/1348 1544/377/1339
f 1722/374/1334 1725/382/1349 1547/381/1350
f 1722/374/1334 1547/381/1350 1372/373/1335
f 1373/373/1332 1548/381/1351 1380/383/1352
f 1373/373/1332 1380/383/1352 1128/331/1333
f 1548/381/1351 1369/282/1353 1123/384/1354
f 1548/381/1351 1123/384/1354 1380/383/1352
f 1725/382/1349 1721/282/1355 1368/282/1353
f 1725/382/1349 1368/282/1353 1547/381/1350
f 1668/380/1347 1670/386/1356 1550/385/1357
f 1668/380/1347 1550/385/1357 1374/285/1348
f 1676/285/1345 1678/387/1358 1382/286/1359
f 1676/285/1345 1382/286/1359 1129/335/1346
f 1678/387/1358 1675/388/1360 1124/384/1361
f 1678/387/1358 1124/384/1361 1382/286/1359
f 1670/386/1356 1667/390/1362 1371/389/1363
f 1670/386/1356 1371/389/1363 1550/385/1357
f 1721/282/1355 1727/110/1364 1552/110/1365
f 1721/282/1355 1552/110/1365 1368/282/1353
f 1368/282/1353 1552/110/1365 1384/243/1366
f 1368/282/1353 1384/243/1366 1122/384/1367
f 1552/110/1365 1362/391/1368 1115/391/1369
f 1552/110/1365 1115/391/1369 1384/243/1366
f 1727/110/1370 1717/115/1371 1361/391/1372
f 1727/110/1370 1361/391/1372 1551/110/1373
f 1667/390/1362 1671/393/1374 1554/392/1375
f 1667/390/1362 1554/392/1375 1371/389/1363
f 1675/388/1360 1679/395/1376 1385/394/1377
f 1675/388/1360 1385/394/1377 1124/384/1361
f 1679/395/1376 1673/396/1378 1116/396/1379
f 1679/395/1376 1116/396/1379 1385/394/1377
f 1671/393/1374 1664/397/1380 1363/391/1381
f 1671/393/1374 1363/391/1381 1554/392/1375
f 1718/115/1382 1728/399/1383 1555/398/1384
f 1718/115/1382 1555/398/1384 1361/391/1372
f 1362/391/1368 1555/398/1384 1388/400/1385
f 1362/391/1368 1388/400/1385 1114/391/1369
f 1555/398/1384 1289/370/1329 1121/140/1331
f 1555/398/1384 1121/140/1331 1388/400/1385
f 1728/399/1383 1715/369/1326 1289/370/1329
f 1728/399/1383 1289/370/1329 1555/398/1384
f 1664/397/1380 1672/402/1386 1556/401/1387
f 1664/397/1380 1556/401/1387 1363/391/1381
f 1673/396/1378 1680/402/1388 1390/400/1389
f 1673/396/1378 1390/400/1389 1116/396/1379
f 1680/402/1388 1674/379/1341 1119/217/1344
f 1680/402/1388 1119/217/1344 1390/400/1389
f 1672/402/1386 1666/375/1337 1366/376/1340
f 1672/402/1386 1366/376/1340 1556/401/1387
f 1802/403/1390 1398/406/1391 1558/405/1392
f 1802/403/1390 1558/405/1392 1807/404/1393
f 1807/404/1393 1558/405/1392 1400/408/1394
f 1807/404/1393 1400/408/1394 1803/407/1395
f 1795/409/1396 1391/135/960 1032/121/944
f 1795/409/1396 1032/121/944 1791/410/1397
f 1790/411/1398 1031/134/961 1391/135/960
f 1790/411/1398 1391/135/960 1795/409/1396
f 1803/407/1395 1400/408/1394 1559/413/1399
f 1803/407/1395 1559/413/1399 1808/412/1400
f 1809/412/1401 1560/413/1402 1402/415/1403
f 1809/412/1401 1402/415/1403 1804/414/1404
f 1796/416/1405 1247/236/1106 1131/182/1108
f 1796/416/1405 1131/182/1108 1792/417/1406
f 1791/410/1397 1032/121/944 1247/236/1106
f 1791/410/1397 1247/236/1106 1796/416/1405
f 1806/418/1407 1403/406/1408 1562/420/1409
f 1806/418/1407 1562/420/1409 1810/419/1410
f 1811/419/1411 1561/420/1412 1399/406/1391
f 1811/419/1411 1399/406/1391 1801/403/1413
f 1797/421/1414 1251/239/1110 1030/134/961
f 1797/421/1414 1030/134/961 1789/411/1398
f 1794/422/1415 1141/147/1117 1252/239/1110
f 1794/422/1415 1252/239/1110 1798/421/1416
f 1804/414/1404 1402/415/1403 1566/424/1417
f 1804/414/1404 1566/424/1417 1812/423/1418
f 1813/423/1419 1565/424/1420 1403/406/1408
f 1813/423/1419 1403/406/1408 1806/418/1407
f 1799/425/1421 1266/202/1422 1140/147/1423
f 1799/425/1421 1140/147/1423 1793/422/1424
f 1792/417/1406 1131/182/1108 1265/202/1425
f 1792/417/1406 1265/202/1425 1800/425/1426
f 1144/227/1427 1435/428/1428 1567/427/1429
f 1144/227/1427 1567/427/1429 1411/426/1430
f 1411/426/1430 1567/427/1429 1434/428/1431
f 1411/426/1430 1434/428/1431 1148/429/1432
f 1567/427/1429 1430/430/1433 1157/430/1434
f 1567/427/1429 1157/430/1434 1434/428/1431
f 1435/428/1428 1154/431/1435 1430/430/1433
f 1435/428/1428 1430/430/1433 1567/427/1429
f 1821/432/1436 1423/224/1437 1568/434/1438
f 1821/432/1436 1568/434/1438 1824/433/1439
f 1824/433/1439 1568/434/1438 1419/436/1440
f 1824/433/1439 1419/436/1440 1818/435/1441
f 1841/437/1442 1413/440/1443 1147/439/1444
f 1841/437/1442 1147/439/1444 1835/438/1445
f 1837/441/1446 1148/429/1432 1414/440/1447
f 1837/441/1446 1414/440/1447 1842/437/1448
f 1818/435/1441 1419/436/1440 1572/443/1449
f 1818/435/1441 1572/443/1449 1827/442/1450
f 1829/442/1451 1570/443/1452 1417/222/1087
f 1829/442/1451 1417/222/1087 1816/219/1086
f 1843/444/1453 1410/445/1454 1143/230/1455
f 1843/444/1453 1143/230/1455 1833/229/1456
f 1835/438/1445 1147/439/1444 1410/445/1454
f 1835/438/1445 1410/445/1454 1843/444/1453
f 1815/223/1091 1416/224/1090 1575/447/1457
f 1815/223/1091 1575/447/1457 1830/446/1458
f 1830/446/1458 1575/447/1457 1424/224/1459
f 1830/446/1458 1424/224/1459 1820/432/1460
f 1846/448/1461 1412/426/1430 1149/429/1462
f 1846/448/1461 1149/429/1462 1838/441/1463
f 1831/226/1464 1144/227/1427 1411/426/1430
f 1831/226/1464 1411/426/1430 1845/448/1465
f 1152/449/1466 1427/452/1467 1576/451/1468
f 1152/449/1466 1576/451/1468 1425/450/1469
f 1425/450/1469 1576/451/1468 1430/430/1433
f 1425/450/1469 1430/430/1433 1154/431/1435
f 1577/451/1470 1432/453/1471 1157/430/1472
f 1577/451/1470 1157/430/1472 1429/430/1473
f 1428/452/1474 1156/454/1475 1433/453/1471
f 1428/452/1474 1433/453/1471 1577/451/1470
f 1142/230/1097 1437/456/1476 1578/455/1477
f 1142/230/1097 1578/455/1477 1406/228/1478
f 1405/228/1093 1579/455/1479 1435/428/1428
f 1405/228/1093 1435/428/1428 1144/227/1427
f 1580/455/1479 1426/450/1480 1153/431/1481
f 1580/455/1479 1153/431/1481 1436/428/1428
f 1437/456/1476 1151/449/1482 1425/450/1480
f 1437/456/1476 1425/450/1480 1578/455/1477
f 1148/429/1432 1434/428/1431 1581/455/1483
f 1148/429/1432 1581/455/1483 1414/440/1447
f 1414/440/1447 1581/455/1483 1438/457/1484
f 1414/440/1447 1438/457/1484 1146/439/1444
f 1581/455/1483 1431/453/1485 1155/454/1486
f 1581/455/1483 1155/454/1486 1438/457/1484
f 1434/428/1431 1157/430/1434 1431/453/1485
f 1434/428/1431 1431/453/1485 1581/455/1483
f 1146/439/1444 1438/457/1484 1582/458/1487
f 1146/439/1444 1582/458/1487 1409/445/1488
f 1410/445/1454 1583/458/1487 1437/456/1489
f 1410/445/1454 1437/456/1489 1143/230/1455
f 1583/458/1487 1428/452/1474 1150/449/1466
f 1583/458/1487 1150/449/1466 1437/456/1489
f 1439/457/1490 1156/454/1475 1428/452/1474
f 1439/457/1490 1428/452/1474 1583/458/1487
f 1907/459/1491 1917/462/1492 1584/461/1493
f 1907/459/1491 1584/461/1493 1165/460/1494
f 1935/463/1495 1941/464/1496 1195/19/842
f 1935/463/1495 1195/19/842 1017/21/846
f 1941/464/1496 1933/465/847 1013/18/843
f 1941/464/1496 1013/18/843 1195/19/842
f 1917/462/1492 1913/467/1497 1201/466/1498
f 1917/462/1492 1201/466/1498 1584/461/1493
f 1908/468/1499 1166/471/1500 1585/470/1501
f 1908/468/1499 1585/470/1501 1918/469/1502
f 1918/469/1502 1585/470/1501 1197/473/1503
f 1918/469/1502 1197/473/1503 1911/472/1504
f 1942/474/1505 1193/477/1506 1015/476/866
f 1942/474/1505 1015/476/866 1931/475/1507
f 1936/478/1495 1018/479/1508 1193/477/1506
f 1936/478/1495 1193/477/1506 1942/474/1505
f 1945/480/867 1954/483/1509 1586/482/1510
f 1945/480/867 1586/482/1510 1175/481/1511
f 1175/481/1511 1586/482/1510 1169/484/1512
f 1175/481/1511 1169/484/1512 999/38/863
f 1586/482/1510 1200/485/1513 1000/10/835
f 1586/482/1510 1000/10/835 1169/484/1512
f 1954/483/1509 1948/486/1514 1200/485/1513
f 1954/483/1509 1200/485/1513 1586/482/1510
f 1857/129/953 1862/488/1515 1587/487/1516
f 1857/129/953 1587/487/1516 1445/128/952
f 1444/128/952 1588/487/1517 1218/231/1101
f 1444/128/952 1218/231/1101 1027/127/951
f 1588/487/1517 1447/137/965 1029/140/966
f 1588/487/1517 1029/140/966 1218/231/1101
f 1862/488/1515 1858/136/962 1446/137/965
f 1862/488/1515 1446/137/965 1587/487/1516
f 1541/366/1103 1339/285/1518 1591/338/1322
f 1541/366/1103 1591/338/1322 1604/368/1321
f 1337/361/1313 1540/366/1519 1604/368/1321
f 1337/361/1313 1604/368/1321 1589/360/1311
f 1535/357/1309 1337/361/1313 1589/360/1311
f 1535/357/1309 1589/360/1311 1601/359/1310
f 1345/348/1296 1535/357/1309 1601/359/1310
f 1345/348/1296 1601/359/1310 1594/347/1294
f 1532/344/1291 1345/348/1296 1594/347/1294
f 1532/344/1291 1594/347/1294 1600/346/1293
f 1348/334/1520 1530/344/1291 1600/346/1521
f 1348/334/1520 1600/346/1521 1595/173/1292
f 1528/336/1268 1349/334/1278 1597/173/1275
f 1528/336/1268 1597/173/1275 1598/267/1274
f 1340/285/1269 1528/336/1268 1598/267/1274
f 1340/285/1269 1598/267/1274 1592/338/1322
f 1525/322/1250 1313/156/987 1606/159/988
f 1525/322/1250 1606/159/988 1618/325/1253
f 1310/317/1244 1524/322/1522 1617/325/1251
f 1310/317/1244 1617/325/1251 1605/316/1241
f 1520/313/1523 1310/317/1244 1605/316/1241
f 1520/313/1523 1605/316/1241 1616/315/1238
f 1317/294/1236 1520/313/1523 1616/315/1238
f 1317/294/1236 1616/315/1238 1609/185/1237
f 1516/203/1524 1317/294/1236 1608/185/1525
f 1516/203/1524 1608/185/1525 1613/307/1526
f 1320/134/995 1515/203/1217 1614/307/1527
f 1320/134/995 1614/307/1527 1610/163/992
f 1472/157/986 1320/134/995 1610/163/992
f 1472/157/986 1610/163/992 1612/162/989
f 1313/156/987 1472/157/986 1612/162/989
f 1313/156/987 1612/162/989 1606/159/988
f 1324/161/990 1099/134/993 1621/175/1206
f 1324/161/990 1621/175/1206 1626/305/1213
f 1090/160/991 1324/161/990 1626/305/1213
f 1090/160/991 1626/305/1213 1622/298/1196
f 1326/306/1220 1095/308/1223 1620/299/1197
f 1326/306/1220 1620/299/1197 1625/303/1207
f 1099/134/993 1326/306/1220 1625/303/1207
f 1099/134/993 1625/303/1207 1621/175/1206
f 1330/293/1528 1089/187/1242 1619/187/1191
f 1330/293/1528 1619/187/1191 1624/301/1198
f 1095/308/1223 1330/293/1528 1624/301/1198
f 1095/308/1223 1624/301/1198 1620/299/1197
f 1334/324/1252 1090/160/991 1622/298/1196
f 1334/324/1252 1622/298/1196 1623/296/1192
f 1089/187/1242 1334/324/1252 1623/296/1192
f 1089/187/1242 1623/296/1192 1619/187/1191
f 1331/321/1529 1091/192/1034 1628/155/984
f 1331/321/1529 1628/155/984 1638/323/1249
f 1086/187/1231 1331/321/1529 1638/323/1249
f 1086/187/1231 1638/323/1249 1627/318/1243
f 1328/311/1229 1086/187/1231 1627/318/1243
f 1328/311/1229 1627/318/1243 1637/314/1234
f 1094/152/1530 1328/311/1229 1637/314/1234
f 1094/152/1530 1637/314/1234 1631/185/1531
f 1325/151/978 1093/152/981 1629/185/1224
f 1325/151/978 1629/185/1224 1636/202/1216
f 1098/150/979 1325/151/978 1636/202/1216
f 1098/150/979 1636/202/1216 1633/164/1215
f 1322/193/1033 1097/150/1532 1634/164/1533
f 1322/193/1033 1634/164/1533 1635/158/985
f 1091/192/1034 1322/193/1033 1635/158/985
f 1091/192/1034 1635/158/985 1628/155/984
f 1359/286/1317 1106/331/1261 1642/335/1534
f 1359/286/1317 1642/335/1534 1651/367/1318
f 1101/282/1305 1359/286/1317 1651/367/1318
f 1101/282/1305 1651/367/1318 1639/362/1312
f 1356/352/1302 1101/282/1305 1639/362/1312
f 1356/352/1302 1639/362/1312 1650/358/1308
f 1107/343/1286 1356/352/1302 1650/358/1308
f 1107/343/1286 1650/358/1308 1644/349/1295
f 1353/341/1283 1107/343/1286 1644/349/1295
f 1353/341/1283 1644/349/1295 1649/345/1290
f 1111/192/1263 1353/341/1283 1649/345/1290
f 1111/192/1263 1649/345/1290 1647/334/1535
f 1350/332/1260 1110/192/1263 1645/334/1277
f 1350/332/1260 1645/334/1277 1648/337/1267
f 1105/331/1261 1350/332/1260 1648/337/1267
f 1105/331/1261 1648/337/1267 1640/335/1266
f 1537/363/1536 1280/327/1537 1652/330/1258
f 1537/363/1536 1652/330/1258 1663/365/1316
f 1335/355/1538 1537/363/1536 1663/365/1316
f 1335/355/1538 1663/365/1316 1653/354/1304
f 1533/350/1539 1335/355/1538 1653/354/1304
f 1533/350/1539 1653/354/1304 1662/353/1301
f 1344/181/1540 1533/350/1539 1662/353/1301
f 1344/181/1540 1662/353/1301 1656/187/1300
f 1529/339/1280 1342/181/1541 1654/187/1300
f 1529/339/1280 1654/187/1300 1661/342/1542
f 1346/334/1265 1529/339/1280 1661/342/1542
f 1346/334/1265 1661/342/1542 1657/192/1543
f 1527/328/1544 1347/334/1545 1659/192/1262
f 1527/328/1544 1659/192/1262 1660/333/1259
f 1280/327/1537 1527/328/1544 1660/333/1259
f 1280/327/1537 1660/333/1259 1652/330/1258
f 1387/400/1546 1120/140/1331 1666/375/1337
f 1387/400/1546 1666/375/1337 1672/402/1386
f 1115/391/1369 1387/400/1546 1672/402/1386
f 1115/391/1369 1672/402/1386 1665/397/1547
f 1384/243/1366 1115/391/1369 1665/397/1547
f 1384/243/1366 1665/397/1547 1671/393/1374
f 1122/384/1367 1384/243/1366 1671/393/1374
f 1122/384/1367 1671/393/1374 1667/390/1362
f 1381/383/1352 1122/384/1367 1667/390/1362
f 1381/383/1352 1667/390/1362 1670/386/1356
f 1127/331/1333 1381/383/1352 1670/386/1356
f 1127/331/1333 1670/386/1356 1668/380/1347
f 1376/141/1330 1127/331/1333 1668/380/1347
f 1376/141/1330 1668/380/1347 1669/378/1338
f 1120/140/1331 1376/141/1330 1669/378/1338
f 1120/140/1331 1669/378/1338 1666/375/1337
f 1557/401/1387 1367/376/1340 1674/379/1341
f 1557/401/1387 1674/379/1341 1680/402/1388
f 1364/391/1548 1557/401/1387 1680/402/1388
f 1364/391/1548 1680/402/1388 1673/396/1378
f 1553/392/1375 1364/391/1548 1673/396/1378
f 1553/392/1375 1673/396/1378 1679/395/1376
f 1370/389/1549 1553/392/1375 1679/395/1376
f 1370/389/1549 1679/395/1376 1675/388/1360
f 1549/385/1550 1370/389/1549 1675/388/1360
f 1549/385/1550 1675/388/1360 1678/387/1358
f 1375/285/1551 1549/385/1550 1678/387/1358
f 1375/285/1551 1678/387/1358 1676/285/1345
f 1545/377/1552 1374/285/1348 1676/285/1345
f 1545/377/1552 1676/285/1345 1677/378/1342
f 1367/376/1340 1546/377/1553 1677/378/1342
f 1367/376/1340 1677/378/1342 1674/379/1341
f 1378/141/1554 1130/335/1555 1685/285/1180
f 1378/141/1554 1685/285/1180 1692/288/1177
f 1118/217/1344 1378/141/1554 1692/288/1177
f 1118/217/1344 1692/288/1177 1687/280/1163
f 1382/286/1556 1125/384/1361 1682/281/1164
f 1382/286/1556 1682/281/1164 1691/286/1557
f 1130/335/1555 1383/286/1558 1690/286/1169
f 1130/335/1555 1690/286/1169 1685/285/1180
f 1386/394/1559 1117/396/1379 1681/275/1158
f 1386/394/1559 1681/275/1158 1689/284/1165
f 1126/384/1361 1386/394/1559 1689/284/1165
f 1126/384/1361 1689/284/1165 1682/281/1560
f 1389/400/1561 1118/217/1344 1687/280/1163
f 1389/400/1561 1687/280/1163 1688/278/1159
f 1117/396/1379 1389/400/1561 1688/278/1159
f 1117/396/1379 1688/278/1159 1681/275/1158
f 1242/489/1562 1040/174/1007 1693/188/1028
f 1242/489/1562 1693/188/1028 1704/320/1246
f 1048/187/1027 1242/489/1562 1704/320/1246
f 1048/187/1027 1704/320/1246 1697/312/1563
f 1228/186/1023 1048/187/1027 1696/312/1232
f 1228/186/1023 1696/312/1232 1703/310/1226
f 1039/152/1024 1228/186/1023 1703/310/1226
f 1039/152/1024 1703/310/1226 1698/154/982
f 1210/145/1013 1037/175/1015 1699/146/972
f 1210/145/1013 1699/146/972 1702/191/1029
f 1040/174/1007 1210/145/1013 1702/191/1029
f 1040/174/1007 1702/191/1029 1693/188/1028
f 1230/204/1054 1039/152/1024 1698/154/982
f 1230/204/1054 1698/154/982 1701/149/973
f 1037/175/1015 1230/204/1054 1701/149/973
f 1037/175/1015 1701/149/973 1699/146/972
f 1241/274/1564 1044/142/1004 1705/326/1254
f 1241/274/1564 1705/326/1254 1714/364/1314
f 1047/114/935 1241/274/1564 1714/364/1314
f 1047/114/935 1714/364/1314 1706/356/1306
f 1205/211/1065 1047/114/935 1706/356/1306
f 1205/211/1065 1706/356/1306 1713/351/1297
f 1048/187/1027 1205/211/1065 1713/351/1297
f 1048/187/1027 1713/351/1297 1707/187/1287
f 1242/489/1562 1048/187/1027 1707/187/1287
f 1242/489/1562 1707/187/1287 1712/340/1279
f 1042/174/1565 1242/489/1562 1712/340/1279
f 1042/174/1565 1712/340/1279 1710/334/1566
f 1209/172/1567 1041/174/1568 1708/334/1264
f 1209/172/1567 1708/334/1264 1711/329/1255
f 1044/142/1004 1209/172/1567 1711/329/1255
f 1044/142/1004 1711/329/1255 1705/326/1254
f 1225/199/1042 1036/201/1569 1715/369/1326
f 1225/199/1042 1715/369/1326 1728/399/1383
f 1033/116/938 1225/199/1042 1728/399/1383
f 1033/116/938 1728/399/1383 1716/115/1371
f 1206/109/939 1033/116/938 1719/115/1371
f 1206/109/939 1719/115/1371 1726/110/1570
f 1046/114/1571 1207/109/934 1727/110/1572
f 1046/114/1571 1727/110/1572 1720/282/1573
f 1241/274/1564 1047/114/935 1721/282/1355
f 1241/274/1564 1721/282/1355 1725/382/1349
f 1044/142/1004 1241/274/1564 1725/382/1349
f 1044/142/1004 1725/382/1349 1722/374/1334
f 1227/208/1574 1044/142/1004 1722/374/1334
f 1227/208/1574 1722/374/1334 1724/372/1327
f 1036/201/1569 1226/208/1574 1723/372/1327
f 1036/201/1569 1723/372/1327 1715/369/1326
f 1244/112/931 1741/114/936 1762/210/1064
f 1244/112/931 1762/210/1064 1486/209/1575
f 1486/209/1575 1762/210/1064 1742/187/1026
f 1486/209/1575 1742/187/1026 1246/181/1576
f 1240/169/1000 1739/171/1005 1761/207/1058
f 1240/169/1000 1761/207/1058 1484/206/1056
f 1484/206/1056 1761/207/1058 1747/200/1044
f 1484/206/1056 1747/200/1044 1250/197/1036
f 1231/183/1020 1731/185/1053 1759/202/1055
f 1231/183/1020 1759/202/1055 1483/203/1046
f 1481/203/1049 1758/202/1050 1733/175/1014
f 1481/203/1049 1733/175/1014 1236/175/1577
f 1250/197/1036 1747/200/1044 1757/198/1041
f 1250/197/1036 1757/198/1041 1480/196/1037
f 1480/196/1037 1757/198/1041 1746/115/937
f 1480/196/1037 1746/115/937 1248/108/1039
f 1246/181/1576 1742/187/1026 1756/184/1022
f 1246/181/1576 1756/184/1022 1477/180/1018
f 1477/180/1018 1756/184/1022 1732/185/1025
f 1477/180/1018 1732/185/1025 1232/183/1578
f 1237/175/1579 1734/175/1014 1754/177/1580
f 1237/175/1579 1754/177/1580 1475/176/1581
f 1475/176/1582 1755/177/1012 1736/173/1006
f 1475/176/1582 1736/173/1006 1239/168/1583
f 1238/168/997 1735/173/1006 1752/170/1002
f 1238/168/997 1752/170/1002 1473/167/998
f 1473/167/998 1752/170/1002 1739/171/1005
f 1473/167/998 1739/171/1005 1240/169/1000
f 1248/108/928 1745/115/937 1749/113/1584
f 1248/108/928 1749/113/1584 1463/110/1585
f 1462/110/929 1748/113/933 1740/114/1586
f 1462/110/929 1740/114/1586 1243/112/931
f 1261/209/1072 1788/209/1587 1775/178/1016
f 1261/209/1072 1775/178/1016 1068/187/1073
f 1065/111/1074 1771/111/932 1788/209/1062
f 1065/111/1074 1788/209/1062 1262/209/1072
f 1263/141/1588 1787/205/1057 1778/194/1035
f 1263/141/1588 1778/194/1035 1054/217/1082
f 1063/218/1085 1770/142/1589 1787/205/1057
f 1063/218/1085 1787/205/1057 1263/141/1588
f 1265/202/1425 1786/202/1047 1764/175/1590
f 1265/202/1425 1764/175/1590 1138/147/1591
f 1131/182/1108 1763/182/1021 1786/202/1047
f 1131/182/1108 1786/202/1047 1265/202/1425
f 1267/234/1103 1784/195/1038 1776/108/1040
f 1267/234/1103 1776/108/1040 1053/108/1592
f 1054/217/1082 1778/194/1035 1784/195/1038
f 1054/217/1082 1784/195/1038 1267/234/1103
f 1269/237/1107 1783/179/1019 1763/182/1021
f 1269/237/1107 1763/182/1021 1131/182/1108
f 1067/187/1109 1774/178/1016 1783/179/1019
f 1067/187/1109 1783/179/1019 1269/237/1107
f 1271/145/1114 1782/145/1011 1766/165/996
f 1271/145/1114 1766/165/996 1060/165/1121
f 1139/147/1117 1765/175/1008 1782/145/1011
f 1139/147/1117 1782/145/1011 1271/145/1114
f 1272/241/1120 1781/166/1593 1769/142/1589
f 1272/241/1120 1769/142/1589 1062/218/1085
f 1060/165/1121 1766/165/996 1780/166/999
f 1060/165/1121 1780/166/999 1272/241/1120
f 1273/243/1123 1779/109/930 1771/111/932
f 1273/243/1123 1771/111/932 1065/111/1074
f 1052/108/1104 1776/108/927 1779/109/930
f 1052/108/1104 1779/109/930 1273/243/1123
f 1401/415/1403 1792/417/1406 1800/425/1426
f 1401/415/1403 1800/425/1426 1564/424/1594
f 1563/424/1417 1799/425/1421 1793/422/1424
f 1563/424/1417 1793/422/1424 1404/406/1408
f 1403/406/1408 1794/422/1415 1798/421/1416
f 1403/406/1408 1798/421/1416 1562/420/1409
f 1561/420/1412 1797/421/1414 1789/411/1398
f 1561/420/1412 1789/411/1398 1399/406/1391
f 1400/408/1394 1791/410/1397 1796/416/1405
f 1400/408/1394 1796/416/1405 1559/413/1399
f 1559/413/1399 1796/416/1405 1792/417/1406
f 1559/413/1399 1792/417/1406 1401/415/1403
f 1398/406/1391 1790/411/1398 1795/409/1396
f 1398/406/1391 1795/409/1396 1558/405/1392
f 1558/405/1392 1795/409/1396 1791/410/1397
f 1558/405/1392 1791/410/1397 1400/408/1394
f 1397/490/1595 1812/423/1418 1805/418/1596
f 1397/490/1595 1805/418/1596 1056/491/1597
f 1049/492/1598 1804/414/1404 1812/423/1418
f 1049/492/1598 1812/423/1418 1397/490/1595
f 1395/491/1599 1811/419/1411 1801/403/1413
f 1395/491/1599 1801/403/1413 1134/493/1600
f 1058/491/1597 1806/418/1407 1810/419/1410
f 1058/491/1597 1810/419/1410 1394/491/1601
f 1393/494/1602 1809/412/1401 1804/414/1404
f 1393/494/1602 1804/414/1404 1049/492/1598
f 1132/495/1603 1803/407/1395 1808/412/1400
f 1132/495/1603 1808/412/1400 1392/494/1602
f 1223/496/1604 1807/404/1393 1803/407/1395
f 1223/496/1604 1803/407/1395 1132/495/1603
f 1137/493/1605 1802/403/1390 1807/404/1393
f 1137/493/1605 1807/404/1393 1223/496/1604
f 1394/491/1606 1830/446/1458 1821/432/1460
f 1394/491/1606 1821/432/1460 1057/491/1607
f 1136/493/1600 1815/223/1091 1830/446/1458
f 1136/493/1600 1830/446/1458 1394/491/1606
f 1393/494/1602 1826/442/1608 1817/219/1609
f 1393/494/1602 1817/219/1609 1133/495/1603
f 1050/492/1598 1819/435/1610 1828/442/1611
f 1050/492/1598 1828/442/1611 1393/494/1602
f 1396/490/1612 1825/433/1613 1819/435/1614
f 1396/490/1612 1819/435/1614 1051/492/1598
f 1056/491/1597 1821/432/1436 1824/433/1439
f 1056/491/1597 1824/433/1439 1397/490/1595
f 1222/496/1615 1823/220/1089 1814/223/1616
f 1222/496/1615 1814/223/1616 1135/493/1600
f 1133/495/1603 1817/219/1609 1823/220/1089
f 1133/495/1603 1823/220/1089 1222/496/1615
f 1416/224/1090 1831/226/1464 1845/448/1465
f 1416/224/1090 1845/448/1465 1575/447/1457
f 1574/447/1617 1846/448/1461 1838/441/1463
f 1574/447/1617 1838/441/1463 1422/224/1459
f 1420/436/1618 1836/438/1445 1844/444/1619
f 1420/436/1618 1844/444/1619 1573/443/1449
f 1571/443/1620 1843/444/1453 1833/229/1456
f 1571/443/1620 1833/229/1456 1418/222/1621
f 1421/224/1437 1837/441/1446 1842/437/1448
f 1421/224/1437 1842/437/1448 1569/434/1622
f 1569/434/1622 1842/437/1448 1836/438/1445
f 1569/434/1622 1836/438/1445 1420/436/1618
f 1417/222/1087 1834/229/1096 1839/225/1099
f 1417/222/1087 1839/225/1099 1490/221/1088
f 1491/221/1623 1840/225/1092 1832/226/1095
f 1491/221/1623 1832/226/1095 1415/224/1624
f 1870/497/1625 1866/500/1626 1850/499/1627
f 1870/497/1625 1850/499/1627 1854/498/1628
f 1865/501/1629 1870/497/1625 1854/498/1628
f 1865/501/1629 1854/498/1628 1849/502/1630
f 1864/503/1631 1848/506/1632 1853/505/1633
f 1864/503/1631 1853/505/1633 1869/504/1634
f 1866/500/1626 1869/504/1634 1853/505/1633
f 1866/500/1626 1853/505/1633 1850/499/1627
f 1868/507/1635 1863/510/1636 1847/509/1637
f 1868/507/1635 1847/509/1637 1852/508/1638
f 1864/503/1631 1868/507/1635 1852/508/1638
f 1864/503/1631 1852/508/1638 1848/506/1632
f 1865/501/1629 1849/502/1630 1851/512/1639
f 1865/501/1629 1851/512/1639 1867/511/1640
f 1863/510/1636 1867/511/1640 1851/512/1639
f 1863/510/1636 1851/512/1639 1847/509/1637
f 1854/498/1628 1850/499/1627 1858/136/962
f 1854/498/1628 1858/136/962 1862/488/1515
f 1849/502/1630 1854/498/1628 1862/488/1515
f 1849/502/1630 1862/488/1515 1857/129/953
f 1848/506/1632 1856/130/954 1861/139/963
f 1848/506/1632 1861/139/963 1853/505/1633
f 1850/499/1627 1853/505/1633 1861/139/963
f 1850/499/1627 1861/139/963 1858/136/962
f 1852/508/1638 1847/509/1637 1855/117/940
f 1852/508/1638 1855/117/940 1860/133/955
f 1848/506/1632 1852/508/1638 1860/133/955
f 1848/506/1632 1860/133/955 1856/130/954
f 1849/502/1630 1857/129/953 1859/120/941
f 1849/502/1630 1859/120/941 1851/512/1639
f 1847/509/1637 1851/512/1639 1859/120/941
f 1847/509/1637 1859/120/941 1855/117/940
f 1010/70/893 1187/71/892 1867/511/1640
f 1010/70/893 1867/511/1640 1863/510/1636
f 1007/72/894 1865/501/1629 1867/511/1640
f 1007/72/894 1867/511/1640 1187/71/892
f 1009/104/924 1188/105/923 1868/507/1635
f 1009/104/924 1868/507/1635 1864/503/1631
f 1188/105/923 1010/70/893 1863/510/1636
f 1188/105/923 1863/510/1636 1868/507/1635
f 1008/101/920 1186/107/926 1869/504/1634
f 1008/101/920 1869/504/1634 1866/500/1626
f 1009/104/924 1864/503/1631 1869/504/1634
f 1009/104/924 1869/504/1634 1186/107/926
f 1007/72/894 1185/100/919 1870/497/1625
f 1007/72/894 1870/497/1625 1865/501/1629
f 1185/100/919 1008/101/920 1866/500/1626
f 1185/100/919 1866/500/1626 1870/497/1625
f 1894/513/908 1878/516/1641 1873/515/1642
f 1894/513/908 1873/515/1642 1888/514/1643
f 1890/517/1644 1874/518/1645 1878/516/1641
f 1890/517/1644 1878/516/1641 1894/513/908
f 1893/519/1646 1877/520/902 1874/518/1645
f 1893/519/1646 1874/518/1645 1890/517/1644
f 1889/521/1647 1871/522/1648 1877/520/902
f 1889/521/1647 1877/520/902 1893/519/1646
f 1892/523/1649 1876/526/1650 1872/525/1651
f 1892/523/1649 1872/525/1651 1887/524/1652
f 1888/514/1643 1873/515/1642 1876/526/1650
f 1888/514/1643 1876/526/1650 1892/523/1649
f 1891/527/883 1875/528/883 1871/522/1648
f 1891/527/883 1871/522/1648 1889/521/1647
f 1887/524/1652 1872/525/1651 1875/528/883
f 1887/524/1652 1875/528/883 1891/527/883
f 1878/516/1641 1884/85/908 1886/73/895
f 1878/516/1641 1886/73/895 1873/515/1642
f 1874/518/1645 1880/81/904 1884/85/908
f 1874/518/1645 1884/85/908 1878/516/1641
f 1877/520/902 1883/79/902 1880/81/904
f 1877/520/902 1880/81/904 1874/518/1645
f 1871/522/1648 1879/62/885 1883/79/902
f 1871/522/1648 1883/79/902 1877/520/902
f 1876/526/1650 1882/74/898 1885/58/880
f 1876/526/1650 1885/58/880 1872/525/1651
f 1873/515/1642 1886/73/895 1882/74/898
f 1873/515/1642 1882/74/898 1876/526/1650
f 1875/528/883 1881/59/883 1879/62/885
f 1875/528/883 1879/62/885 1871/522/1648
f 1872/525/1651 1885/58/880 1881/59/883
f 1872/525/1651 1881/59/883 1875/528/883
f 999/38/863 1887/524/1652 1891/527/883
f 999/38/863 1891/527/883 1171/35/861
f 1171/35/861 1891/527/883 1889/521/1647
f 1171/35/861 1889/521/1647 1002/34/858
f 1000/10/835 1888/514/1643 1892/523/1649
f 1000/10/835 1892/523/1649 1169/484/1512
f 1169/484/1512 1892/523/1649 1887/524/1652
f 1169/484/1512 1887/524/1652 999/38/863
f 1002/34/858 1889/521/1647 1893/519/1646
f 1002/34/858 1893/519/1646 1172/90/910
f 1172/90/910 1893/519/1646 1890/517/1644
f 1172/90/910 1890/517/1644 1001/14/840
f 1001/14/840 1890/517/1644 1894/513/908
f 1001/14/840 1894/513/908 1170/11/838
f 1170/11/838 1894/513/908 1888/514/1643
f 1170/11/838 1888/514/1643 1000/10/835
f 1920/529/1495 1896/532/1495 1906/531/1505
f 1920/529/1495 1906/531/1505 1926/530/1505
f 1926/530/1505 1906/531/1505 1899/534/870
f 1926/530/1505 1899/534/870 1927/533/870
f 1925/535/1496 1929/538/847 1901/537/847
f 1925/535/1496 1901/537/847 1905/536/1653
f 1919/539/1495 1925/535/1496 1905/536/1653
f 1919/539/1495 1905/536/1653 1895/540/1495
f 1940/541/871 1938/544/1654 1898/543/1654
f 1940/541/871 1898/543/1654 1904/542/871
f 1932/545/870 1940/541/871 1904/542/871
f 1932/545/870 1904/542/871 1900/546/870
f 1939/547/850 1903/550/850 1897/549/1654
f 1939/547/850 1897/549/1654 1937/548/1654
f 1934/551/847 1902/552/847 1903/550/850
f 1934/551/847 1903/550/850 1939/547/850
f 1164/8/832 1918/469/1502 1911/472/1504
f 1164/8/832 1911/472/1504 997/7/833
f 996/9/834 1908/468/1499 1918/469/1502
f 996/9/834 1918/469/1502 1164/8/832
f 1158/553/1655 989/554/857 1913/467/1497
f 1158/553/1655 1913/467/1497 1917/462/1492
f 995/555/1656 1158/553/1655 1917/462/1492
f 995/555/1656 1917/462/1492 1907/459/1491
f 1452/48/872 1168/56/879 1910/55/877
f 1452/48/872 1910/55/877 1916/53/875
f 1198/47/873 1452/48/872 1916/53/875
f 1198/47/873 1916/53/875 1912/50/874
f 1202/25/848 1914/32/856 1915/28/853
f 1202/25/848 1915/28/853 1450/24/849
f 1450/24/849 1915/28/853 1909/29/855
f 1450/24/849 1909/29/855 1167/27/851
f 1165/460/1494 1584/461/1493 1925/535/1496
f 1165/460/1494 1925/535/1496 1919/539/1495
f 1584/461/1493 1201/466/1498 1929/538/847
f 1584/461/1493 1929/538/847 1925/535/1496
f 1585/470/1501 1926/530/1505 1927/533/870
f 1585/470/1501 1927/533/870 1197/473/1503
f 1166/471/1500 1920/529/1495 1926/530/1505
f 1166/471/1500 1926/530/1505 1585/470/1501
f 1904/542/871 1898/543/1654 1922/57/878
f 1904/542/871 1922/57/878 1924/49/871
f 1900/546/870 1904/542/871 1924/49/871
f 1900/546/870 1924/49/871 1928/46/870
f 1903/550/850 1923/23/850 1921/26/852
f 1903/550/850 1921/26/852 1897/549/1654
f 1902/552/847 1930/22/847 1923/23/850
f 1902/552/847 1923/23/850 1903/550/850
f 1014/95/915 1934/551/847 1939/547/850
f 1014/95/915 1939/547/850 1194/93/913
f 1194/93/913 1939/547/850 1937/548/1654
f 1194/93/913 1937/548/1654 1011/92/914
f 1016/42/866 1196/43/865 1940/541/871
f 1016/42/866 1940/541/871 1932/545/870
f 1196/43/865 1012/45/869 1938/544/1654
f 1196/43/865 1938/544/1654 1940/541/871
f 1896/532/1495 1936/478/1495 1942/474/1505
f 1896/532/1495 1942/474/1505 1906/531/1505
f 1906/531/1505 1942/474/1505 1931/475/1507
f 1906/531/1505 1931/475/1507 1899/534/870
f 1905/536/1653 1901/537/847 1933/465/847
f 1905/536/1653 1933/465/847 1941/464/1496
f 1895/540/1495 1905/536/1653 1941/464/1496
f 1895/540/1495 1941/464/1496 1935/463/1495
f 1966/556/1509 1958/557/1514 1948/486/1514
f 1966/556/1509 1948/486/1514 1954/483/1509
f 1955/558/867 1966/556/1509 1954/483/1509
f 1955/558/867 1954/483/1509 1945/480/867
f 1458/89/911 1174/97/916 1944/560/1657
f 1458/89/911 1944/560/1657 1953/559/912
f 1203/88/859 1458/89/911 1953/559/912
f 1203/88/859 1953/559/912 1949/561/868
f 1204/37/859 1950/563/1658 1952/562/864
f 1204/37/859 1952/562/864 1451/36/860
f 1451/36/860 1952/562/864 1946/564/1659
f 1451/36/860 1946/564/1659 1176/39/862
f 1199/13/836 1947/566/845 1951/565/841
f 1199/13/836 1951/565/841 1449/12/837
f 1449/12/837 1951/565/841 1943/567/844
f 1449/12/837 1943/567/844 1173/15/839
f 1015/476/866 1193/477/1506 1966/556/1509
f 1015/476/866 1966/556/1509 1955/558/867
f 1193/477/1506 1018/479/1508 1958/557/1514
f 1193/477/1506 1958/557/1514 1966/556/1509
f 1953/559/912 1944/560/1657 1962/96/844
f 1953/559/912 1962/96/844 1965/94/912
f 1949/561/868 1953/559/912 1965/94/912
f 1949/561/868 1965/94/912 1959/91/868
f 1950/563/1658 1960/44/868 1964/40/864
f 1950/563/1658 1964/40/864 1952/562/864
f 1952/562/864 1964/40/864 1956/41/867
f 1952/562/864 1956/41/867 1946/564/1659
f 1947/566/845 1957/20/845 1963/16/841
f 1947/566/845 1963/16/841 1951/565/841
f 1951/565/841 1963/16/841 1961/17/844
f 1951/565/841 1961/17/844 1943/567/844
o Object_9
v 0.000000 3.337864 0.387959
v 0.000000 3.337864 0.387959
v 0.000000 3.337864 0.387959
v 0.000000 3.704726 0.313180
v 0.000000 3.704726 0.313180
v 0.000000 3.704726 0.313180
v 0.000000 3.704726 0.313180
v 0.000000 3.337864 -0.375316
v 0.000000 3.337864 -0.375316
v 0.000000 3.704726 -0.314880
v 0.000000 3.704726 -0.314880
v 0.000000 3.704726 -0.314880
v 0.000000 3.704726 -0.314880
v 0.419052 3.338364 0.274261
v 0.414886 3.654896 0.242998
v 0.419052 3.338364 -0.261618
v 0.414886 3.654896 -0.244699
v 0.216688 3.337864 -0.360955
v 0.223006 3.701476 -0.304677
v 0.223006 3.701476 -0.304677
v 0.216688 3.337864 0.373598
v 0.223006 3.701476 0.302976
v 0.223006 3.701476 0.302976
v 0.000000 3.844131 -0.000850
v 0.000000 3.844131 -0.000850
v 0.511496 3.339863 0.006321
v 0.471776 3.705226 -0.000850
v 0.231990 3.831132 -0.000850
v 0.000000 2.634057 0.400813
v 0.000000 2.634057 0.400813
v 0.275042 2.333770 -0.418085
v 0.275042 2.333770 -0.418085
v 0.000000 2.982679 0.386073
v 0.000000 2.982679 0.386073
v 0.000000 2.982679 0.386073
v 0.000000 2.982679 0.386073
v 0.204412 2.987932 -0.310917
v 0.000000 2.982679 -0.330400
v 0.000000 2.982679 -0.330400
v 0.000000 2.982679 -0.330400
v 0.000000 2.982679 -0.330400
v 0.470610 2.996083 0.027837
v 0.379678 2.993467 -0.222173
v 0.379678 2.993467 -0.222173
v 0.204412 2.987932 0.366590
v 0.204412 2.987932 0.366590
v 0.379678 2.993466 0.277846
v 0.379678 2.993466 0.277846
v 0.000000 2.307310 -0.371233
v 0.000000 2.307310 -0.371233
v 0.216768 2.672476 -0.373392
v 0.216768 2.672476 -0.373392
v 0.000000 2.634058 -0.388171
v 0.000000 2.634058 -0.388171
v 0.000000 2.634058 -0.388171
v 0.494939 2.727302 0.006321
v 0.404074 2.710828 -0.270660
v 0.404074 2.710828 -0.270660
v 0.216768 2.672475 0.386035
v 0.216768 2.672475 0.386035
v 0.404073 2.710828 0.283302
v 0.404073 2.710828 0.283302
v 0.404073 2.710828 0.283302
v 0.000000 2.224954 -0.000850
v 0.000000 2.307310 0.369531
v 0.000000 2.307310 0.369531
v 0.000000 2.307310 0.369531
v 0.591466 2.430814 -0.000851
v 0.591466 2.430814 -0.000851
v 0.498477 2.404163 -0.303003
v 0.275042 2.333770 0.416383
v 0.275042 2.333770 0.416383
v 0.498477 2.404164 0.301301
v 0.498477 2.404164 0.301301
v 0.330569 1.899930 -0.346530
v 0.105194 1.884493 -0.253951
v 0.105194 1.884493 -0.253951
v 0.105194 1.884493 -0.253951
v 0.019858 1.878945 0.008400
v 0.105194 1.884493 0.270751
v 0.105194 1.884493 0.270751
v 0.105194 1.884493 0.270751
v 0.649376 1.922154 0.008400
v 0.649376 1.922154 0.008400
v 0.556368 1.916145 -0.244040
v 0.556368 1.916145 -0.244040
v 0.556368 1.916145 -0.244040
v 0.556368 1.916145 -0.244040
v 0.330569 1.899930 0.363331
v 0.330569 1.899930 0.363331
v 0.556368 1.916145 0.260841
v 0.556368 1.916145 0.260841
v 0.556368 1.916145 0.260841
v 0.364883 1.416687 -0.260410
v 0.162383 1.416687 -0.185955
v 0.162383 1.416687 -0.185955
v 0.162383 1.416687 -0.185955
v 0.070993 1.416687 0.011934
v 0.144247 1.416687 0.217334
v 0.144247 1.416687 0.217334
v 0.633124 1.416687 0.037582
v 0.633124 1.416687 0.037582
v 0.559870 1.416687 -0.167818
v 0.559870 1.416687 -0.167818
v 0.339235 1.416687 0.309926
v 0.339235 1.416687 0.309926
v 0.541734 1.416687 0.235470
v 0.599539 0.038268 -0.251430
v 0.599539 0.038268 -0.251430
v 0.598338 0.408865 -0.322136
v 0.598338 0.408865 -0.322136
v 0.598338 0.408865 -0.322136
v 0.372406 0.408865 -0.322129
v 0.372406 0.408865 -0.322129
v 0.187904 0.411159 -0.146326
v 0.108667 0.400222 0.147213
v 0.108667 0.400222 0.147213
v 0.733414 0.411159 0.101296
v 0.747299 0.408865 -0.153333
v 0.291366 0.483987 0.333757
v 0.291366 0.483987 0.333757
v 0.291366 0.483987 0.333757
v 0.555785 0.400222 0.360412
v 0.555785 0.400222 0.360412
v 0.555785 0.400222 0.360412
v 0.555785 0.400222 0.360412
v 0.318441 1.057976 0.240006
v 0.318441 1.057976 0.240006
v 0.382242 0.067228 -0.288675
v 0.382242 0.067228 -0.288675
v 0.382242 0.067228 -0.288675
v 0.215605 0.038842 -0.104331
v 0.215605 0.038842 -0.104331
v 0.109921 0.041136 0.147916
v 0.109921 0.041136 0.147916
v 0.721428 0.038842 0.140931
v 0.762453 0.067228 -0.105587
v 0.762453 0.067228 -0.105587
v 0.344710 -0.019650 0.281463
v 0.587200 0.041136 0.384549
v 0.469997 -0.019650 0.016906
v 0.148531 1.057403 0.105421
v 0.148531 1.057403 0.105421
v 0.134202 1.055109 -0.113792
v 0.266956 1.054535 -0.284394
v 0.266956 1.054535 -0.284394
v 0.533350 1.057403 0.213920
v 0.664638 1.055109 0.031643
v 0.639938 1.054535 -0.182772
v 0.475175 1.054535 -0.312135
v 0.249949 0.287145 0.447206
v 0.249949 0.287145 0.447206
v 0.448714 0.256466 0.472264
v 0.109515 0.256466 0.306416
v 0.109515 0.256466 0.306416
v 0.109515 0.256466 0.306416
v 0.259597 0.041709 0.452282
v 0.259597 0.041709 0.452282
v 0.259597 0.041709 0.452282
v 0.469010 0.072389 0.483667
v 0.469010 0.072389 0.483667
v 0.103153 0.072389 0.304728
v 0.103153 0.072389 0.304728
v 0.103153 0.072389 0.304728
v 0.109887 2.652879 -0.385221
v 0.109887 2.652879 -0.385221
v 0.000000 3.534126 0.374496
v 0.000000 3.534126 0.374496
v 0.000000 3.809833 -0.179796
v 0.000000 3.809833 -0.179796
v 0.000000 3.534127 -0.374404
v 0.000000 3.534127 -0.374404
v 0.107953 3.337865 -0.372418
v 0.337385 3.689115 -0.280815
v 0.337385 3.689115 -0.280815
v 0.426000 3.529153 -0.265175
v 0.486075 3.339301 -0.142384
v 0.452617 3.692927 0.147988
v 0.426000 3.529153 0.265268
v 0.324415 3.337926 0.342948
v 0.109370 3.704319 0.311904
v 0.109370 3.704319 0.311904
v 0.324415 3.337926 -0.330305
v 0.109370 3.704319 -0.313605
v 0.109370 3.704319 -0.313605
v 0.107953 3.337864 0.385061
v 0.337385 3.689115 0.279114
v 0.337385 3.689115 0.279114
v 0.228621 3.800490 0.172281
v 0.210168 3.155117 -0.330712
v 0.219971 3.533720 0.362084
v 0.219971 3.533720 -0.361992
v 0.000000 3.809832 0.178095
v 0.000000 3.809832 0.178095
v 0.486075 3.339302 0.155027
v 0.452617 3.692927 -0.149689
v 0.228621 3.800489 -0.173982
v 0.397931 3.155872 -0.237714
v 0.210168 3.155118 0.370249
v 0.110493 3.842506 -0.000850
v 0.000000 3.154461 0.387846
v 0.000000 3.154461 0.387846
v 0.514910 3.538938 0.000046
v 0.365466 3.795896 -0.000851
v 0.145438 2.300067 -0.419712
v 0.145438 2.300067 -0.419712
v 0.145438 2.300067 -0.419712
v 0.104028 2.985231 -0.323553
v 0.104028 2.985231 -0.323553
v 0.444016 2.995362 -0.111563
v 0.444016 2.995362 -0.111563
v 0.297511 2.990819 0.339507
v 0.297511 2.990819 0.339507
v 0.297511 2.990819 -0.283834
v 0.297511 2.990819 -0.283834
v 0.104028 2.985230 0.379226
v 0.104028 2.985230 0.379226
v 0.000000 2.811940 -0.349176
v 0.000000 2.811940 -0.349176
v 0.000000 2.811940 -0.349176
v 0.000000 2.811940 -0.349176
v 0.000000 2.811940 0.388712
v 0.000000 2.811940 0.388712
v 0.444016 2.995363 0.167236
v 0.444016 2.995363 0.167236
v 0.204992 2.829220 -0.331550
v 0.380363 2.847157 0.277860
v 0.380363 2.847157 0.277860
v 0.380363 2.847157 0.277860
v 0.204992 2.829219 0.371087
v 0.204992 2.829219 0.371087
v 0.397931 3.155871 0.277251
v 0.000000 3.154461 -0.348309
v 0.000000 3.154461 -0.348309
v 0.000000 3.154461 -0.348309
v 0.000000 3.154461 -0.348309
v 0.489627 3.156385 0.019768
v 0.469061 2.722940 -0.147395
v 0.469061 2.722940 -0.147395
v 0.316960 2.692837 0.354334
v 0.316960 2.692837 0.354334
v 0.316960 2.692837 -0.341691
v 0.316960 2.692837 -0.341691
v 0.109887 2.652879 0.397863
v 0.109887 2.652879 0.397863
v 0.540297 2.597957 0.000046
v 0.540297 2.597957 0.000046
v 0.540297 2.597957 0.000046
v 0.469061 2.722940 0.160038
v 0.469061 2.722940 0.160038
v 0.448595 2.573161 0.296553
v 0.448595 2.573161 0.296553
v 0.242225 2.510633 0.407946
v 0.242225 2.510633 0.407946
v 0.000000 2.451542 0.414290
v 0.000000 2.451542 0.414290
v 0.000000 2.451542 0.414290
v 0.000000 2.451542 0.414290
v 0.470975 2.855431 0.019769
v 0.380363 2.847157 -0.238324
v 0.380363 2.847157 -0.238324
v 0.000000 2.239278 0.217022
v 0.566706 2.424176 -0.167739
v 0.566706 2.424176 -0.167739
v 0.396746 2.371922 0.381557
v 0.396746 2.371922 0.381557
v 0.396746 2.371922 0.381557
v 0.396746 2.371922 0.381557
v 0.396746 2.371922 -0.383258
v 0.396746 2.371922 -0.383258
v 0.145438 2.300066 0.418010
v 0.145438 2.300066 0.418010
v 0.007020 2.068748 0.000305
v 0.000000 2.239277 -0.218723
v 0.566706 2.424176 0.166038
v 0.566706 2.424176 0.166038
v 0.537096 2.179501 0.283998
v 0.537096 2.179501 0.283998
v 0.537096 2.179501 0.283998
v 0.306934 2.132191 0.395321
v 0.306934 2.132191 0.395321
v 0.306934 2.132191 0.395321
v 0.073402 2.090128 0.315863
v 0.073402 2.090128 0.315863
v 0.073402 2.090128 0.315863
v 0.448595 2.573161 -0.296462
v 0.448595 2.573161 -0.296462
v 0.242226 2.510632 -0.407854
v 0.242226 2.510632 -0.407854
v 0.000000 2.451542 -0.414198
v 0.000000 2.451542 -0.414198
v 0.207663 1.891387 -0.325409
v 0.207663 1.891387 -0.325409
v 0.041266 1.880310 0.152408
v 0.624891 1.920675 -0.128794
v 0.624891 1.920675 -0.128794
v 0.624891 1.920675 -0.128794
v 0.624891 1.920675 -0.128794
v 0.452928 1.908747 0.335396
v 0.452928 1.908747 0.335396
v 0.452928 1.908747 0.335396
v 0.452928 1.908747 -0.318595
v 0.452928 1.908747 -0.318595
v 0.207663 1.891386 0.342209
v 0.207663 1.891386 0.342209
v 0.207663 1.891386 0.342209
v 0.207663 1.891386 0.342209
v 0.643134 1.646412 0.025924
v 0.643134 1.646412 0.025924
v 0.041266 1.880310 -0.135608
v 0.624891 1.920674 0.145594
v 0.553927 1.645661 0.248462
v 0.553927 1.645661 0.248462
v 0.128405 1.641705 0.247434
v 0.128405 1.641705 0.247434
v 0.128405 1.641705 0.247434
v 0.042424 1.641011 0.022718
v 0.631250 2.197102 0.000306
v 0.306934 2.132191 -0.394710
v 0.306934 2.132191 -0.394710
v 0.073402 2.090129 -0.315252
v 0.073402 2.090129 -0.315252
v 0.073402 2.090129 -0.315252
v 0.537096 2.179501 -0.283386
v 0.537096 2.179501 -0.283386
v 0.256458 1.416687 -0.243302
v 0.256458 1.416687 -0.243302
v 0.087785 1.416687 0.121927
v 0.616332 1.416687 -0.072411
v 0.616332 1.416687 -0.072411
v 0.616332 1.416687 -0.072411
v 0.616332 1.416687 -0.072411
v 0.447660 1.416687 0.292818
v 0.471328 1.416687 -0.233498
v 0.471328 1.416687 -0.233498
v 0.471328 1.416687 -0.233498
v 0.232789 1.416687 0.283014
v 0.232789 1.416687 0.283014
v 0.330256 1.252513 0.264575
v 0.330256 1.252513 0.264575
v 0.097589 1.416687 -0.096080
v 0.606529 1.416687 0.145596
v 0.137300 0.748774 0.105024
v 0.137300 0.748774 0.105024
v 0.101256 1.252155 -0.047048
v 0.328838 0.741398 -0.315224
v 0.328838 0.741398 -0.315224
v 0.556194 1.645662 -0.197553
v 0.556194 1.645662 -0.197553
v 0.343876 1.643635 -0.290800
v 0.130673 1.641705 -0.201059
v 0.130673 1.641705 -0.201059
v 0.130673 1.641705 -0.201059
v 0.340670 1.643635 0.339442
v 0.340670 1.643635 0.339442
v 0.486868 0.408865 -0.345516
v 0.486868 0.408865 -0.345516
v 0.128777 0.413600 -0.010845
v 0.761968 0.409152 -0.031981
v 0.417111 0.475199 0.368405
v 0.689525 0.408865 -0.254270
v 0.689525 0.408865 -0.254270
v 0.689525 0.408865 -0.254270
v 0.184256 0.475199 0.258780
v 0.184256 0.475199 0.258780
v 0.382580 0.175224 -0.314129
v 0.382580 0.175224 -0.314129
v 0.382580 0.175224 -0.314129
v 0.270794 0.409152 -0.253383
v 0.665066 0.413600 0.236898
v 0.665066 0.413600 0.236898
v 0.665066 0.413600 0.236898
v 0.618733 0.171470 -0.306963
v 0.618733 0.171470 -0.306963
v 0.771938 0.175224 -0.128102
v 0.771938 0.175224 -0.128102
v 0.751837 0.173119 0.137963
v 0.533221 1.252441 0.213452
v 0.533221 1.252441 0.213452
v 0.640416 1.252154 0.032046
v 0.640416 1.252154 0.032046
v 0.640416 1.252154 0.032046
v 0.697746 0.741398 -0.175190
v 0.410763 1.252083 -0.278324
v 0.410763 1.252083 -0.278324
v 0.473787 0.043229 -0.289042
v 0.473787 0.043229 -0.289042
v 0.473787 0.043229 -0.289042
v 0.149946 0.039989 0.026840
v 0.149946 0.039989 0.026840
v 0.759343 0.043301 -0.001446
v 0.487196 -0.012052 0.346316
v 0.707194 0.043229 -0.176646
v 0.707194 0.043229 -0.176646
v 0.205963 -0.012052 0.206882
v 0.403028 -0.019650 0.157611
v 0.303612 0.043301 -0.221112
v 0.303612 0.043301 -0.221112
v 0.657776 0.039989 0.276235
v 0.542759 -0.012410 -0.132497
v 0.319986 -0.012338 -0.052527
v 0.618038 -0.012338 0.091991
v 0.186793 0.173119 -0.133903
v 0.082320 0.174745 0.126723
v 0.269136 0.357770 0.397831
v 0.608597 0.174745 0.386685
v 0.306863 0.758960 0.270451
v 0.306863 0.758960 0.270451
v 0.306863 0.758960 0.270451
v 0.306863 0.758960 0.270451
v 0.150759 1.252441 0.156817
v 0.150759 1.252441 0.156817
v 0.150759 1.252441 0.156817
v 0.168457 0.743047 -0.144610
v 0.208635 1.252083 -0.226995
v 0.208635 1.252083 -0.226995
v 0.543074 0.748774 0.266769
v 0.543074 0.748774 0.266769
v 0.543074 0.748774 0.266769
v 0.699117 0.743047 0.058626
v 0.699117 0.743047 0.058626
v 0.589617 1.252083 -0.171219
v 0.589617 1.252083 -0.171219
v 0.544352 0.741398 -0.325555
v 0.544352 0.741398 -0.325555
v 0.368637 1.054536 -0.318902
v 0.672719 1.054607 -0.079679
v 0.570261 1.054535 -0.263968
v 0.570261 1.054535 -0.263968
v 0.615588 1.056256 0.135911
v 0.185585 1.054607 -0.212517
v 0.219182 1.057904 0.189522
v 0.428944 1.057905 0.249185
v 0.428944 1.057905 0.249185
v 0.120316 1.056256 -0.001656
v 0.363536 0.281890 0.474343
v 0.158782 0.281890 0.374598
v 0.158782 0.281890 0.374598
v 0.383518 0.046964 0.485369
v 0.383518 0.046964 0.485369
v 0.156658 0.046964 0.374812
v 0.156658 0.046964 0.374812
v 0.156658 0.046964 0.374812
v 0.095670 0.164427 0.301387
v 0.095670 0.164427 0.301387
v 0.245128 0.164427 0.470032
v 0.245128 0.164427 0.470032
v 0.245128 0.164427 0.470032
v 0.245128 0.164427 0.470032
v 0.469125 0.164427 0.483589
v 0.469125 0.164427 0.483589
v 0.492827 0.293606 0.441307
v 0.294806 -0.011980 0.384972
v 0.094899 0.046893 0.242014
v 0.094899 0.046893 0.242014
v 0.523765 0.046893 0.453665
v 0.523765 0.046893 0.453665
v 0.101771 0.293606 0.249075
v 0.101771 0.293606 0.249075
v 0.101771 0.293606 0.249075
v 0.354983 3.773051 0.160170
v 0.331228 3.531949 -0.331763
v 0.490645 3.535711 0.148906
v 0.108912 3.534076 0.372807
v 0.105898 3.154780 -0.342938
v 0.110072 3.808664 0.177369
v 0.310011 3.155486 0.341741
v 0.331228 3.531949 0.331855
v 0.108912 3.534075 -0.372715
v 0.310011 3.155486 -0.302204
v 0.110072 3.808664 -0.179069
v 0.105898 3.154780 0.382475
v 0.490645 3.535711 -0.148814
v 0.354983 3.773050 -0.161870
v 0.444507 2.853174 0.163411
v 0.104348 2.820354 -0.343802
v 0.298228 2.838619 0.342509
v 0.104348 2.820354 0.383338
v 0.104348 2.820354 0.383338
v 0.463546 3.156226 0.163073
v 0.463546 3.156226 -0.123536
v 0.353826 2.544277 -0.373488
v 0.353826 2.544277 -0.373488
v 0.515118 2.591632 0.164329
v 0.353826 2.544277 0.373579
v 0.353826 2.544277 0.373579
v 0.353826 2.544277 0.373579
v 0.123151 2.478603 0.418341
v 0.123151 2.478603 0.418341
v 0.298228 2.838620 -0.302972
v 0.298228 2.838620 -0.302972
v 0.444507 2.853174 -0.123874
v 0.444507 2.853174 -0.123874
v 0.444507 2.853174 -0.123874
v 0.606464 2.192760 0.155843
v 0.606464 2.192760 0.155843
v 0.021158 2.074036 0.178342
v 0.432176 2.157899 0.363222
v 0.432176 2.157899 0.363222
v 0.178924 2.108114 0.384013
v 0.515118 2.591632 -0.164238
v 0.515118 2.591632 -0.164238
v 0.123151 2.478603 -0.418249
v 0.620540 1.646228 -0.094843
v 0.620540 1.646228 -0.094843
v 0.458816 1.644737 -0.265797
v 0.458816 1.644737 -0.265797
v 0.619315 1.646228 0.146443
v 0.619315 1.646228 0.146443
v 0.064633 1.641182 0.144337
v 0.178924 2.108114 -0.383401
v 0.178924 2.108114 -0.383401
v 0.432176 2.157900 -0.362611
v 0.432176 2.157900 -0.362611
v 0.606464 2.192760 -0.155232
v 0.606464 2.192760 -0.155232
v 0.606464 2.192760 -0.155232
v 0.021158 2.074036 -0.177731
v 0.130277 0.745808 -0.020108
v 0.426222 0.756939 0.294455
v 0.426222 0.756939 0.294455
v 0.203225 0.756939 0.204936
v 0.236995 0.741604 -0.246760
v 0.228620 1.642567 -0.267874
v 0.228620 1.642567 -0.267874
v 0.065859 1.641182 -0.098653
v 0.225661 1.642567 0.315291
v 0.225661 1.642567 0.315291
v 0.455858 1.644737 0.315664
v 0.173539 -0.004603 0.308527
v 0.276449 0.172615 -0.244169
v 0.500723 0.172409 -0.335266
v 0.500723 0.172409 -0.335266
v 0.783518 0.172615 -0.001675
v 0.637797 0.745808 0.177864
v 0.637797 0.745808 0.177864
v 0.635877 0.741398 -0.266532
v 0.719559 0.741604 -0.063358
v 0.436456 0.741398 -0.342231
v 0.552924 -0.012195 0.230477
v 0.253688 -0.012195 0.083523
v 0.403030 -0.005429 -0.187699
v 0.673343 -0.005429 -0.057406
v 0.388561 0.349794 0.431741
v 0.388561 0.349794 0.431741
v 0.120490 0.175880 -0.000723
v 0.685994 0.175880 0.275098
v 0.714714 0.172409 -0.233012
v 0.714714 0.172409 -0.233012
v 0.304722 1.252083 -0.272524
v 0.304722 1.252083 -0.272524
v 0.634820 1.252092 -0.074789
v 0.634820 1.252092 -0.074789
v 0.510670 1.252083 -0.242373
v 0.510670 1.252083 -0.242373
v 0.510670 1.252083 -0.242373
v 0.510670 1.252083 -0.242373
v 0.604394 1.252298 0.133297
v 0.604394 1.252298 0.133297
v 0.137570 1.252092 -0.147607
v 0.229827 1.252504 0.228334
v 0.229827 1.252504 0.228334
v 0.436793 1.252504 0.259076
v 0.106127 1.252298 0.059889
v 0.151757 0.164427 0.392845
v 0.151757 0.164427 0.392845
v 0.363621 0.164427 0.495496
v 0.363621 0.164427 0.495496
v 0.428243 -0.004603 0.434167
v 0.542807 0.166507 0.452309
v 0.542807 0.166507 0.452309
v 0.073734 0.166507 0.221024
v 0.169192 0.349794 0.324224
v 0.169192 0.349794 0.324224
v 0.213428 3.246491 -0.345834
v 0.408491 3.247118 -0.249666
v 0.213428 3.246490 0.371923
v 0.000000 3.246163 0.387902
v 0.408491 3.247118 0.275756
v 0.000000 3.246163 -0.361813
v 0.000000 3.246163 -0.361813
v 0.000000 3.246163 -0.361813
v 0.500562 3.248126 0.013045
v 0.106925 3.246322 -0.357678
v 0.317213 3.246706 0.342345
v 0.317213 3.246706 -0.316255
v 0.106925 3.246322 0.383768
v 0.474811 3.247763 0.159050
v 0.474811 3.247763 -0.132961
v 0.215058 3.292177 -0.353394
v 0.215058 3.292178 0.372761
v 0.413772 3.292741 0.275008
v 0.000000 3.292014 -0.368564
v 0.000000 3.292014 -0.368564
v 0.000000 3.292014 -0.368564
v 0.000000 3.292014 -0.368564
v 0.506029 3.293994 0.009683
v 0.413772 3.292741 -0.255642
v 0.000000 3.292013 0.387931
v 0.000000 3.292013 0.387931
v 0.107439 3.292094 -0.365048
v 0.320814 3.292316 0.342646
v 0.320814 3.292316 -0.323280
v 0.107439 3.292094 0.384414
v 0.480443 3.293532 0.157039
v 0.480443 3.293532 -0.137672
v 0.000000 3.435995 0.381228
v 0.000000 3.435995 0.381228
v 0.000000 3.435995 -0.374860
v 0.000000 3.435995 -0.374860
v 0.422526 3.433758 -0.263397
v 0.422526 3.433758 0.269764
v 0.218329 3.435792 0.367841
v 0.218329 3.435792 -0.361474
v 0.513203 3.439401 0.003184
v 0.327822 3.434938 -0.331034
v 0.488360 3.437506 0.151966
v 0.108433 3.435970 0.378934
v 0.327822 3.434938 0.337401
v 0.108433 3.435969 -0.372567
v 0.488360 3.437506 -0.145599
v 0.000000 3.386930 -0.375089
v 0.000000 3.386930 -0.375089
v 0.420789 3.386061 -0.262508
v 0.420789 3.386061 0.272013
v 0.217509 3.386827 0.370720
v 0.217509 3.386828 -0.361215
v 0.512349 3.389632 0.004752
v 0.000000 3.386930 0.384594
v 0.000000 3.386930 0.384594
v 0.326118 3.386432 -0.330670
v 0.487218 3.388404 0.153497
v 0.108193 3.386917 0.381998
v 0.326118 3.386432 0.340175
v 0.108193 3.386917 -0.372493
v 0.487218 3.388404 -0.143992
v 0.403211 3.201495 -0.243690
v 0.000000 3.200312 0.387874
v 0.000000 3.200312 0.387874
v 0.000000 3.200312 0.387874
v 0.106412 3.200551 -0.350308
v 0.313612 3.201096 0.342043
v 0.313612 3.201096 -0.309230
v 0.106412 3.200551 0.383122
v 0.469179 3.201995 0.161062
v 0.469179 3.201995 -0.128248
v 0.211798 3.200804 -0.338273
v 0.211798 3.200804 0.371086
v 0.403211 3.201495 0.276504
v 0.000000 3.200312 -0.355061
v 0.000000 3.200312 -0.355061
v 0.495095 3.202256 0.016407
v 0.000000 2.722999 -0.368674
v 0.000000 2.722999 -0.368674
v 0.000000 2.722999 0.394763
v 0.210880 2.750848 -0.352471
v 0.210880 2.750848 -0.352471
v 0.392218 2.778993 0.280581
v 0.392218 2.778993 0.280581
v 0.210880 2.750848 0.378561
v 0.482957 2.791366 0.013044
v 0.482957 2.791366 0.013044
v 0.482957 2.791366 0.013044
v 0.392218 2.778993 -0.254492
v 0.392218 2.778993 -0.254492
v 0.456784 2.788057 0.161724
v 0.456784 2.788057 0.161724
v 0.107118 2.736617 -0.364511
v 0.307594 2.765728 0.348421
v 0.307594 2.765728 0.348421
v 0.307594 2.765728 0.348421
v 0.107118 2.736617 0.390601
v 0.307594 2.765728 -0.322332
v 0.307594 2.765728 -0.322332
v 0.456784 2.788057 -0.135635
v 0.000000 2.767470 -0.358924
v 0.000000 2.767470 -0.358924
v 0.000000 2.767470 -0.358924
v 0.000000 2.767470 -0.358924
v 0.386290 2.813075 0.279221
v 0.386290 2.813075 0.279221
v 0.207936 2.790034 0.374824
v 0.207936 2.790034 0.374824
v 0.476966 2.823398 0.016407
v 0.476966 2.823398 0.016407
v 0.450646 2.820616 0.162568
v 0.450646 2.820616 0.162568
v 0.105733 2.778486 -0.354156
v 0.105733 2.778486 -0.354156
v 0.302911 2.802174 0.345465
v 0.302911 2.802174 0.345465
v 0.105733 2.778486 0.386969
v 0.105733 2.778486 0.386969
v 0.302911 2.802174 -0.312652
v 0.450646 2.820616 -0.129754
v 0.450646 2.820616 -0.129754
v 0.000000 2.767470 0.391738
v 0.000000 2.767470 0.391738
v 0.207936 2.790034 -0.342010
v 0.207936 2.790034 -0.342010
v 0.207936 2.790034 -0.342010
v 0.207936 2.790034 -0.342010
v 0.386290 2.813075 -0.246408
v 0.386290 2.813075 -0.246408
v 0.000000 2.897310 -0.339788
v 0.000000 2.897310 -0.339788
v 0.000000 2.897310 -0.339788
v 0.000000 2.897310 0.387393
v 0.000000 2.897310 0.387393
v 0.000000 2.897310 0.387393
v 0.000000 2.897310 0.387393
v 0.204702 2.908576 -0.321233
v 0.380020 2.920312 0.277853
v 0.380020 2.920312 0.277853
v 0.204702 2.908576 0.368838
v 0.204702 2.908576 0.368838
v 0.470792 2.925757 0.023803
v 0.380020 2.920312 -0.230248
v 0.380020 2.920312 -0.230248
v 0.444262 2.924269 0.165324
v 0.444262 2.924269 0.165324
v 0.444262 2.924269 0.165324
v 0.104188 2.902792 -0.333677
v 0.104188 2.902792 -0.333677
v 0.297869 2.914719 0.341008
v 0.297869 2.914719 0.341008
v 0.104188 2.902792 0.381282
v 0.104188 2.902792 0.381282
v 0.297869 2.914719 -0.293403
v 0.297869 2.914719 -0.293403
v 0.444262 2.924269 -0.117719
v 0.444262 2.924269 -0.117719
v 0.000000 2.854625 0.388053
v 0.000000 2.854625 0.388053
v 0.000000 2.854625 0.388053
v 0.000000 2.854625 0.388053
v 0.204847 2.868897 -0.326392
v 0.204847 2.868897 -0.326392
v 0.380192 2.883735 -0.234286
v 0.380192 2.883735 -0.234286
v 0.444384 2.888721 0.164367
v 0.444384 2.888721 0.164367
v 0.444384 2.888721 0.164367
v 0.104268 2.861573 -0.338739
v 0.104268 2.861573 -0.338739
v 0.104268 2.861573 -0.338739
v 0.298048 2.876668 0.341758
v 0.298048 2.876668 0.341758
v 0.298048 2.876668 0.341758
v 0.104268 2.861573 0.382310
v 0.104268 2.861573 0.382310
v 0.298048 2.876669 -0.298187
v 0.298048 2.876669 -0.298187
v 0.298048 2.876669 -0.298187
v 0.298048 2.876669 -0.298187
v 0.444384 2.888721 -0.120796
v 0.444384 2.888721 -0.120796
v 0.000000 2.854625 -0.344482
v 0.000000 2.854625 -0.344482
v 0.380192 2.883735 0.277857
v 0.204847 2.868897 0.369963
v 0.204847 2.868897 0.369963
v 0.470884 2.890593 0.021785
v 0.470884 2.890593 0.021785
v 0.565882 2.514386 -0.000402
v 0.565882 2.514386 -0.000402
v 0.473536 2.488662 0.298927
v 0.473536 2.488662 0.298927
v 0.258634 2.422201 0.412165
v 0.258634 2.422201 0.412165
v 0.000000 2.379426 0.391911
v 0.000000 2.379426 0.391911
v 0.473536 2.488662 -0.299732
v 0.473536 2.488662 -0.299732
v 0.473536 2.488662 -0.299732
v 0.473536 2.488662 -0.299732
v 0.258634 2.422200 -0.412970
v 0.258634 2.422200 -0.412970
v 0.000000 2.379426 -0.392716
v 0.000000 2.379426 -0.392716
v 0.000000 2.379426 -0.392716
v 0.375286 2.458099 -0.378373
v 0.375286 2.458099 -0.378373
v 0.540912 2.507904 0.165183
v 0.540912 2.507904 0.165183
v 0.540912 2.507904 0.165183
v 0.375286 2.458099 0.377568
v 0.375286 2.458099 0.377568
v 0.375286 2.458099 0.377568
v 0.134295 2.389334 0.418176
v 0.540912 2.507904 -0.165988
v 0.540912 2.507904 -0.165988
v 0.134295 2.389334 -0.418980
v 0.134295 2.389334 -0.418980
v 0.134295 2.389334 -0.418980
v 0.134295 2.389334 -0.418980
v 0.000000 2.343368 0.380721
v 0.000000 2.343368 0.380721
v 0.486006 2.446412 -0.301368
v 0.486006 2.446412 -0.301368
v 0.578674 2.472600 -0.000626
v 0.578674 2.472600 -0.000626
v 0.486006 2.446412 0.300114
v 0.486006 2.446412 0.300114
v 0.486006 2.446412 0.300114
v 0.266838 2.377985 0.414274
v 0.266838 2.377985 0.414274
v 0.266838 2.377985 -0.415527
v 0.266838 2.377985 -0.415527
v 0.000000 2.343368 -0.381974
v 0.000000 2.343368 -0.381974
v 0.386016 2.415010 -0.380816
v 0.386016 2.415010 -0.380816
v 0.386016 2.415010 -0.380816
v 0.386016 2.415010 -0.380816
v 0.553809 2.466040 0.165611
v 0.553809 2.466040 0.165611
v 0.553809 2.466040 0.165611
v 0.553809 2.466040 0.165611
v 0.386016 2.415010 0.379562
v 0.386016 2.415010 0.379562
v 0.139866 2.344700 0.418093
v 0.139866 2.344700 0.418093
v 0.553809 2.466039 -0.166864
v 0.553809 2.466039 -0.166864
v 0.553809 2.466039 -0.166864
v 0.553809 2.466039 -0.166864
v 0.139866 2.344700 -0.419346
v 0.139866 2.344700 -0.419346
v 0.003510 2.146851 -0.000273
v 0.517786 2.291832 0.292649
v 0.290988 2.232981 0.405853
v 0.036701 2.198719 0.342697
v 0.036701 2.198719 0.342697
v 0.036701 2.198719 0.342697
v 0.611358 2.313958 -0.000273
v 0.611358 2.313958 -0.000273
v 0.611358 2.313958 -0.000273
v 0.611358 2.313958 -0.000273
v 0.290988 2.232980 -0.406397
v 0.290988 2.232980 -0.406397
v 0.036701 2.198720 -0.343243
v 0.036701 2.198720 -0.343243
v 0.036701 2.198720 -0.343243
v 0.517786 2.291832 -0.293195
v 0.517786 2.291832 -0.293195
v 0.586585 2.308468 0.160940
v 0.586585 2.308468 0.160940
v 0.010579 2.156657 0.197682
v 0.414461 2.264910 0.372390
v 0.162181 2.204090 0.401012
v 0.162181 2.204090 0.401012
v 0.162181 2.204090 -0.401557
v 0.162181 2.204090 -0.401557
v 0.414461 2.264911 -0.372934
v 0.414461 2.264911 -0.372934
v 0.586585 2.308468 -0.161485
v 0.586585 2.308468 -0.161485
v 0.010579 2.156657 -0.198227
v 0.508131 2.347997 0.296976
v 0.508131 2.347997 0.296976
v 0.283015 2.283375 0.411118
v 0.283015 2.283375 0.411118
v 0.601412 2.372386 -0.000561
v 0.601412 2.372386 -0.000561
v 0.601412 2.372386 -0.000561
v 0.601412 2.372386 -0.000561
v 0.018351 2.253015 -0.357238
v 0.018351 2.253015 -0.357238
v 0.001755 2.185903 -0.000561
v 0.018351 2.253015 0.356114
v 0.018351 2.253015 0.356114
v 0.018351 2.253015 0.356114
v 0.283015 2.283375 -0.412241
v 0.283015 2.283375 -0.412241
v 0.508131 2.347997 -0.298099
v 0.508131 2.347997 -0.298099
v 0.576645 2.366322 0.163489
v 0.576645 2.366322 0.163489
v 0.005290 2.197968 0.207352
v 0.405603 2.318416 0.376973
v 0.405603 2.318416 0.376973
v 0.405603 2.318416 0.376973
v 0.153810 2.252078 0.409511
v 0.153810 2.252078 0.409511
v 0.153810 2.252078 -0.410635
v 0.153810 2.252078 -0.410635
v 0.405603 2.318416 -0.378096
v 0.405603 2.318416 -0.378096
v 0.576645 2.366322 -0.164612
v 0.576645 2.366322 -0.164612
v 0.005290 2.197968 -0.208475
v 0.553089 2.556171 -0.000179
v 0.553089 2.556171 -0.000179
v 0.461065 2.530911 0.297741
v 0.461065 2.530911 0.297741
v 0.250430 2.466416 0.410055
v 0.250430 2.466416 0.410055
v 0.250430 2.466416 -0.410412
v 0.000000 2.415485 -0.403457
v 0.000000 2.415485 -0.403457
v 0.000000 2.415485 -0.403457
v 0.000000 2.415485 -0.403457
v 0.364556 2.501188 -0.375930
v 0.364556 2.501188 -0.375930
v 0.528015 2.549768 0.164756
v 0.528015 2.549768 0.164756
v 0.364556 2.501188 0.375573
v 0.364556 2.501188 0.375573
v 0.364556 2.501188 0.375573
v 0.128723 2.433969 0.418258
v 0.128723 2.433969 0.418258
v 0.528015 2.549768 -0.165113
v 0.528015 2.549768 -0.165113
v 0.128723 2.433969 -0.418615
v 0.128723 2.433969 -0.418615
v 0.128723 2.433969 -0.418615
v 0.128723 2.433969 -0.418615
v 0.000000 2.415484 0.403100
v 0.000000 2.415484 0.403100
v 0.000000 2.415484 0.403100
v 0.000000 2.415484 0.403100
v 0.461065 2.530911 -0.298097
v 0.461065 2.530911 -0.298097
v 0.461065 2.530911 -0.298097
v 0.461065 2.530911 -0.298097
v 0.517618 2.662629 0.003184
v 0.517618 2.662629 0.003184
v 0.517618 2.662629 0.003184
v 0.426334 2.641994 0.289928
v 0.426334 2.641994 0.289928
v 0.229497 2.591553 0.396990
v 0.229497 2.591553 0.396990
v 0.000000 2.542799 0.407552
v 0.000000 2.542799 0.407552
v 0.000000 2.542799 0.407552
v 0.426334 2.641994 -0.283561
v 0.426334 2.641994 -0.283561
v 0.229497 2.591553 -0.390623
v 0.229497 2.591553 -0.390623
v 0.000000 2.542799 -0.401185
v 0.000000 2.542799 -0.401185
v 0.335393 2.618556 -0.357590
v 0.335393 2.618556 -0.357590
v 0.492090 2.657286 0.162183
v 0.492090 2.657286 0.162183
v 0.335393 2.618557 0.363956
v 0.335393 2.618557 0.363956
v 0.116519 2.565741 0.408102
v 0.116519 2.565741 0.408102
v 0.492090 2.657285 -0.155816
v 0.492090 2.657285 -0.155816
v 0.116519 2.565741 -0.401735
v 0.000000 2.497170 0.410921
v 0.000000 2.497170 0.410921
v 0.437464 2.607578 -0.290011
v 0.437464 2.607578 -0.290011
v 0.344609 2.581417 -0.365539
v 0.344609 2.581417 -0.365539
v 0.344609 2.581417 -0.365539
v 0.344609 2.581417 -0.365539
v 0.503604 2.624459 0.163256
v 0.503604 2.624459 0.163256
v 0.344609 2.581417 0.368768
v 0.344609 2.581417 0.368768
v 0.119835 2.522171 0.413222
v 0.119835 2.522171 0.413222
v 0.503604 2.624459 -0.160027
v 0.503604 2.624459 -0.160027
v 0.119835 2.522172 -0.409992
v 0.528958 2.630293 0.001615
v 0.528958 2.630293 0.001615
v 0.528958 2.630293 0.001615
v 0.437464 2.607577 0.293241
v 0.437464 2.607577 0.293241
v 0.235861 2.551093 0.402468
v 0.235861 2.551093 0.402468
v 0.235861 2.551093 0.402468
v 0.235861 2.551093 0.402468
v 0.235861 2.551093 -0.399239
v 0.235861 2.551093 -0.399239
v 0.000000 2.497170 -0.407692
v 0.000000 2.497170 -0.407692
v 0.334746 1.334600 0.287250
v 0.334746 1.334600 0.287250
v 0.086125 1.334421 -0.017557
v 0.537477 1.334564 0.224461
v 0.537477 1.334564 0.224461
v 0.537477 1.334564 0.224461
v 0.537477 1.334564 0.224461
v 0.636770 1.334420 0.034814
v 0.636770 1.334420 0.034814
v 0.636770 1.334420 0.034814
v 0.387823 1.334385 -0.269367
v 0.387823 1.334385 -0.269367
v 0.387823 1.334385 -0.269367
v 0.147503 1.334564 0.187076
v 0.147503 1.334564 0.187076
v 0.185509 1.334385 -0.206475
v 0.185509 1.334385 -0.206475
v 0.574744 1.334385 -0.169519
v 0.574744 1.334385 -0.169519
v 0.280590 1.334385 -0.257913
v 0.280590 1.334385 -0.257913
v 0.625576 1.334390 -0.073600
v 0.625576 1.334390 -0.073600
v 0.490999 1.334385 -0.237936
v 0.490999 1.334385 -0.237936
v 0.605461 1.334492 0.139447
v 0.117579 1.334390 -0.121843
v 0.231308 1.334595 0.255674
v 0.442226 1.334595 0.275947
v 0.096956 1.334492 0.090908
v 0.324349 1.155244 0.252290
v 0.324349 1.155244 0.252290
v 0.117729 1.153632 -0.080420
v 0.533285 1.154922 0.213686
v 0.652527 1.153632 0.031844
v 0.442969 1.153309 -0.295230
v 0.149645 1.154922 0.131119
v 0.149645 1.154922 0.131119
v 0.237796 1.153309 -0.255694
v 0.237796 1.153309 -0.255694
v 0.614778 1.153309 -0.176995
v 0.336679 1.153309 -0.295713
v 0.653769 1.153349 -0.077234
v 0.540466 1.153309 -0.253170
v 0.540466 1.153309 -0.253170
v 0.609991 1.154277 0.134604
v 0.161577 1.153350 -0.180062
v 0.224505 1.155204 0.208928
v 0.224505 1.155204 0.208928
v 0.432868 1.155204 0.254130
v 0.432868 1.155204 0.254130
v 0.113222 1.154277 0.029116
v 0.149131 1.293503 0.171946
v 0.149131 1.293503 0.171946
v 0.197072 1.293234 -0.216735
v 0.197072 1.293234 -0.216735
v 0.582181 1.293234 -0.170369
v 0.582181 1.293234 -0.170369
v 0.292656 1.293234 -0.265218
v 0.292656 1.293234 -0.265218
v 0.630198 1.293241 -0.074195
v 0.630198 1.293241 -0.074195
v 0.500835 1.293234 -0.240154
v 0.500835 1.293234 -0.240154
v 0.604928 1.293395 0.136372
v 0.604928 1.293395 0.136372
v 0.604928 1.293395 0.136372
v 0.127575 1.293240 -0.134725
v 0.230568 1.293550 0.242004
v 0.230568 1.293550 0.242004
v 0.439510 1.293550 0.267511
v 0.439510 1.293550 0.267511
v 0.101542 1.293395 0.075398
v 0.332501 1.293556 0.275912
v 0.332501 1.293556 0.275912
v 0.093690 1.293287 -0.032303
v 0.535349 1.293503 0.218957
v 0.535349 1.293503 0.218957
v 0.535349 1.293503 0.218957
v 0.535349 1.293503 0.218957
v 0.638593 1.293287 0.033430
v 0.638593 1.293287 0.033430
v 0.399293 1.293234 -0.273846
v 0.399293 1.293234 -0.273846
v 0.336990 1.375644 0.298588
v 0.336990 1.375644 0.298588
v 0.078559 1.375554 -0.002812
v 0.539606 1.375626 0.229966
v 0.539606 1.375626 0.229966
v 0.634947 1.375554 0.036198
v 0.634947 1.375554 0.036198
v 0.634947 1.375554 0.036198
v 0.634947 1.375554 0.036198
v 0.376353 1.375536 -0.264889
v 0.376353 1.375536 -0.264889
v 0.145875 1.375625 0.202205
v 0.145875 1.375625 0.202205
v 0.145875 1.375625 0.202205
v 0.173946 1.375536 -0.196215
v 0.173946 1.375536 -0.196215
v 0.567307 1.375536 -0.168669
v 0.268524 1.375536 -0.250607
v 0.268524 1.375536 -0.250607
v 0.620954 1.375538 -0.073006
v 0.620954 1.375538 -0.073006
v 0.620954 1.375538 -0.073006
v 0.620954 1.375538 -0.073006
v 0.481164 1.375536 -0.235717
v 0.481164 1.375536 -0.235717
v 0.481164 1.375536 -0.235717
v 0.481164 1.375536 -0.235717
v 0.605995 1.375590 0.142521
v 0.605995 1.375590 0.142521
v 0.107584 1.375538 -0.108961
v 0.232049 1.375641 0.269344
v 0.232049 1.375641 0.269344
v 0.232049 1.375641 0.269344
v 0.232049 1.375641 0.269344
v 0.444943 1.375641 0.284382
v 0.444943 1.375641 0.284382
v 0.092371 1.375590 0.106418
v 0.638129 1.531550 0.031753
v 0.638129 1.531550 0.031753
v 0.638129 1.531550 0.031753
v 0.638129 1.531550 0.031753
v 0.547830 1.531174 0.241966
v 0.547830 1.531174 0.241966
v 0.547830 1.531174 0.241966
v 0.547830 1.531174 0.241966
v 0.136326 1.529196 0.232384
v 0.136326 1.529196 0.232384
v 0.056709 1.528849 0.017326
v 0.558032 1.531174 -0.182686
v 0.558032 1.531174 -0.182686
v 0.558032 1.531174 -0.182686
v 0.558032 1.531174 -0.182686
v 0.354380 1.530161 -0.275605
v 0.354380 1.530161 -0.275605
v 0.354380 1.530161 -0.275605
v 0.354380 1.530161 -0.275605
v 0.146528 1.529196 -0.193507
v 0.146528 1.529196 -0.193507
v 0.339952 1.530161 0.324684
v 0.339952 1.530161 0.324684
v 0.618436 1.531458 -0.083627
v 0.618436 1.531458 -0.083627
v 0.618436 1.531458 -0.083627
v 0.618436 1.531458 -0.083627
v 0.465072 1.530712 -0.249647
v 0.465072 1.530712 -0.249647
v 0.612922 1.531457 0.146020
v 0.612922 1.531457 0.146020
v 0.612922 1.531457 0.146020
v 0.076209 1.528935 0.133132
v 0.242539 1.529627 -0.255588
v 0.242539 1.529627 -0.255588
v 0.081724 1.528935 -0.097366
v 0.229225 1.529627 0.299152
v 0.451759 1.530712 0.304241
v 0.451759 1.530712 0.304241
v 0.544782 1.473931 0.238718
v 0.544782 1.473931 0.238718
v 0.063851 1.472768 0.014630
v 0.558951 1.473931 -0.175252
v 0.558951 1.473931 -0.175252
v 0.558951 1.473931 -0.175252
v 0.558951 1.473931 -0.175252
v 0.635627 1.474118 0.034668
v 0.140287 1.472942 0.224859
v 0.140287 1.472942 0.224859
v 0.140287 1.472942 0.224859
v 0.359631 1.473424 -0.268008
v 0.359631 1.473424 -0.268008
v 0.154456 1.472942 -0.189730
v 0.154456 1.472942 -0.189730
v 0.154456 1.472942 -0.189730
v 0.339593 1.473424 0.317305
v 0.617384 1.474072 -0.078019
v 0.617384 1.474072 -0.078019
v 0.617384 1.474072 -0.078019
v 0.468200 1.473700 -0.241573
v 0.468200 1.473700 -0.241573
v 0.468200 1.473700 -0.241573
v 0.468200 1.473700 -0.241573
v 0.609725 1.474072 0.145808
v 0.609725 1.474072 0.145808
v 0.609725 1.474072 0.145808
v 0.081997 1.472811 0.127530
v 0.249498 1.473157 -0.249445
v 0.249498 1.473157 -0.249445
v 0.249498 1.473157 -0.249445
v 0.249498 1.473157 -0.249445
v 0.089656 1.472811 -0.096723
v 0.231007 1.473157 0.291083
v 0.231007 1.473157 0.291083
v 0.231007 1.473157 0.291083
v 0.449709 1.473699 0.298529
v 0.327303 1.203879 0.258432
v 0.327303 1.203879 0.258432
v 0.109493 1.202893 -0.063734
v 0.533253 1.203682 0.213569
v 0.533253 1.203682 0.213569
v 0.646472 1.202893 0.031945
v 0.646472 1.202893 0.031945
v 0.426866 1.202696 -0.286777
v 0.426866 1.202696 -0.286777
v 0.320701 1.202696 -0.284119
v 0.320701 1.202696 -0.284119
v 0.644294 1.202721 -0.076011
v 0.644294 1.202721 -0.076011
v 0.525568 1.202696 -0.247772
v 0.525568 1.202696 -0.247772
v 0.525568 1.202696 -0.247772
v 0.525568 1.202696 -0.247772
v 0.607193 1.203287 0.133951
v 0.607193 1.203287 0.133951
v 0.607193 1.203287 0.133951
v 0.149573 1.202721 -0.163834
v 0.227166 1.203854 0.218631
v 0.227166 1.203854 0.218631
v 0.227166 1.203854 0.218631
v 0.227166 1.203854 0.218631
v 0.434831 1.203854 0.256603
v 0.434831 1.203854 0.256603
v 0.109674 1.203287 0.044503
v 0.150202 1.203681 0.143968
v 0.150202 1.203681 0.143968
v 0.150202 1.203681 0.143968
v 0.223215 1.202696 -0.241345
v 0.223215 1.202696 -0.241345
v 0.223215 1.202696 -0.241345
v 0.602198 1.202696 -0.174107
v 0.602198 1.202696 -0.174107
v 0.377493 0.292045 -0.318129
v 0.377493 0.292045 -0.318129
v 0.377493 0.292045 -0.318129
v 0.608536 0.290168 -0.314549
v 0.608536 0.290168 -0.314549
v 0.759619 0.292045 -0.140717
v 0.742626 0.292139 0.119629
v 0.187348 0.292139 -0.140115
v 0.095493 0.287484 0.136968
v 0.582191 0.287483 0.373549
v 0.102592 0.210447 0.303902
v 0.102592 0.210447 0.303902
v 0.102592 0.210447 0.303902
v 0.247538 0.225786 0.458619
v 0.458920 0.210447 0.477926
v 0.273622 0.290884 -0.248776
v 0.493796 0.290637 -0.340391
v 0.493796 0.290637 -0.340391
v 0.772743 0.290884 -0.016828
v 0.124634 0.294740 -0.005784
v 0.675530 0.294740 0.255998
v 0.702119 0.290637 -0.243641
v 0.702119 0.290637 -0.243641
v 0.702119 0.290637 -0.243641
v 0.155269 0.223159 0.383722
v 0.363579 0.223159 0.484920
v 0.363579 0.223159 0.484920
v 0.517817 0.230056 0.446808
v 0.087753 0.230056 0.235049
v 0.374950 0.350455 -0.320129
v 0.374950 0.350455 -0.320129
v 0.374950 0.350455 -0.320129
v 0.753459 0.350455 -0.147025
v 0.187626 0.351649 -0.143221
v 0.568988 0.343853 0.366981
v 0.248743 0.256466 0.452913
v 0.248743 0.256466 0.452913
v 0.453817 0.233456 0.475095
v 0.603437 0.349517 -0.318342
v 0.738020 0.351649 0.110462
v 0.102080 0.343853 0.142090
v 0.106053 0.233456 0.305159
v 0.106053 0.233456 0.305159
v 0.106053 0.233456 0.305159
v 0.272208 0.350018 -0.251080
v 0.490332 0.349751 -0.342954
v 0.490332 0.349751 -0.342954
v 0.490332 0.349751 -0.342954
v 0.767355 0.350018 -0.024405
v 0.126705 0.354170 -0.008314
v 0.670298 0.354170 0.246448
v 0.695822 0.349751 -0.248955
v 0.695822 0.349751 -0.248955
v 0.695822 0.349751 -0.248955
v 0.695822 0.349751 -0.248955
v 0.157026 0.252524 0.379160
v 0.157026 0.252524 0.379160
v 0.363557 0.252524 0.479631
v 0.363557 0.252524 0.479631
v 0.363557 0.252524 0.479631
v 0.363557 0.252524 0.479631
v 0.505322 0.261831 0.444058
v 0.094762 0.261831 0.242062
v 0.613634 0.230819 -0.310756
v 0.613634 0.230819 -0.310756
v 0.747231 0.232629 0.128796
v 0.088907 0.231114 0.131846
v 0.099131 0.187437 0.302644
v 0.099131 0.187437 0.302644
v 0.099131 0.187437 0.302644
v 0.275035 0.231749 -0.246472
v 0.497260 0.231523 -0.337828
v 0.497260 0.231523 -0.337828
v 0.497260 0.231523 -0.337828
v 0.778130 0.231749 -0.009252
v 0.122562 0.235310 -0.003254
v 0.680762 0.235310 0.265548
v 0.708417 0.231523 -0.238326
v 0.708417 0.231523 -0.238326
v 0.708417 0.231523 -0.238326
v 0.153513 0.193793 0.388284
v 0.153513 0.193793 0.388284
v 0.363600 0.193793 0.490208
v 0.363600 0.193793 0.490208
v 0.530312 0.198282 0.449559
v 0.080743 0.198282 0.228037
v 0.380037 0.233635 -0.316129
v 0.380037 0.233635 -0.316129
v 0.765779 0.233635 -0.134410
v 0.187070 0.232629 -0.137009
v 0.595394 0.231114 0.380117
v 0.246333 0.195107 0.464326
v 0.246333 0.195107 0.464326
v 0.464022 0.187437 0.480758
v 0.280251 0.420879 0.365794
v 0.280251 0.420879 0.365794
v 0.524306 0.346914 0.400860
v 0.524306 0.346914 0.400860
v 0.319758 -0.015815 0.333217
v 0.102410 0.044014 0.194965
v 0.102410 0.044014 0.194965
v 0.102410 0.044014 0.194965
v 0.555482 0.044014 0.419107
v 0.105219 0.346914 0.198144
v 0.105219 0.346914 0.198144
v 0.105219 0.346914 0.198144
v 0.189751 -0.008327 0.257704
v 0.402836 0.412496 0.400073
v 0.402836 0.412496 0.400073
v 0.402836 0.412496 0.400073
v 0.402836 0.412496 0.400073
v 0.457719 -0.008327 0.390241
v 0.575702 0.170626 0.419497
v 0.078027 0.170626 0.173874
v 0.176724 0.412496 0.291502
v 0.176724 0.412496 0.291502
v 0.091623 0.258770 0.186009
v 0.550004 0.258770 0.410179
v 0.098421 0.302842 0.192076
v 0.537155 0.302842 0.405519
v 0.562853 0.214698 0.414838
v 0.084825 0.214698 0.179941
v -0.419052 3.338364 0.274261
v -0.414886 3.654896 0.242998
v -0.419051 3.338364 -0.261618
v -0.414886 3.654896 -0.244699
v -0.216688 3.337864 -0.360955
v -0.223006 3.701476 -0.304677
v -0.223006 3.701476 -0.304677
v -0.216688 3.337864 0.373598
v -0.223006 3.701476 0.302976
v -0.223006 3.701476 0.302976
v -0.511496 3.339864 0.006321
v -0.471776 3.705226 -0.000850
v -0.231990 3.831132 -0.000850
v -0.275042 2.333770 -0.418085
v -0.204412 2.987932 -0.310917
v -0.470610 2.996083 0.027837
v -0.379678 2.993467 -0.222173
v -0.379678 2.993467 -0.222173
v -0.204412 2.987932 0.366590
v -0.204412 2.987932 0.366590
v -0.379678 2.993466 0.277846
v -0.379678 2.993466 0.277846
v -0.216768 2.672476 -0.373392
v -0.216768 2.672476 -0.373392
v -0.494939 2.727302 0.006321
v -0.404073 2.710828 -0.270660
v -0.404073 2.710828 -0.270660
v -0.216768 2.672475 0.386035
v -0.216768 2.672475 0.386035
v -0.404073 2.710828 0.283302
v -0.404073 2.710828 0.283302
v -0.404073 2.710828 0.283302
v -0.591466 2.430814 -0.000851
v -0.591466 2.430814 -0.000851
v -0.498476 2.404163 -0.303003
v -0.275042 2.333770 0.416383
v -0.275042 2.333770 0.416383
v -0.498476 2.404164 0.301301
v -0.498476 2.404164 0.301301
v -0.330569 1.899930 -0.346530
v -0.105194 1.884493 -0.253951
v -0.105194 1.884493 -0.253951
v -0.105194 1.884493 -0.253951
v -0.019857 1.878945 0.008400
v -0.105194 1.884493 0.270751
v -0.105194 1.884493 0.270751
v -0.105194 1.884493 0.270751
v -0.649376 1.922154 0.008400
v -0.649376 1.922154 0.008400
v -0.556368 1.916145 -0.244040
v -0.556368 1.916145 -0.244040
v -0.556368 1.916145 -0.244040
v -0.556368 1.916145 -0.244040
v -0.330569 1.899930 0.363331
v -0.330569 1.899930 0.363331
v -0.556368 1.916145 0.260840
v -0.556368 1.916145 0.260840
v -0.556368 1.916145 0.260840
v -0.364883 1.416687 -0.260410
v -0.162383 1.416687 -0.185955
v -0.162383 1.416687 -0.185955
v -0.162383 1.416687 -0.185955
v -0.070993 1.416687 0.011934
v -0.144247 1.416687 0.217334
v -0.144247 1.416687 0.217334
v -0.633124 1.416687 0.037582
v -0.633124 1.416687 0.037582
v -0.559870 1.416687 -0.167818
v -0.559870 1.416687 -0.167818
v -0.559870 1.416687 -0.167818
v -0.559870 1.416687 -0.167818
v -0.339235 1.416687 0.309926
v -0.339235 1.416687 0.309926
v -0.541734 1.416687 0.235470
v -0.599539 0.038268 -0.251430
v -0.599539 0.038268 -0.251430
v -0.598338 0.408865 -0.322136
v -0.598338 0.408865 -0.322136
v -0.598338 0.408865 -0.322136
v -0.372406 0.408865 -0.322129
v -0.372406 0.408865 -0.322129
v -0.187904 0.411159 -0.146326
v -0.108667 0.400222 0.147213
v -0.108667 0.400222 0.147213
v -0.733414 0.411159 0.101296
v -0.747299 0.408865 -0.153333
v -0.291366 0.483987 0.333757
v -0.291366 0.483987 0.333757
v -0.291366 0.483987 0.333757
v -0.555785 0.400222 0.360412
v -0.555785 0.400222 0.360412
v -0.555785 0.400222 0.360412
v -0.555785 0.400222 0.360412
v -0.318441 1.057976 0.240006
v -0.318441 1.057976 0.240006
v -0.382242 0.067228 -0.288675
v -0.382242 0.067228 -0.288675
v -0.382242 0.067228 -0.288675
v -0.215605 0.038842 -0.104331
v -0.215605 0.038842 -0.104331
v -0.109921 0.041136 0.147916
v -0.109921 0.041136 0.147916
v -0.721428 0.038842 0.140930
v -0.762453 0.067228 -0.105587
v -0.762453 0.067228 -0.105587
v -0.344711 -0.019650 0.281463
v -0.587200 0.041136 0.384549
v -0.469997 -0.019650 0.016906
v -0.148531 1.057403 0.105421
v -0.148531 1.057403 0.105421
v -0.134202 1.055109 -0.113792
v -0.266956 1.054535 -0.284394
v -0.266956 1.054535 -0.284394
v -0.533350 1.057403 0.213920
v -0.664638 1.055109 0.031643
v -0.639938 1.054535 -0.182772
v -0.475175 1.054535 -0.312135
v -0.249949 0.287145 0.447206
v -0.249949 0.287145 0.447206
v -0.448714 0.256466 0.472264
v -0.109515 0.256466 0.306416
v -0.109515 0.256466 0.306416
v -0.109515 0.256466 0.306416
v -0.259597 0.041709 0.452282
v -0.259597 0.041709 0.452282
v -0.259597 0.041709 0.452282
v -0.469010 0.072389 0.483667
v -0.469010 0.072389 0.483667
v -0.103153 0.072389 0.304728
v -0.103153 0.072389 0.304728
v -0.103153 0.072389 0.304728
v -0.109887 2.652879 -0.385221
v -0.109887 2.652879 -0.385221
v -0.109887 2.652879 -0.385221
v -0.107953 3.337865 -0.372418
v -0.337385 3.689115 -0.280815
v -0.337385 3.689115 -0.280815
v -0.426000 3.529153 -0.265175
v -0.486075 3.339301 -0.142384
v -0.452617 3.692927 0.147988
v -0.426000 3.529153 0.265268
v -0.324415 3.337926 0.342948
v -0.109370 3.704319 0.311904
v -0.109370 3.704319 0.311904
v -0.324415 3.337926 -0.330305
v -0.109370 3.704319 -0.313605
v -0.109370 3.704319 -0.313605
v -0.107953 3.337864 0.385061
v -0.337385 3.689115 0.279114
v -0.337385 3.689115 0.279114
v -0.228621 3.800490 0.172281
v -0.210168 3.155117 -0.330712
v -0.219970 3.533720 0.362084
v -0.219970 3.533720 -0.361992
v -0.486075 3.339302 0.155027
v -0.452617 3.692927 -0.149689
v -0.228621 3.800489 -0.173982
v -0.397931 3.155872 -0.237714
v -0.210168 3.155118 0.370249
v -0.110493 3.842506 -0.000850
v -0.514910 3.538938 0.000046
v -0.365465 3.795896 -0.000851
v -0.145438 2.300067 -0.419712
v -0.145438 2.300067 -0.419712
v -0.104028 2.985231 -0.323553
v -0.104028 2.985231 -0.323553
v -0.444016 2.995362 -0.111563
v -0.444016 2.995362 -0.111563
v -0.297511 2.990819 0.339507
v -0.297511 2.990819 0.339507
v -0.297511 2.990819 -0.283834
v -0.297511 2.990819 -0.283834
v -0.104028 2.985230 0.379226
v -0.104028 2.985230 0.379226
v -0.444016 2.995363 0.167236
v -0.444016 2.995363 0.167236
v -0.204992 2.829220 -0.331550
v -0.380363 2.847157 0.277860
v -0.380363 2.847157 0.277860
v -0.380363 2.847157 0.277860
v -0.204992 2.829219 0.371087
v -0.204992 2.829219 0.371087
v -0.397931 3.155872 0.277251
v -0.489627 3.156386 0.019768
v -0.469061 2.722940 -0.147395
v -0.469061 2.722940 -0.147395
v -0.316960 2.692837 0.354334
v -0.316960 2.692837 0.354334
v -0.316960 2.692837 -0.341691
v -0.316960 2.692837 -0.341691
v -0.109887 2.652879 0.397863
v -0.109887 2.652879 0.397863
v -0.109887 2.652879 0.397863
v -0.540297 2.597957 0.000046
v -0.540297 2.597957 0.000046
v -0.540297 2.597957 0.000046
v -0.469061 2.722940 0.160038
v -0.469061 2.722940 0.160038
v -0.448594 2.573161 0.296553
v -0.448594 2.573161 0.296553
v -0.242225 2.510633 0.407946
v -0.242225 2.510633 0.407946
v -0.470975 2.855431 0.019769
v -0.380363 2.847157 -0.238324
v -0.380363 2.847157 -0.238324
v -0.566706 2.424176 -0.167739
v -0.566706 2.424176 -0.167739
v -0.396746 2.371922 0.381557
v -0.396746 2.371922 0.381557
v -0.396746 2.371922 0.381557
v -0.396746 2.371922 0.381557
v -0.396746 2.371922 -0.383258
v -0.145438 2.300066 0.418010
v -0.145438 2.300066 0.418010
v -0.145438 2.300066 0.418010
v -0.007020 2.068748 0.000305
v -0.566706 2.424176 0.166038
v -0.566706 2.424176 0.166038
v -0.537096 2.179501 0.283998
v -0.537096 2.179501 0.283998
v -0.537096 2.179501 0.283998
v -0.306934 2.132191 0.395321
v -0.306934 2.132191 0.395321
v -0.306934 2.132191 0.395321
v -0.073402 2.090128 0.315863
v -0.073402 2.090128 0.315863
v -0.073402 2.090128 0.315863
v -0.448595 2.573161 -0.296462
v -0.448595 2.573161 -0.296462
v -0.242225 2.510632 -0.407854
v -0.242225 2.510632 -0.407854
v -0.207663 1.891387 -0.325409
v -0.207663 1.891387 -0.325409
v -0.041266 1.880310 0.152408
v -0.624891 1.920675 -0.128794
v -0.624891 1.920675 -0.128794
v -0.624891 1.920675 -0.128794
v -0.624891 1.920675 -0.128794
v -0.452928 1.908747 0.335396
v -0.452928 1.908747 0.335396
v -0.452928 1.908747 0.335396
v -0.452928 1.908747 -0.318595
v -0.452928 1.908747 -0.318595
v -0.207663 1.891386 0.342209
v -0.207663 1.891386 0.342209
v -0.207663 1.891386 0.342209
v -0.207663 1.891386 0.342209
v -0.643134 1.646413 0.025924
v -0.643134 1.646413 0.025924
v -0.041266 1.880310 -0.135608
v -0.624891 1.920674 0.145594
v -0.553926 1.645661 0.248462
v -0.553926 1.645661 0.248462
v -0.128405 1.641705 0.247434
v -0.128405 1.641705 0.247434
v -0.128405 1.641705 0.247434
v -0.042424 1.641011 0.022718
v -0.631250 2.197102 0.000306
v -0.306934 2.132191 -0.394710
v -0.306934 2.132191 -0.394710
v -0.073402 2.090129 -0.315252
v -0.073402 2.090129 -0.315252
v -0.073402 2.090129 -0.315252
v -0.537096 2.179501 -0.283386
v -0.537096 2.179501 -0.283386
v -0.256458 1.416687 -0.243302
v -0.256458 1.416687 -0.243302
v -0.087785 1.416687 0.121927
v -0.616332 1.416687 -0.072411
v -0.616332 1.416687 -0.072411
v -0.616332 1.416687 -0.072411
v -0.616332 1.416687 -0.072411
v -0.447660 1.416687 0.292818
v -0.471328 1.416687 -0.233498
v -0.471328 1.416687 -0.233498
v -0.471328 1.416687 -0.233498
v -0.232789 1.416687 0.283014
v -0.232789 1.416687 0.283014
v -0.330256 1.252513 0.264575
v -0.330256 1.252513 0.264575
v -0.097589 1.416687 -0.096080
v -0.606529 1.416687 0.145596
v -0.137300 0.748774 0.105024
v -0.137300 0.748774 0.105024
v -0.101256 1.252155 -0.047048
v -0.328838 0.741398 -0.315224
v -0.328838 0.741398 -0.315224
v -0.556194 1.645662 -0.197553
v -0.556194 1.645662 -0.197553
v -0.343876 1.643635 -0.290800
v -0.130672 1.641705 -0.201059
v -0.130672 1.641705 -0.201059
v -0.130672 1.641705 -0.201059
v -0.340670 1.643635 0.339442
v -0.340670 1.643635 0.339442
v -0.486868 0.408865 -0.345516
v -0.486868 0.408865 -0.345516
v -0.128777 0.413600 -0.010845
v -0.761968 0.409152 -0.031981
v -0.417111 0.475199 0.368405
v -0.689525 0.408865 -0.254270
v -0.689525 0.408865 -0.254270
v -0.689525 0.408865 -0.254270
v -0.184256 0.475199 0.258780
v -0.184256 0.475199 0.258780
v -0.382580 0.175224 -0.314129
v -0.382580 0.175224 -0.314129
v -0.382580 0.175224 -0.314129
v -0.270794 0.409152 -0.253383
v -0.665066 0.413600 0.236898
v -0.665066 0.413600 0.236898
v -0.665066 0.413600 0.236898
v -0.618733 0.171470 -0.306963
v -0.618733 0.171470 -0.306963
v -0.771938 0.175224 -0.128102
v -0.771938 0.175224 -0.128102
v -0.751837 0.173119 0.137963
v -0.533221 1.252441 0.213452
v -0.533221 1.252441 0.213452
v -0.640416 1.252155 0.032046
v -0.640416 1.252155 0.032046
v -0.640416 1.252155 0.032046
v -0.697746 0.741398 -0.175190
v -0.410763 1.252083 -0.278324
v -0.410763 1.252083 -0.278324
v -0.473787 0.043229 -0.289042
v -0.473787 0.043229 -0.289042
v -0.473787 0.043229 -0.289042
v -0.149946 0.039989 0.026840
v -0.149946 0.039989 0.026840
v -0.759343 0.043301 -0.001446
v -0.487196 -0.012052 0.346316
v -0.707194 0.043229 -0.176646
v -0.707194 0.043229 -0.176646
v -0.205963 -0.012052 0.206882
v -0.403028 -0.019650 0.157611
v -0.303612 0.043301 -0.221112
v -0.303612 0.043301 -0.221112
v -0.657776 0.039989 0.276235
v -0.542759 -0.012410 -0.132497
v -0.319986 -0.012338 -0.052527
v -0.618038 -0.012338 0.091991
v -0.186793 0.173119 -0.133903
v -0.082320 0.174745 0.126723
v -0.269136 0.357770 0.397831
v -0.608597 0.174745 0.386685
v -0.306863 0.758960 0.270451
v -0.306863 0.758960 0.270451
v -0.306863 0.758960 0.270451
v -0.306863 0.758960 0.270451
v -0.150759 1.252441 0.156817
v -0.150759 1.252441 0.156817
v -0.150759 1.252441 0.156817
v -0.168457 0.743047 -0.144610
v -0.208635 1.252083 -0.226995
v -0.208635 1.252083 -0.226995
v -0.543074 0.748774 0.266769
v -0.543074 0.748774 0.266769
v -0.543074 0.748774 0.266769
v -0.699117 0.743047 0.058626
v -0.699117 0.743047 0.058626
v -0.589617 1.252083 -0.171219
v -0.589617 1.252083 -0.171219
v -0.544352 0.741398 -0.325555
v -0.544352 0.741398 -0.325555
v -0.368637 1.054536 -0.318902
v -0.672718 1.054607 -0.079679
v -0.570261 1.054535 -0.263968
v -0.570261 1.054535 -0.263968
v -0.615588 1.056256 0.135911
v -0.185585 1.054607 -0.212517
v -0.219182 1.057904 0.189522
v -0.428944 1.057905 0.249184
v -0.428944 1.057905 0.249184
v -0.120316 1.056256 -0.001656
v -0.363536 0.281890 0.474343
v -0.158782 0.281890 0.374598
v -0.158782 0.281890 0.374598
v -0.383518 0.046964 0.485369
v -0.383518 0.046964 0.485369
v -0.156658 0.046964 0.374812
v -0.156658 0.046964 0.374812
v -0.156658 0.046964 0.374812
v -0.095670 0.164427 0.301387
v -0.095670 0.164427 0.301387
v -0.245128 0.164427 0.470032
v -0.245128 0.164427 0.470032
v -0.245128 0.164427 0.470032
v -0.245128 0.164427 0.470032
v -0.469125 0.164427 0.483589
v -0.469125 0.164427 0.483589
v -0.492828 0.293606 0.441307
v -0.294806 -0.011980 0.384972
v -0.094899 0.046893 0.242014
v -0.094899 0.046893 0.242014
v -0.523765 0.046893 0.453665
v -0.523765 0.046893 0.453665
v -0.101771 0.293606 0.249075
v -0.101771 0.293606 0.249075
v -0.101771 0.293606 0.249075
v -0.354983 3.773051 0.160170
v -0.331228 3.531949 -0.331763
v -0.490645 3.535711 0.148906
v -0.108912 3.534076 0.372807
v -0.105898 3.154780 -0.342938
v -0.110072 3.808664 0.177369
v -0.310011 3.155486 0.341741
v -0.331228 3.531949 0.331855
v -0.108912 3.534075 -0.372715
v -0.310011 3.155486 -0.302204
v -0.110072 3.808664 -0.179069
v -0.105898 3.154780 0.382475
v -0.490645 3.535711 -0.148814
v -0.354983 3.773050 -0.161870
v -0.444507 2.853174 0.163411
v -0.104348 2.820354 -0.343802
v -0.298227 2.838619 0.342509
v -0.104348 2.820354 0.383338
v -0.104348 2.820354 0.383338
v -0.463546 3.156226 0.163073
v -0.463546 3.156226 -0.123536
v -0.353826 2.544277 -0.373488
v -0.353826 2.544277 -0.373488
v -0.515118 2.591632 0.164329
v -0.353826 2.544277 0.373579
v -0.353826 2.544277 0.373579
v -0.353826 2.544277 0.373579
v -0.123151 2.478603 0.418341
v -0.123151 2.478603 0.418341
v -0.298227 2.838620 -0.302972
v -0.298227 2.838620 -0.302972
v -0.444507 2.853174 -0.123874
v -0.444507 2.853174 -0.123874
v -0.444507 2.853174 -0.123874
v -0.606464 2.192760 0.155843
v -0.606464 2.192760 0.155843
v -0.021158 2.074036 0.178342
v -0.432176 2.157899 0.363222
v -0.432176 2.157899 0.363222
v -0.178924 2.108114 0.384013
v -0.515118 2.591632 -0.164238
v -0.515118 2.591632 -0.164238
v -0.123151 2.478603 -0.418249
v -0.123151 2.478603 -0.418249
v -0.620540 1.646228 -0.094843
v -0.620540 1.646228 -0.094843
v -0.458816 1.644737 -0.265797
v -0.458816 1.644737 -0.265797
v -0.619315 1.646228 0.146443
v -0.619315 1.646228 0.146443
v -0.064633 1.641182 0.144337
v -0.178924 2.108114 -0.383401
v -0.178924 2.108114 -0.383401
v -0.432176 2.157900 -0.362611
v -0.432176 2.157900 -0.362611
v -0.606464 2.192760 -0.155232
v -0.606464 2.192760 -0.155232
v -0.606464 2.192760 -0.155232
v -0.021158 2.074036 -0.177731
v -0.130277 0.745808 -0.020108
v -0.426222 0.756939 0.294455
v -0.426222 0.756939 0.294455
v -0.203225 0.756939 0.204936
v -0.236995 0.741604 -0.246760
v -0.228620 1.642567 -0.267874
v -0.228620 1.642567 -0.267874
v -0.065858 1.641182 -0.098653
v -0.225661 1.642567 0.315291
v -0.225661 1.642567 0.315291
v -0.455858 1.644737 0.315664
v -0.173539 -0.004603 0.308527
v -0.276449 0.172615 -0.244169
v -0.500723 0.172409 -0.335266
v -0.500723 0.172409 -0.335266
v -0.783518 0.172615 -0.001675
v -0.637797 0.745808 0.177864
v -0.637797 0.745808 0.177864
v -0.635877 0.741398 -0.266532
v -0.719559 0.741604 -0.063358
v -0.436456 0.741398 -0.342231
v -0.552924 -0.012195 0.230477
v -0.253688 -0.012195 0.083523
v -0.403030 -0.005429 -0.187699
v -0.673343 -0.005429 -0.057406
v -0.388561 0.349794 0.431741
v -0.388561 0.349794 0.431741
v -0.120490 0.175880 -0.000723
v -0.685994 0.175880 0.275097
v -0.714714 0.172409 -0.233012
v -0.714714 0.172409 -0.233012
v -0.304722 1.252083 -0.272524
v -0.304722 1.252083 -0.272524
v -0.634820 1.252092 -0.074789
v -0.634820 1.252092 -0.074789
v -0.510670 1.252083 -0.242373
v -0.510670 1.252083 -0.242373
v -0.510670 1.252083 -0.242373
v -0.510670 1.252083 -0.242373
v -0.604394 1.252298 0.133297
v -0.604394 1.252298 0.133297
v -0.137570 1.252092 -0.147607
v -0.229827 1.252504 0.228334
v -0.229827 1.252504 0.228334
v -0.436793 1.252504 0.259076
v -0.106127 1.252298 0.059889
v -0.151757 0.164427 0.392845
v -0.151757 0.164427 0.392845
v -0.363621 0.164427 0.495496
v -0.363621 0.164427 0.495496
v -0.428243 -0.004603 0.434167
v -0.542807 0.166507 0.452309
v -0.542807 0.166507 0.452309
v -0.073734 0.166507 0.221024
v -0.169192 0.349794 0.324224
v -0.169192 0.349794 0.324224
v -0.213428 3.246491 -0.345834
v -0.408491 3.247118 -0.249666
v -0.213428 3.246490 0.371923
v -0.408491 3.247118 0.275756
v -0.500561 3.248126 0.013045
v -0.106925 3.246322 -0.357678
v -0.317213 3.246706 0.342345
v -0.317213 3.246706 -0.316255
v -0.106925 3.246322 0.383768
v -0.474811 3.247763 0.159050
v -0.474811 3.247763 -0.132961
v -0.215058 3.292177 -0.353394
v -0.215058 3.292178 0.372761
v -0.413771 3.292741 0.275008
v -0.506029 3.293994 0.009683
v -0.413771 3.292741 -0.255642
v -0.107439 3.292094 -0.365048
v -0.320814 3.292316 0.342646
v -0.320814 3.292316 -0.323280
v -0.107439 3.292094 0.384414
v -0.480443 3.293532 0.157039
v -0.480443 3.293532 -0.137672
v -0.422526 3.433758 -0.263397
v -0.422526 3.433758 0.269764
v -0.218329 3.435792 0.367841
v -0.218329 3.435792 -0.361474
v -0.513203 3.439401 0.003184
v -0.327822 3.434938 -0.331034
v -0.488360 3.437506 0.151966
v -0.108432 3.435970 0.378934
v -0.327822 3.434938 0.337401
v -0.108432 3.435969 -0.372567
v -0.488360 3.437506 -0.145599
v -0.420789 3.386061 -0.262508
v -0.420789 3.386061 0.272013
v -0.217509 3.386827 0.370720
v -0.217508 3.386828 -0.361215
v -0.512349 3.389632 0.004752
v -0.326118 3.386432 -0.330670
v -0.487218 3.388404 0.153497
v -0.108193 3.386917 0.381998
v -0.326118 3.386432 0.340175
v -0.108193 3.386917 -0.372493
v -0.487218 3.388404 -0.143992
v -0.403211 3.201495 -0.243690
v -0.106411 3.200551 -0.350308
v -0.313612 3.201096 0.342043
v -0.313612 3.201096 -0.309230
v -0.106411 3.200551 0.383122
v -0.469178 3.201995 0.161061
v -0.469178 3.201995 -0.128248
v -0.211798 3.200804 -0.338273
v -0.211798 3.200804 0.371086
v -0.403211 3.201495 0.276504
v -0.495094 3.202256 0.016407
v -0.210880 2.750848 -0.352471
v -0.210880 2.750848 -0.352471
v -0.392218 2.778993 0.280581
v -0.392218 2.778993 0.280581
v -0.210880 2.750848 0.378561
v -0.482957 2.791366 0.013044
v -0.482957 2.791366 0.013044
v -0.482957 2.791366 0.013044
v -0.392218 2.778993 -0.254492
v -0.392218 2.778993 -0.254492
v -0.456784 2.788057 0.161724
v -0.456784 2.788057 0.161724
v -0.107118 2.736617 -0.364511
v -0.307593 2.765728 0.348421
v -0.307593 2.765728 0.348421
v -0.307593 2.765728 0.348421
v -0.107118 2.736617 0.390601
v -0.107118 2.736617 0.390601
v -0.307593 2.765728 -0.322332
v -0.307593 2.765728 -0.322332
v -0.456784 2.788057 -0.135635
v -0.386290 2.813075 0.279221
v -0.386290 2.813075 0.279221
v -0.207936 2.790034 0.374824
v -0.207936 2.790034 0.374824
v -0.476966 2.823398 0.016407
v -0.476966 2.823398 0.016407
v -0.450646 2.820616 0.162568
v -0.450646 2.820616 0.162568
v -0.105733 2.778486 -0.354156
v -0.105733 2.778486 -0.354156
v -0.302910 2.802174 0.345465
v -0.302910 2.802174 0.345465
v -0.105733 2.778486 0.386969
v -0.105733 2.778486 0.386969
v -0.105733 2.778486 0.386969
v -0.105733 2.778486 0.386969
v -0.302910 2.802174 -0.312652
v -0.450646 2.820616 -0.129754
v -0.450646 2.820616 -0.129754
v -0.207936 2.790034 -0.342010
v -0.207936 2.790034 -0.342010
v -0.207936 2.790034 -0.342010
v -0.207936 2.790034 -0.342010
v -0.386290 2.813075 -0.246408
v -0.386290 2.813075 -0.246408
v -0.204702 2.908576 -0.321233
v -0.380020 2.920312 0.277853
v -0.380020 2.920312 0.277853
v -0.204702 2.908576 0.368838
v -0.204702 2.908576 0.368838
v -0.470792 2.925757 0.023803
v -0.380020 2.920312 -0.230248
v -0.380020 2.920312 -0.230248
v -0.444261 2.924269 0.165324
v -0.444261 2.924269 0.165324
v -0.444261 2.924269 0.165324
v -0.104188 2.902792 -0.333677
v -0.104188 2.902792 -0.333677
v -0.297869 2.914719 0.341008
v -0.297869 2.914719 0.341008
v -0.104188 2.902792 0.381282
v -0.104188 2.902792 0.381282
v -0.297869 2.914719 -0.293403
v -0.297869 2.914719 -0.293403
v -0.444261 2.924269 -0.117719
v -0.444261 2.924269 -0.117719
v -0.204847 2.868897 -0.326392
v -0.204847 2.868897 -0.326392
v -0.380191 2.883735 -0.234286
v -0.380191 2.883735 -0.234286
v -0.444384 2.888721 0.164367
v -0.444384 2.888721 0.164367
v -0.444384 2.888721 0.164367
v -0.104268 2.861573 -0.338739
v -0.104268 2.861573 -0.338739
v -0.298048 2.876668 0.341758
v -0.298048 2.876668 0.341758
v -0.298048 2.876668 0.341758
v -0.104268 2.861573 0.382310
v -0.104268 2.861573 0.382310
v -0.298048 2.876669 -0.298187
v -0.298048 2.876669 -0.298187
v -0.298048 2.876669 -0.298187
v -0.298048 2.876669 -0.298187
v -0.444384 2.888721 -0.120796
v -0.444384 2.888721 -0.120796
v -0.380191 2.883735 0.277857
v -0.204847 2.868897 0.369963
v -0.204847 2.868897 0.369963
v -0.470883 2.890593 0.021785
v -0.470883 2.890593 0.021785
v -0.565882 2.514386 -0.000402
v -0.565882 2.514386 -0.000402
v -0.473535 2.488662 0.298927
v -0.473535 2.488662 0.298927
v -0.258634 2.422201 0.412165
v -0.258634 2.422201 0.412165
v -0.473535 2.488662 -0.299732
v -0.473535 2.488662 -0.299732
v -0.473535 2.488662 -0.299732
v -0.473535 2.488662 -0.299732
v -0.258634 2.422200 -0.412970
v -0.258634 2.422200 -0.412970
v -0.375286 2.458099 -0.378373
v -0.375286 2.458099 -0.378373
v -0.540912 2.507904 0.165183
v -0.540912 2.507904 0.165183
v -0.540912 2.507904 0.165183
v -0.375286 2.458099 0.377568
v -0.375286 2.458099 0.377568
v -0.375286 2.458099 0.377568
v -0.134294 2.389334 0.418176
v -0.540912 2.507904 -0.165988
v -0.540912 2.507904 -0.165988
v -0.134294 2.389334 -0.418980
v -0.134294 2.389334 -0.418980
v -0.134294 2.389334 -0.418980
v -0.134294 2.389334 -0.418980
v -0.486006 2.446412 -0.301368
v -0.486006 2.446412 -0.301368
v -0.578674 2.472600 -0.000627
v -0.578674 2.472600 -0.000627
v -0.486006 2.446412 0.300114
v -0.486006 2.446412 0.300114
v -0.486006 2.446412 0.300114
v -0.266838 2.377985 0.414274
v -0.266838 2.377985 0.414274
v -0.266838 2.377985 -0.415527
v -0.386016 2.415010 -0.380816
v -0.386016 2.415010 -0.380816
v -0.386016 2.415010 -0.380816
v -0.386016 2.415010 -0.380816
v -0.553809 2.466040 0.165611
v -0.553809 2.466040 0.165611
v -0.553809 2.466040 0.165611
v -0.553809 2.466040 0.165611
v -0.386016 2.415010 0.379562
v -0.386016 2.415010 0.379562
v -0.139866 2.344700 0.418093
v -0.139866 2.344700 0.418093
v -0.139866 2.344700 0.418093
v -0.553809 2.466040 -0.166864
v -0.553809 2.466040 -0.166864
v -0.553809 2.466040 -0.166864
v -0.553809 2.466040 -0.166864
v -0.139866 2.344700 -0.419346
v -0.139866 2.344700 -0.419346
v -0.139866 2.344700 -0.419346
v -0.003510 2.146851 -0.000273
v -0.517786 2.291832 0.292649
v -0.290988 2.232980 0.405853
v -0.036701 2.198719 0.342698
v -0.036701 2.198719 0.342698
v -0.036701 2.198719 0.342698
v -0.611358 2.313958 -0.000273
v -0.611358 2.313958 -0.000273
v -0.611358 2.313958 -0.000273
v -0.611358 2.313958 -0.000273
v -0.290988 2.232980 -0.406397
v -0.290988 2.232980 -0.406397
v -0.036701 2.198720 -0.343243
v -0.036701 2.198720 -0.343243
v -0.036701 2.198720 -0.343243
v -0.517786 2.291832 -0.293195
v -0.517786 2.291832 -0.293195
v -0.586585 2.308468 0.160940
v -0.586585 2.308468 0.160940
v -0.010579 2.156657 0.197682
v -0.414461 2.264910 0.372390
v -0.162181 2.204090 0.401012
v -0.162181 2.204090 0.401012
v -0.162181 2.204090 -0.401557
v -0.162181 2.204090 -0.401557
v -0.414461 2.264911 -0.372934
v -0.414461 2.264911 -0.372934
v -0.586585 2.308468 -0.161485
v -0.586585 2.308468 -0.161485
v -0.010579 2.156657 -0.198227
v -0.508131 2.347997 0.296975
v -0.508131 2.347997 0.296975
v -0.283015 2.283375 0.411118
v -0.283015 2.283375 0.411118
v -0.601412 2.372386 -0.000561
v -0.601412 2.372386 -0.000561
v -0.601412 2.372386 -0.000561
v -0.601412 2.372386 -0.000561
v -0.018351 2.253015 -0.357238
v -0.018351 2.253015 -0.357238
v -0.001755 2.185903 -0.000562
v -0.018350 2.253015 0.356114
v -0.018350 2.253015 0.356114
v -0.018350 2.253015 0.356114
v -0.283015 2.283375 -0.412241
v -0.283015 2.283375 -0.412241
v -0.508131 2.347997 -0.298099
v -0.508131 2.347997 -0.298099
v -0.576645 2.366322 0.163489
v -0.576645 2.366322 0.163489
v -0.005290 2.197968 0.207352
v -0.405603 2.318416 0.376973
v -0.405603 2.318416 0.376973
v -0.405603 2.318416 0.376973
v -0.153810 2.252078 0.409511
v -0.153810 2.252078 0.409511
v -0.153810 2.252078 -0.410635
v -0.153810 2.252078 -0.410635
v -0.405603 2.318416 -0.378097
v -0.405603 2.318416 -0.378097
v -0.576645 2.366322 -0.164612
v -0.576645 2.366322 -0.164612
v -0.005290 2.197968 -0.208475
v -0.553089 2.556171 -0.000179
v -0.553089 2.556171 -0.000179
v -0.461065 2.530911 0.297741
v -0.461065 2.530911 0.297741
v -0.250430 2.466416 0.410055
v -0.250430 2.466416 0.410055
v -0.250430 2.466416 -0.410412
v -0.364556 2.501188 -0.375930
v -0.364556 2.501188 -0.375930
v -0.528015 2.549768 0.164756
v -0.528015 2.549768 0.164756
v -0.364556 2.501188 0.375573
v -0.128723 2.433969 0.418258
v -0.128723 2.433969 0.418258
v -0.528015 2.549768 -0.165113
v -0.528015 2.549768 -0.165113
v -0.128723 2.433969 -0.418615
v -0.128723 2.433969 -0.418615
v -0.128723 2.433969 -0.418615
v -0.128723 2.433969 -0.418615
v -0.461065 2.530911 -0.298097
v -0.461065 2.530911 -0.298097
v -0.461065 2.530911 -0.298097
v -0.461065 2.530911 -0.298097
v -0.517618 2.662629 0.003183
v -0.517618 2.662629 0.003183
v -0.517618 2.662629 0.003183
v -0.426334 2.641994 0.289928
v -0.426334 2.641994 0.289928
v -0.229497 2.591553 0.396990
v -0.229497 2.591553 0.396990
v -0.426334 2.641994 -0.283561
v -0.426334 2.641994 -0.283561
v -0.229497 2.591553 -0.390623
v -0.229497 2.591553 -0.390623
v -0.335393 2.618556 -0.357590
v -0.335393 2.618556 -0.357590
v -0.492089 2.657286 0.162183
v -0.492089 2.657286 0.162183
v -0.335393 2.618557 0.363956
v -0.335393 2.618557 0.363956
v -0.116519 2.565741 0.408102
v -0.116519 2.565741 0.408102
v -0.492089 2.657285 -0.155816
v -0.492089 2.657285 -0.155816
v -0.116519 2.565741 -0.401735
v -0.437464 2.607578 -0.290011
v -0.437464 2.607578 -0.290011
v -0.344609 2.581417 -0.365539
v -0.344609 2.581417 -0.365539
v -0.344609 2.581417 -0.365539
v -0.344609 2.581417 -0.365539
v -0.503604 2.624459 0.163256
v -0.503604 2.624459 0.163256
v -0.344609 2.581417 0.368768
v -0.344609 2.581417 0.368768
v -0.119835 2.522171 0.413222
v -0.119835 2.522171 0.413222
v -0.119835 2.522171 0.413222
v -0.503604 2.624459 -0.160027
v -0.503604 2.624459 -0.160027
v -0.119835 2.522172 -0.409992
v -0.119835 2.522172 -0.409992
v -0.528957 2.630293 0.001615
v -0.528957 2.630293 0.001615
v -0.528957 2.630293 0.001615
v -0.437464 2.607577 0.293241
v -0.437464 2.607577 0.293241
v -0.235861 2.551093 0.402468
v -0.235861 2.551093 0.402468
v -0.235861 2.551093 0.402468
v -0.235861 2.551093 0.402468
v -0.235861 2.551093 -0.399239
v -0.235861 2.551093 -0.399239
v -0.334745 1.334600 0.287250
v -0.334745 1.334600 0.287250
v -0.086125 1.334421 -0.017557
v -0.537477 1.334564 0.224461
v -0.537477 1.334564 0.224461
v -0.537477 1.334564 0.224461
v -0.636770 1.334421 0.034814
v -0.636770 1.334421 0.034814
v -0.636770 1.334421 0.034814
v -0.387823 1.334385 -0.269367
v -0.387823 1.334385 -0.269367
v -0.387823 1.334385 -0.269367
v -0.147503 1.334564 0.187076
v -0.147503 1.334564 0.187076
v -0.185509 1.334385 -0.206475
v -0.185509 1.334385 -0.206475
v -0.574744 1.334385 -0.169519
v -0.574744 1.334385 -0.169519
v -0.280590 1.334385 -0.257913
v -0.280590 1.334385 -0.257913
v -0.625576 1.334390 -0.073600
v -0.625576 1.334390 -0.073600
v -0.490999 1.334385 -0.237936
v -0.490999 1.334385 -0.237936
v -0.605461 1.334493 0.139447
v -0.605461 1.334493 0.139447
v -0.117579 1.334390 -0.121843
v -0.231308 1.334595 0.255674
v -0.442226 1.334595 0.275947
v -0.442226 1.334595 0.275947
v -0.096956 1.334492 0.090908
v -0.324349 1.155244 0.252290
v -0.324349 1.155244 0.252290
v -0.117729 1.153632 -0.080420
v -0.533285 1.154922 0.213686
v -0.652527 1.153632 0.031844
v -0.442969 1.153309 -0.295230
v -0.149645 1.154922 0.131119
v -0.149645 1.154922 0.131119
v -0.237796 1.153309 -0.255694
v -0.237796 1.153309 -0.255694
v -0.614778 1.153309 -0.176995
v -0.336679 1.153309 -0.295713
v -0.653769 1.153349 -0.077234
v -0.540466 1.153309 -0.253170
v -0.540466 1.153309 -0.253170
v -0.609991 1.154277 0.134604
v -0.161577 1.153350 -0.180062
v -0.224505 1.155204 0.208928
v -0.224505 1.155204 0.208928
v -0.432868 1.155204 0.254130
v -0.432868 1.155204 0.254130
v -0.113222 1.154277 0.029116
v -0.149131 1.293503 0.171946
v -0.149131 1.293503 0.171946
v -0.197072 1.293234 -0.216735
v -0.197072 1.293234 -0.216735
v -0.582180 1.293234 -0.170369
v -0.582180 1.293234 -0.170369
v -0.292656 1.293234 -0.265218
v -0.292656 1.293234 -0.265218
v -0.630198 1.293241 -0.074195
v -0.630198 1.293241 -0.074195
v -0.500835 1.293234 -0.240154
v -0.500835 1.293234 -0.240154
v -0.604928 1.293395 0.136372
v -0.604928 1.293395 0.136372
v -0.604928 1.293395 0.136372
v -0.127574 1.293240 -0.134725
v -0.230568 1.293550 0.242004
v -0.230568 1.293550 0.242004
v -0.439510 1.293550 0.267511
v -0.439510 1.293550 0.267511
v -0.439510 1.293550 0.267511
v -0.439510 1.293550 0.267511
v -0.101541 1.293395 0.075398
v -0.332501 1.293556 0.275912
v -0.332501 1.293556 0.275912
v -0.093690 1.293287 -0.032303
v -0.535349 1.293503 0.218957
v -0.535349 1.293503 0.218957
v -0.638593 1.293288 0.033430
v -0.638593 1.293288 0.033430
v -0.399293 1.293234 -0.273846
v -0.399293 1.293234 -0.273846
v -0.336990 1.375644 0.298588
v -0.336990 1.375644 0.298588
v -0.078559 1.375554 -0.002812
v -0.539606 1.375626 0.229966
v -0.539606 1.375626 0.229966
v -0.634947 1.375554 0.036198
v -0.634947 1.375554 0.036198
v -0.634947 1.375554 0.036198
v -0.634947 1.375554 0.036198
v -0.376353 1.375536 -0.264889
v -0.376353 1.375536 -0.264889
v -0.145875 1.375625 0.202205
v -0.145875 1.375625 0.202205
v -0.145875 1.375625 0.202205
v -0.173946 1.375536 -0.196215
v -0.173946 1.375536 -0.196215
v -0.567307 1.375536 -0.168669
v -0.268524 1.375536 -0.250607
v -0.268524 1.375536 -0.250607
v -0.620954 1.375538 -0.073006
v -0.620954 1.375538 -0.073006
v -0.481164 1.375536 -0.235717
v -0.481164 1.375536 -0.235717
v -0.481164 1.375536 -0.235717
v -0.481164 1.375536 -0.235717
v -0.605995 1.375590 0.142521
v -0.605995 1.375590 0.142521
v -0.605995 1.375590 0.142521
v -0.107584 1.375538 -0.108961
v -0.232049 1.375641 0.269344
v -0.232049 1.375641 0.269344
v -0.232049 1.375641 0.269344
v -0.232049 1.375641 0.269344
v -0.444943 1.375641 0.284382
v -0.444943 1.375641 0.284382
v -0.092371 1.375590 0.106418
v -0.638129 1.531550 0.031753
v -0.638129 1.531550 0.031753
v -0.638129 1.531550 0.031753
v -0.638129 1.531550 0.031753
v -0.547830 1.531174 0.241966
v -0.547830 1.531174 0.241966
v -0.547830 1.531174 0.241966
v -0.547830 1.531174 0.241966
v -0.136326 1.529196 0.232384
v -0.136326 1.529196 0.232384
v -0.056708 1.528849 0.017326
v -0.558032 1.531174 -0.182686
v -0.558032 1.531174 -0.182686
v -0.558032 1.531174 -0.182686
v -0.558032 1.531174 -0.182686
v -0.354379 1.530161 -0.275605
v -0.354379 1.530161 -0.275605
v -0.354379 1.530161 -0.275605
v -0.354379 1.530161 -0.275605
v -0.146528 1.529196 -0.193507
v -0.146528 1.529196 -0.193507
v -0.339952 1.530161 0.324684
v -0.339952 1.530161 0.324684
v -0.618436 1.531458 -0.083627
v -0.618436 1.531458 -0.083627
v -0.618436 1.531458 -0.083627
v -0.618436 1.531458 -0.083627
v -0.465072 1.530712 -0.249647
v -0.465072 1.530712 -0.249647
v -0.612922 1.531457 0.146020
v -0.612922 1.531457 0.146020
v -0.612922 1.531457 0.146020
v -0.076209 1.528935 0.133132
v -0.242539 1.529627 -0.255588
v -0.242539 1.529627 -0.255588
v -0.081724 1.528935 -0.097366
v -0.229225 1.529627 0.299152
v -0.451759 1.530712 0.304241
v -0.451759 1.530712 0.304241
v -0.544782 1.473931 0.238718
v -0.544782 1.473931 0.238718
v -0.063851 1.472768 0.014630
v -0.558951 1.473931 -0.175252
v -0.558951 1.473931 -0.175252
v -0.558951 1.473931 -0.175252
v -0.558951 1.473931 -0.175252
v -0.635627 1.474118 0.034668
v -0.140287 1.472942 0.224859
v -0.140287 1.472942 0.224859
v -0.140287 1.472942 0.224859
v -0.359631 1.473424 -0.268008
v -0.359631 1.473424 -0.268008
v -0.154456 1.472942 -0.189730
v -0.154456 1.472942 -0.189730
v -0.154456 1.472942 -0.189730
v -0.339593 1.473424 0.317305
v -0.617384 1.474072 -0.078019
v -0.617384 1.474072 -0.078019
v -0.617384 1.474072 -0.078019
v -0.468200 1.473700 -0.241573
v -0.468200 1.473700 -0.241573
v -0.468200 1.473700 -0.241573
v -0.468200 1.473700 -0.241573
v -0.609725 1.474072 0.145808
v -0.609725 1.474072 0.145808
v -0.609725 1.474072 0.145808
v -0.081997 1.472811 0.127530
v -0.249498 1.473157 -0.249445
v -0.249498 1.473157 -0.249445
v -0.249498 1.473157 -0.249445
v -0.249498 1.473157 -0.249445
v -0.089656 1.472811 -0.096723
v -0.231007 1.473157 0.291083
v -0.231007 1.473157 0.291083
v -0.231007 1.473157 0.291083
v -0.449709 1.473700 0.298529
v -0.327302 1.203879 0.258432
v -0.327302 1.203879 0.258432
v -0.109493 1.202893 -0.063734
v -0.533253 1.203682 0.213569
v -0.533253 1.203682 0.213569
v -0.646472 1.202893 0.031945
v -0.646472 1.202893 0.031945
v -0.426866 1.202696 -0.286777
v -0.426866 1.202696 -0.286777
v -0.320701 1.202696 -0.284119
v -0.320701 1.202696 -0.284119
v -0.644294 1.202721 -0.076011
v -0.644294 1.202721 -0.076011
v -0.525568 1.202696 -0.247772
v -0.525568 1.202696 -0.247772
v -0.525568 1.202696 -0.247772
v -0.525568 1.202696 -0.247772
v -0.607193 1.203287 0.133951
v -0.607193 1.203287 0.133951
v -0.607193 1.203287 0.133951
v -0.149573 1.202721 -0.163834
v -0.227166 1.203854 0.218631
v -0.227166 1.203854 0.218631
v -0.227166 1.203854 0.218631
v -0.227166 1.203854 0.218631
v -0.434831 1.203854 0.256603
v -0.434831 1.203854 0.256603
v -0.109674 1.203287 0.044503
v -0.150202 1.203681 0.143968
v -0.150202 1.203681 0.143968
v -0.150202 1.203681 0.143968
v -0.223215 1.202696 -0.241345
v -0.223215 1.202696 -0.241345
v -0.223215 1.202696 -0.241345
v -0.602197 1.202696 -0.174107
v -0.602197 1.202696 -0.174107
v -0.377493 0.292045 -0.318129
v -0.377493 0.292045 -0.318129
v -0.377493 0.292045 -0.318129
v -0.608536 0.290168 -0.314549
v -0.608536 0.290168 -0.314549
v -0.759619 0.292045 -0.140717
v -0.742626 0.292139 0.119629
v -0.187348 0.292139 -0.140115
v -0.095493 0.287484 0.136968
v -0.582191 0.287484 0.373549
v -0.102592 0.210447 0.303902
v -0.102592 0.210447 0.303902
v -0.102592 0.210447 0.303902
v -0.247538 0.225786 0.458619
v -0.458920 0.210447 0.477926
v -0.273622 0.290884 -0.248776
v -0.493796 0.290637 -0.340391
v -0.493796 0.290637 -0.340391
v -0.772743 0.290884 -0.016828
v -0.124634 0.294740 -0.005784
v -0.675530 0.294740 0.255998
v -0.702119 0.290637 -0.243641
v -0.702119 0.290637 -0.243641
v -0.702119 0.290637 -0.243641
v -0.155269 0.223159 0.383722
v -0.363579 0.223159 0.484920
v -0.363579 0.223159 0.484920
v -0.517817 0.230056 0.446808
v -0.087753 0.230056 0.235049
v -0.374950 0.350455 -0.320129
v -0.374950 0.350455 -0.320129
v -0.374950 0.350455 -0.320129
v -0.753459 0.350455 -0.147025
v -0.187626 0.351649 -0.143221
v -0.568988 0.343853 0.366981
v -0.248744 0.256466 0.452913
v -0.248744 0.256466 0.452913
v -0.453817 0.233456 0.475095
v -0.603437 0.349517 -0.318342
v -0.738020 0.351649 0.110462
v -0.102080 0.343853 0.142090
v -0.106053 0.233456 0.305159
v -0.106053 0.233456 0.305159
v -0.106053 0.233456 0.305159
v -0.272208 0.350018 -0.251080
v -0.490332 0.349751 -0.342954
v -0.490332 0.349751 -0.342954
v -0.490332 0.349751 -0.342954
v -0.767355 0.350018 -0.024405
v -0.126705 0.354170 -0.008314
v -0.670298 0.354170 0.246448
v -0.695822 0.349751 -0.248955
v -0.695822 0.349751 -0.248955
v -0.695822 0.349751 -0.248955
v -0.695822 0.349751 -0.248955
v -0.157026 0.252524 0.379160
v -0.157026 0.252524 0.379160
v -0.363557 0.252524 0.479631
v -0.363557 0.252524 0.479631
v -0.363557 0.252524 0.479631
v -0.363557 0.252524 0.479631
v -0.505322 0.261831 0.444058
v -0.094762 0.261831 0.242062
v -0.613634 0.230819 -0.310756
v -0.613634 0.230819 -0.310756
v -0.747231 0.232629 0.128796
v -0.088907 0.231114 0.131846
v -0.099131 0.187437 0.302644
v -0.099131 0.187437 0.302644
v -0.099131 0.187437 0.302644
v -0.275036 0.231749 -0.246473
v -0.497260 0.231523 -0.337828
v -0.497260 0.231523 -0.337828
v -0.497260 0.231523 -0.337828
v -0.778130 0.231749 -0.009252
v -0.122562 0.235310 -0.003254
v -0.680762 0.235310 0.265548
v -0.708417 0.231523 -0.238326
v -0.708417 0.231523 -0.238326
v -0.708417 0.231523 -0.238326
v -0.153513 0.193793 0.388283
v -0.153513 0.193793 0.388283
v -0.363600 0.193793 0.490208
v -0.363600 0.193793 0.490208
v -0.530312 0.198282 0.449559
v -0.080743 0.198282 0.228037
v -0.380037 0.233635 -0.316129
v -0.380037 0.233635 -0.316129
v -0.765779 0.233635 -0.134410
v -0.187070 0.232629 -0.137009
v -0.595394 0.231114 0.380117
v -0.246333 0.195107 0.464326
v -0.246333 0.195107 0.464326
v -0.464022 0.187437 0.480758
v -0.280251 0.420879 0.365794
v -0.280251 0.420879 0.365794
v -0.524306 0.346914 0.400860
v -0.524306 0.346914 0.400860
v -0.319758 -0.015815 0.333217
v -0.102410 0.044014 0.194965
v -0.102410 0.044014 0.194965
v -0.102410 0.044014 0.194965
v -0.555482 0.044014 0.419107
v -0.105219 0.346914 0.198144
v -0.105219 0.346914 0.198144
v -0.105219 0.346914 0.198144
v -0.189751 -0.008327 0.257704
v -0.402836 0.412496 0.400073
v -0.402836 0.412496 0.400073
v -0.402836 0.412496 0.400073
v -0.402836 0.412496 0.400073
v -0.457719 -0.008327 0.390241
v -0.575702 0.170626 0.419497
v -0.078027 0.170626 0.173874
v -0.176724 0.412496 0.291502
v -0.176724 0.412496 0.291502
v -0.091623 0.258770 0.186009
v -0.550004 0.258770 0.410178
v -0.098421 0.302842 0.192076
v -0.537155 0.302842 0.405519
v -0.562853 0.214698 0.414838
v -0.084825 0.214698 0.179941
vn 0.8489 0.5285 -0.0003
vn 0.4482 0.8940 -0.0000
vn 0.4201 0.8399 0.3437
vn 0.8096 0.5036 0.3015
vn 0.1660 0.9861 -0.0000
vn 0.1593 0.9101 0.3824
vn 0.1618 0.5777 0.8000
vn 0.3884 0.5263 0.7564
vn 0.6876 0.3701 0.6247
vn 0.1843 -0.0087 -0.9828
vn 0.1727 0.2014 -0.9642
vn 0.3970 0.1560 -0.9045
vn 0.4298 -0.0226 -0.9026
vn 0.1620 0.5738 -0.8028
vn 0.3943 0.5201 -0.7577
vn 0.6880 0.3646 -0.6275
vn 0.7492 0.1009 -0.6546
vn 0.7558 -0.0361 -0.6538
vn 0.9998 -0.0202 -0.0000
vn 0.9892 0.1464 -0.0000
vn 0.9459 0.1305 0.2970
vn 0.9477 -0.0113 0.3189
vn 0.7470 0.1238 0.6531
vn 0.7559 0.0065 0.6546
vn 0.1847 0.0542 0.9813
vn 0.1720 0.2292 0.9581
vn 0.0539 0.2417 0.9689
vn 0.0598 0.0623 0.9963
vn 0.1617 0.5777 0.8001
vn 0.0482 0.5856 0.8092
vn -0.0000 0.5864 0.8100
vn -0.0000 0.2441 0.9697
vn -0.0000 0.0653 0.9979
vn -0.0000 -0.1526 -0.9883
vn 0.0784 -0.1577 -0.9844
vn 0.0879 -0.1227 -0.9885
vn -0.0000 -0.1183 -0.9930
vn 0.1923 -0.1653 -0.9673
vn 0.1970 -0.1312 -0.9716
vn 0.1981 -0.0439 -0.9792
vn 0.0893 -0.0377 -0.9953
vn -0.0000 -0.0355 -0.9994
vn 0.0505 0.9987 -0.0000
vn 0.0479 0.9155 0.3995
vn -0.0000 1.0000 -0.0000
vn -0.0000 0.9146 0.4044
vn 0.0482 0.5856 0.8091
vn 0.7565 -0.0741 0.6497
vn 0.4427 -0.0415 0.8957
vn 0.4458 -0.0459 0.8939
vn 0.7573 -0.0787 0.6484
vn 0.1943 -0.0234 0.9807
vn 0.1973 -0.0266 0.9800
vn 0.1986 -0.0108 0.9800
vn 0.4485 -0.0271 0.8934
vn 0.7596 -0.0545 0.6481
vn 0.3960 0.1845 0.8995
vn 0.4302 0.0359 0.9020
vn 0.3884 0.5262 0.7565
vn -0.0000 0.0015 -1.0000
vn -0.0000 0.2165 -0.9763
vn 0.0542 0.2140 -0.9753
vn 0.0602 -0.0015 -0.9982
vn -0.0000 0.5826 -0.8128
vn 0.0483 0.5816 -0.8120
vn 0.4369 -0.1711 -0.8831
vn 0.4428 -0.1421 -0.8853
vn 0.7481 -0.1679 -0.6420
vn 0.7515 -0.1488 -0.6427
vn 0.7584 -0.0772 -0.6472
vn 0.4476 -0.0583 -0.8923
vn 0.1620 0.5739 -0.8027
vn 0.0483 0.5817 -0.8120
vn 0.0479 0.9155 -0.3995
vn 0.1593 0.9101 -0.3824
vn -0.0000 0.5827 -0.8127
vn -0.0000 0.9146 -0.4044
vn 0.0792 -0.0133 0.9968
vn 0.0874 -0.0178 0.9960
vn -0.0000 -0.0076 1.0000
vn -0.0000 -0.0135 0.9999
vn -0.0000 -0.0035 1.0000
vn 0.0898 -0.0053 0.9959
vn 0.9473 0.1204 -0.2969
vn 0.9474 -0.0318 -0.3183
vn 0.7929 0.5169 -0.3228
vn 0.3943 0.5202 -0.7576
vn 0.4201 0.8399 -0.3437
vn 1.0000 0.0060 0.0002
vn 0.9421 -0.0039 0.3353
vn 0.9391 0.0795 0.3342
vn 0.9954 0.0962 -0.0000
vn 0.7692 0.0033 0.6390
vn 0.7661 0.0768 0.6382
vn 0.9310 0.1679 0.3241
vn 0.7605 0.1535 0.6309
vn 0.7451 0.2247 0.6280
vn 0.9148 0.2489 0.3182
vn 0.9816 0.1912 -0.0000
vn 0.9310 0.1679 0.3240
vn 0.9148 0.2489 0.3181
vn 0.9635 0.2678 -0.0001
vn -0.0000 0.1155 -0.9933
vn 0.0785 0.1201 -0.9897
vn 0.0666 0.1815 -0.9811
vn -0.0000 0.1732 -0.9849
vn 0.1923 0.1244 -0.9734
vn 0.1807 0.1952 -0.9640
vn 0.0370 0.2390 -0.9703
vn 0.1560 0.2627 -0.9522
vn 0.1493 0.2435 -0.9583
vn 0.0253 0.2097 -0.9774
vn -0.0000 0.2269 -0.9739
vn -0.0000 0.1937 -0.9811
vn 0.7691 0.0034 0.6391
vn 0.4605 0.0178 0.8875
vn 0.4571 0.0725 0.8865
vn 0.7660 0.0768 0.6382
vn 0.4604 0.0178 0.8875
vn 0.2012 0.0257 0.9792
vn 0.1966 0.0651 0.9783
vn 0.4570 0.0726 0.8865
vn 0.4508 0.1281 0.8834
vn 0.1862 0.1040 0.9770
vn 0.1737 0.1310 0.9760
vn 0.4368 0.1757 0.8822
vn 0.7604 0.1535 0.6310
vn 0.4369 0.1756 0.8822
vn 0.7450 0.2247 0.6281
vn 0.0858 0.0234 0.9960
vn 0.0790 0.0553 0.9953
vn -0.0000 0.0202 0.9998
vn -0.0000 0.0494 0.9988
vn 0.0606 0.0860 0.9944
vn -0.0000 0.0773 0.9970
vn -0.0000 0.0863 0.9963
vn 0.0448 0.1003 0.9939
vn 0.9924 -0.1228 -0.0001
vn 0.9383 -0.1003 0.3309
vn 0.9363 -0.1030 0.3357
vn 0.9926 -0.1217 -0.0000
vn 0.9382 -0.0735 0.3382
vn 0.9965 -0.0830 -0.0000
vn 0.9327 -0.1480 -0.3288
vn 0.9322 -0.1394 -0.3340
vn 0.9373 -0.0852 -0.3380
vn 0.1290 0.2238 -0.9661
vn 0.3890 0.2833 -0.8766
vn 0.4099 0.2153 -0.8864
vn 0.1449 0.1470 -0.9785
vn 0.3891 0.2833 -0.8765
vn 0.7051 0.3385 -0.6231
vn 0.7249 0.2849 -0.6271
vn 0.4100 0.2153 -0.8863
vn 0.4176 0.1541 -0.8955
vn 0.7350 0.2393 -0.6344
vn 0.7591 0.1498 -0.6335
vn 0.4431 0.0630 -0.8943
vn 0.1336 0.0726 -0.9884
vn 0.4175 0.1541 -0.8955
vn 0.4430 0.0630 -0.8943
vn 0.1486 -0.0203 -0.9887
vn 0.9416 0.3367 0.0001
vn 0.8950 0.3223 0.3084
vn 0.9035 0.2997 0.3063
vn 0.9497 0.3132 -0.0000
vn 0.7237 0.2885 0.6270
vn 0.7338 0.2587 0.6282
vn 0.9097 0.2816 0.3052
vn 0.7370 0.2332 0.6344
vn 0.7589 0.1506 0.6335
vn 0.9301 0.2050 0.3048
vn 0.9556 0.2947 -0.0000
vn 0.9097 0.2816 0.3051
vn 0.9753 0.2209 -0.0000
vn 0.7236 0.2885 0.6270
vn 0.4123 0.2165 0.8850
vn 0.4218 0.1793 0.8888
vn 0.7337 0.2587 0.6282
vn 0.4122 0.2164 0.8850
vn 0.1496 0.1536 0.9767
vn 0.1563 0.1082 0.9818
vn 0.4203 0.1455 0.8956
vn 0.1363 0.0630 0.9887
vn 0.1483 -0.0189 0.9888
vn 0.4427 0.0642 0.8944
vn 0.4204 0.1455 0.8956
vn 0.4428 0.0643 0.8943
vn 0.1496 0.1536 0.9768
vn 0.0086 0.1119 0.9937
vn 0.0072 0.0298 0.9995
vn 0.1563 0.1081 0.9818
vn -0.0000 0.0933 0.9956
vn -0.0000 -0.0213 0.9998
vn -0.1173 -0.0635 0.9911
vn -0.0001 -0.1562 0.9877
vn 0.0101 -0.2954 0.9553
vn -0.1569 -0.1491 0.9763
vn 0.4514 0.1114 -0.8854
vn 0.4386 0.1972 -0.8768
vn 0.4514 0.1114 -0.8853
vn 0.7646 0.0736 -0.6402
vn 0.7528 0.1717 -0.6355
vn 0.4156 0.2810 -0.8650
vn 0.7330 0.2706 -0.6241
vn 0.7212 0.3063 -0.6214
vn 0.4080 0.2832 -0.8679
vn 0.4156 0.2810 -0.8651
vn 0.9412 0.0339 -0.3360
vn 0.9335 0.1311 -0.3339
vn 0.9178 0.2312 -0.3228
vn 0.9024 0.2924 -0.3165
vn 0.9863 0.1648 0.0001
vn 0.9390 0.1456 0.3116
vn 0.9424 0.0795 0.3248
vn 0.9956 0.0941 0.0001
vn 0.7650 0.0842 0.6385
vn 0.7593 0.0262 0.6503
vn 0.7593 0.0262 0.6502
vn 0.7451 -0.0176 0.6667
vn 0.9393 0.0166 0.3428
vn 0.9393 0.0166 0.3427
vn 0.9998 0.0203 0.0011
vn -0.7357 -0.3277 0.5928
vn -0.9681 -0.1909 0.1620
vn -0.9587 -0.1584 0.2361
vn -0.7269 -0.2478 0.6405
vn -0.9956 -0.0934 -0.0000
vn -0.9955 -0.0952 0.0001
vn -0.9950 -0.1003 -0.0012
vn -0.9468 -0.1224 0.2977
vn -0.7343 -0.1727 0.6565
vn 0.4495 -0.0040 0.8933
vn 0.4399 -0.0465 0.8968
vn 0.1299 -0.0946 0.9870
vn 0.0923 -0.1236 0.9880
vn 0.4398 -0.0466 0.8969
vn 0.0493 -0.1146 0.9922
vn 0.4215 -0.0644 0.9045
vn 0.7592 0.0262 0.6503
vn 0.4399 -0.0466 0.8968
vn 0.4216 -0.0643 0.9045
vn 0.7450 -0.0176 0.6668
vn -0.2317 -0.2264 0.9461
vn -0.2921 -0.2178 0.9313
vn -0.7356 -0.3277 0.5928
vn -0.7268 -0.2478 0.6406
vn -0.2922 -0.2178 0.9312
vn -0.7342 -0.1728 0.6566
vn -0.3481 -0.1657 0.9227
vn -0.2921 -0.2178 0.9312
vn -0.3480 -0.1656 0.9227
vn 0.0492 -0.1147 0.9922
vn 0.8857 0.3480 -0.3074
vn 0.8992 0.3128 -0.3060
vn 0.8992 0.3128 -0.3059
vn 0.9088 0.2846 -0.3051
vn 0.9302 0.2046 -0.3047
vn 0.9088 0.2846 -0.3052
vn 0.9302 0.2046 -0.3048
vn -0.0000 0.1614 -0.9869
vn -0.0076 0.1808 -0.9835
vn -0.0024 0.0700 -0.9975
vn -0.0000 0.0199 -0.9998
vn -0.1188 -0.0532 -0.9915
vn 0.1335 0.0725 -0.9884
vn -0.1567 -0.1504 -0.9761
vn -0.0001 -0.1454 -0.9894
vn -0.1568 -0.1504 -0.9761
vn -0.0001 -0.2835 -0.9590
vn 0.7465 -0.0765 -0.6610
vn 0.9403 -0.0131 -0.3400
vn 0.9339 -0.0582 -0.3527
vn 0.7317 -0.1041 -0.6737
vn 0.9404 -0.0131 -0.3399
vn 0.9998 0.0203 0.0010
vn 0.9995 -0.0309 0.0056
vn 0.9340 -0.0582 -0.3526
vn 0.9381 -0.0518 -0.3423
vn 0.9985 -0.0435 0.0342
vn 0.9989 -0.0081 0.0467
vn 0.9427 0.0153 -0.3333
vn 0.7370 -0.0753 -0.6716
vn 0.9381 -0.0518 -0.3424
vn 0.9427 0.0153 -0.3334
vn 0.7452 0.0177 -0.6666
vn 0.0576 -0.2073 -0.9766
vn 0.4256 -0.1462 -0.8931
vn 0.4095 -0.1515 -0.8996
vn 0.0266 -0.1887 -0.9817
vn 0.4256 -0.1461 -0.8930
vn 0.7464 -0.0765 -0.6610
vn 0.7316 -0.1041 -0.6737
vn 0.4096 -0.1515 -0.8996
vn 0.4203 -0.1039 -0.9014
vn 0.7370 -0.0753 -0.6717
vn 0.7451 0.0177 -0.6667
vn 0.4316 0.0032 -0.9021
vn 0.0366 -0.1285 -0.9910
vn 0.4202 -0.1039 -0.9015
vn 0.4315 0.0031 -0.9021
vn 0.0482 -0.0230 -0.9986
vn 0.9309 -0.0291 0.3641
vn 0.9995 -0.0309 0.0057
vn 0.9393 0.0165 0.3428
vn 0.7451 -0.0176 0.6668
vn 0.7257 -0.0481 0.6864
vn 0.9309 -0.0291 0.3642
vn 0.9123 -0.0533 0.4060
vn 0.6887 -0.0773 0.7209
vn 0.6758 -0.1007 0.7302
vn 0.9064 -0.0494 0.4195
vn -0.9345 -0.1134 0.3374
vn -0.7288 -0.1303 0.6722
vn -0.9937 -0.1119 -0.0058
vn -0.9316 -0.1311 0.3389
vn -0.9913 -0.1275 -0.0338
vn -0.9889 -0.1413 -0.0466
vn -0.9293 -0.1700 0.3279
vn -0.7317 -0.1395 0.6672
vn -0.7313 -0.1928 0.6542
vn -0.7050 -0.3259 -0.6298
vn -0.2296 -0.2365 -0.9441
vn -0.2831 -0.2641 -0.9220
vn -0.7166 -0.2786 -0.6394
vn 0.1323 -0.1053 -0.9856
vn 0.0985 -0.1724 -0.9801
vn -0.3332 -0.2545 -0.9079
vn -0.3333 -0.2545 -0.9078
vn -0.7197 -0.2399 -0.6515
vn 0.4513 -0.0133 -0.8923
vn 0.4436 -0.0891 -0.8918
vn 0.0986 -0.1723 -0.9801
vn 0.7660 0.0778 -0.6381
vn 0.7613 -0.0035 -0.6484
vn 0.7613 -0.0036 -0.6484
vn 0.9395 0.1425 -0.3115
vn 0.9436 0.0651 -0.3246
vn 0.9863 0.1648 -0.0000
vn 0.9956 0.0941 -0.0000
vn 0.9436 0.0651 -0.3245
vn 0.7465 -0.0764 -0.6610
vn -0.9677 -0.1929 -0.1622
vn -0.9562 -0.1732 -0.2362
vn -0.7051 -0.3259 -0.6298
vn -0.7167 -0.2786 -0.6393
vn -0.9414 -0.1552 -0.2995
vn -0.9139 -0.0104 0.4059
vn -0.9989 -0.0459 -0.0036
vn -0.9919 -0.0088 -0.1264
vn -0.9468 0.0566 0.3169
vn -0.9378 -0.0610 -0.3417
vn -0.9054 -0.0505 -0.4215
vn -0.8796 -0.0392 -0.4741
vn -0.9779 0.0118 -0.2087
vn -0.9717 0.1175 0.2049
vn 0.5094 0.1193 0.8522
vn 0.0895 0.0979 0.9912
vn 0.0424 0.2025 0.9784
vn 0.4758 0.1928 0.8582
vn -0.3060 0.0598 0.9501
vn -0.3579 0.1699 0.9182
vn 0.0424 0.2026 0.9783
vn -0.3893 0.2780 0.8782
vn 0.0226 0.2976 0.9544
vn 0.4757 0.1928 0.8582
vn 0.5031 0.2496 0.8274
vn -0.3061 0.0598 0.9501
vn -0.6487 0.0245 0.7607
vn -0.6979 0.1260 0.7050
vn -0.3580 0.1699 0.9181
vn -0.9138 -0.0104 0.4060
vn -0.9467 0.0566 0.3170
vn -0.9717 0.1175 0.2050
vn -0.7308 0.2227 0.6453
vn -0.6978 0.1260 0.7051
vn -0.7307 0.2227 0.6453
vn -0.3894 0.2780 0.8781
vn -0.7697 -0.0383 -0.6373
vn -0.7314 -0.0526 -0.6799
vn -0.4813 0.0179 -0.8764
vn -0.4377 -0.0205 -0.8989
vn -0.4080 -0.0369 -0.9122
vn -0.7048 -0.0530 -0.7074
vn -0.3660 -0.2076 -0.9072
vn -0.7120 -0.1914 -0.6756
vn -0.3520 -0.1425 -0.9251
vn -0.3427 -0.0540 -0.9379
vn -0.6833 -0.1429 -0.7160
vn -0.6765 -0.0847 -0.7316
vn -0.9264 -0.1454 -0.3474
vn -0.7121 -0.1914 -0.6755
vn -0.9057 -0.1337 -0.4023
vn -0.9017 -0.1128 -0.4174
vn 0.0492 -0.1146 0.9922
vn -0.3854 -0.1277 0.9139
vn 0.0111 -0.1041 0.9945
vn -0.3481 -0.1656 0.9227
vn -0.7342 -0.1727 0.6566
vn -0.7288 -0.1303 0.6723
vn -0.3855 -0.1277 0.9138
vn -0.4158 -0.1400 0.8986
vn -0.7316 -0.1395 0.6673
vn -0.7313 -0.1928 0.6543
vn -0.4220 -0.1997 0.8843
vn -0.0331 -0.1279 0.9912
vn -0.0462 -0.1851 0.9816
vn 0.3993 -0.0755 0.9137
vn 0.3563 -0.1050 0.9285
vn 0.3402 -0.1496 0.9284
vn -0.7964 -0.5967 -0.0988
vn -0.2514 -0.9679 0.0003
vn -0.4338 -0.8880 0.1526
vn -0.8390 -0.5440 -0.0099
vn -0.0319 -0.9974 0.0648
vn -0.1582 -0.9307 0.3297
vn -0.3798 -0.5030 0.7764
vn -0.6521 -0.4650 0.5988
vn -0.8700 -0.3221 0.3732
vn -0.8473 -0.0190 -0.5308
vn -0.6801 -0.0427 -0.7319
vn -0.6835 -0.1915 -0.7043
vn -0.8286 -0.2029 -0.5218
vn -0.3799 -0.0493 -0.9237
vn -0.3694 -0.1846 -0.9107
vn -0.3240 -0.4982 -0.8042
vn -0.5155 -0.6276 -0.5835
vn -0.6482 -0.6447 -0.4052
vn -0.3798 -0.0493 -0.9237
vn 0.0232 -0.0425 -0.9988
vn 0.0634 -0.2533 -0.9653
vn -0.3694 -0.1846 -0.9108
vn 0.4258 -0.0198 -0.9046
vn 0.4134 -0.2864 -0.8643
vn 0.3095 -0.6994 -0.6443
vn 0.0157 -0.6511 -0.7589
vn -0.3693 -0.1846 -0.9108
vn 0.0633 -0.2533 -0.9653
vn 0.0157 -0.6510 -0.7589
vn -0.3240 -0.4983 -0.8042
vn 0.9544 0.0674 -0.2907
vn 0.9923 0.1012 0.0711
vn 0.9909 -0.0868 0.1031
vn 0.9534 -0.1001 -0.2847
vn 0.9353 0.1283 0.3299
vn 0.9373 -0.0949 0.3354
vn 0.7471 -0.6083 0.2681
vn 0.8139 -0.5784 0.0547
vn 0.8581 -0.4509 -0.2459
vn 0.9529 0.1317 0.2732
vn 0.8050 0.1210 0.5808
vn 0.7993 0.1594 0.5794
vn 0.9413 0.1394 0.3076
vn 0.7993 0.1595 0.5794
vn 0.4759 0.1928 0.8581
vn 0.5031 0.2495 0.8274
vn 0.8015 0.1754 0.5716
vn 0.9412 0.1394 0.3076
vn 0.8016 0.1754 0.5716
vn 0.9346 0.1410 0.3264
vn 0.2890 0.1386 -0.9472
vn 0.6352 0.1702 -0.7533
vn 0.6908 0.1152 -0.7138
vn 0.3475 0.0784 -0.9344
vn 0.8781 0.1746 -0.4456
vn 0.9138 0.1341 -0.3833
vn 0.9353 0.1083 -0.3368
vn 0.7275 0.0796 -0.6814
vn 0.6908 0.1152 -0.7139
vn 0.7275 0.0797 -0.6815
vn 0.3878 0.0403 -0.9208
vn 0.9846 0.1562 -0.0782
vn 0.9904 0.1376 -0.0140
vn 0.9347 0.1410 0.3264
vn 0.9917 0.1255 0.0295
vn -0.4812 0.0180 -0.8764
vn -0.1060 0.0837 -0.9908
vn -0.0549 0.0288 -0.9981
vn -0.4376 -0.0205 -0.8989
vn -0.0548 0.0288 -0.9981
vn -0.0190 -0.0019 -0.9998
vn -0.0191 -0.0019 -0.9998
vn -0.4079 -0.0369 -0.9123
vn 0.0099 -0.9997 -0.0204
vn 0.1989 -0.9782 0.0594
vn 0.1835 -0.9780 0.0992
vn -0.0000 -1.0000 0.0010
vn 0.7011 -0.5942 0.3941
vn 0.6683 -0.5552 0.4951
vn 0.1750 -0.9753 0.1345
vn -0.0097 -0.9998 0.0194
vn -0.1682 -0.9786 -0.1182
vn -0.1894 -0.9787 -0.0796
vn -0.7111 -0.6397 -0.2918
vn -0.2115 -0.9761 -0.0507
vn -0.7578 -0.6193 -0.2055
vn 0.0156 -0.6511 -0.7588
vn -0.1036 -0.9566 -0.2723
vn -0.5155 -0.6276 -0.5834
vn 0.3095 -0.6994 -0.6442
vn 0.0809 -0.9825 -0.1678
vn 0.5793 -0.6427 -0.5014
vn 0.2789 -0.9563 -0.0876
vn 0.3120 0.4105 0.8568
vn 0.0232 0.4709 0.8819
vn -0.0140 0.5137 0.8578
vn 0.2577 0.4307 0.8649
vn 0.0231 0.4709 0.8819
vn -0.3819 0.4686 0.7966
vn -0.3703 0.5328 0.7609
vn -0.0141 0.5138 0.8578
vn -0.3823 0.4907 0.7830
vn -0.0485 0.4647 0.8842
vn 0.1973 0.3863 0.9010
vn -0.9772 0.0920 -0.1915
vn -0.9386 0.0359 -0.3430
vn -0.9140 -0.1756 -0.3657
vn -0.9600 -0.1426 -0.2410
vn -0.7112 -0.6396 -0.2918
vn 0.8428 0.1735 0.5095
vn 0.8660 -0.0657 0.4958
vn 0.7520 0.2168 0.6225
vn 0.7974 -0.0345 0.6025
vn 0.4259 -0.0198 -0.9045
vn 0.7563 0.0214 -0.6539
vn 0.7183 -0.2142 -0.6620
vn 0.4134 -0.2867 -0.8643
vn 0.7563 0.0214 -0.6538
vn 0.7183 -0.2142 -0.6619
vn 0.9534 -0.1002 -0.2848
vn 0.8581 -0.4508 -0.2459
vn 0.5793 -0.6426 -0.5014
vn 0.7183 -0.2143 -0.6619
vn -0.6200 0.0216 -0.7843
vn -0.2707 0.0914 -0.9583
vn -0.2424 0.1261 -0.9620
vn -0.5965 0.0461 -0.8013
vn -0.2707 0.0915 -0.9583
vn 0.1185 0.1406 -0.9830
vn 0.1447 0.1831 -0.9724
vn -0.2423 0.1261 -0.9620
vn -0.1724 0.1717 -0.9700
vn 0.2131 0.2313 -0.9493
vn -0.5370 0.0857 -0.8392
vn 0.7793 0.1532 -0.6076
vn 0.9577 0.1108 -0.2655
vn 0.9593 0.1540 -0.2365
vn 0.7895 0.1982 -0.5808
vn 0.9578 0.1108 -0.2654
vn 0.9921 0.0397 0.1188
vn 0.9856 0.0854 0.1461
vn 0.9594 0.1540 -0.2365
vn 0.9688 0.1901 -0.1593
vn 0.9693 0.1220 0.2137
vn 0.8247 0.2395 -0.5124
vn 0.4859 0.1628 -0.8587
vn 0.5049 0.2083 -0.8377
vn 0.4860 0.1628 -0.8587
vn 0.7793 0.1531 -0.6077
vn 0.7895 0.1981 -0.5809
vn 0.5050 0.2083 -0.8376
vn 0.5608 0.2546 -0.7879
vn 0.6353 0.1702 -0.7533
vn 0.5607 0.2546 -0.7879
vn 0.8729 -0.0477 0.4856
vn 0.8608 0.0094 0.5089
vn 0.6156 -0.1364 0.7762
vn 0.5985 -0.0639 0.7986
vn 0.8292 0.0567 0.5561
vn 0.5495 -0.0015 0.8355
vn -0.9831 -0.1370 -0.1218
vn -0.8708 -0.0587 -0.4881
vn -0.8567 -0.0413 -0.5141
vn -0.9814 -0.1155 -0.1536
vn -0.6201 0.0215 -0.7842
vn -0.5966 0.0461 -0.8012
vn -0.8161 -0.0058 -0.5778
vn -0.5371 0.0857 -0.8392
vn -0.9672 -0.0745 -0.2427
vn -0.1171 -0.2575 0.9591
vn -0.4746 -0.2702 0.8377
vn -0.5071 -0.2001 0.8384
vn -0.1476 -0.1799 0.9726
vn -0.7656 -0.2499 0.5928
vn -0.7937 -0.1931 0.5769
vn -0.5780 -0.1305 0.8056
vn -0.8530 -0.1288 0.5057
vn -0.2264 -0.1071 0.9681
vn 0.6155 -0.1364 0.7763
vn 0.2642 -0.2107 0.9412
vn 0.2397 -0.1307 0.9620
vn 0.1660 -0.0594 0.9843
vn 0.0894 0.0979 0.9912
vn -0.7657 -0.2498 0.5927
vn -0.9450 -0.2029 0.2566
vn -0.9598 -0.1653 0.2269
vn -0.7937 -0.1930 0.5768
vn -0.9856 -0.1113 0.1274
vn -0.8531 -0.1289 0.5056
vn -0.4297 0.1755 0.8858
vn -0.7272 0.1445 0.6711
vn -0.7185 -0.0796 0.6910
vn -0.4350 -0.0943 0.8955
vn -0.9030 0.1306 0.4093
vn -0.9089 -0.0482 0.4142
vn -0.8701 -0.3220 0.3732
vn -0.7184 -0.0796 0.6910
vn -0.3798 -0.5029 0.7764
vn 0.2315 0.1880 0.9545
vn -0.0794 0.1747 0.9814
vn -0.1020 -0.0480 0.9936
vn 0.2312 0.0115 0.9728
vn -0.4297 0.1754 0.8858
vn -0.1020 -0.0481 0.9936
vn -0.4349 -0.0943 0.8955
vn -0.0584 -0.4302 0.9009
vn 0.2312 0.0114 0.9728
vn 0.2506 -0.2764 0.9278
vn 0.1579 -0.9672 0.1991
vn 0.0623 -0.8823 0.4665
vn 0.5998 -0.5495 0.5817
vn 0.4725 -0.5032 0.7235
vn 0.2506 -0.2765 0.9278
vn -0.0585 -0.4303 0.9008
vn 0.7104 -0.0134 0.7037
vn 0.5547 0.0074 0.8320
vn 0.5953 0.2540 0.7623
vn 0.5069 0.2492 0.8252
vn 0.2321 0.1907 0.9538
vn 0.5546 0.0074 0.8321
vn -0.9872 0.1564 -0.0304
vn -0.9879 -0.1125 -0.1068
vn -0.9933 -0.0770 0.0863
vn -0.9784 0.1639 0.1263
vn -0.7964 -0.5966 -0.0988
vn -0.8391 -0.5440 -0.0099
vn -0.9089 -0.0482 0.4141
vn -0.7179 0.4135 0.5601
vn -0.6802 0.4717 0.5610
vn -0.7179 0.4136 0.5600
vn -0.8878 0.3219 0.3288
vn -0.8603 0.3586 0.3623
vn -0.6803 0.4717 0.5610
vn -0.8479 0.3325 0.4129
vn -0.6780 0.4351 0.5925
vn -0.6779 0.4351 0.5925
vn 0.9344 -0.1478 -0.3240
vn 0.9924 -0.1227 -0.0001
vn 0.9924 -0.1227 -0.0002
vn 0.9336 -0.1479 -0.3264
vn 0.7480 -0.1679 -0.6421
vn 0.9399 -0.1007 0.3261
vn 0.7564 -0.0742 0.6499
vn 0.7565 -0.0742 0.6498
vn 0.9392 -0.1005 0.3285
vn 0.0703 -0.0132 0.9974
vn -0.0000 -0.0075 1.0000
vn 0.0747 -0.0132 0.9971
vn 0.1921 -0.0234 0.9811
vn 0.1933 -0.0233 0.9809
vn 0.4352 -0.1711 -0.8839
vn 0.4361 -0.1711 -0.8835
vn 0.1894 -0.1654 -0.9679
vn 0.1905 -0.1655 -0.9676
vn 0.4411 -0.0414 0.8965
vn 0.4418 -0.0415 0.8961
vn 0.0694 -0.1577 -0.9850
vn 0.0739 -0.1577 -0.9847
vn -0.0000 -0.1525 -0.9883
vn -0.0000 -0.0734 -0.9973
vn 0.0663 -0.0775 -0.9948
vn 0.1898 -0.0849 -0.9781
vn 0.7579 -0.0329 0.6516
vn 0.4393 -0.0016 0.8983
vn 0.1904 0.0168 0.9816
vn 0.4374 -0.0952 -0.8942
vn 0.7546 -0.1008 -0.6484
vn 0.0665 0.0259 0.9975
vn -0.0000 0.0304 0.9995
vn 0.9976 -0.0697 -0.0000
vn 0.9443 -0.0546 0.3244
vn 0.9421 -0.0883 -0.3234
vn 0.9463 -0.0319 -0.3218
vn 0.7572 -0.0361 -0.6522
vn 0.0635 -0.0017 -0.9980
vn 0.1882 -0.0089 -0.9821
vn 0.4355 0.0355 0.8995
vn 0.1880 0.0541 0.9807
vn 0.7575 0.0063 0.6528
vn 0.0637 0.0622 0.9960
vn 0.9466 -0.0112 0.3222
vn 0.4355 -0.0227 -0.8999
vn 0.7320 0.2706 -0.6252
vn 0.9159 0.2317 -0.3278
vn 0.9159 0.2317 -0.3277
vn 0.9815 0.1913 0.0002
vn 0.9815 0.1912 -0.0000
vn 0.1656 0.2629 -0.9505
vn 0.4197 0.2810 -0.8631
vn 0.7320 0.2706 -0.6253
vn 0.7329 0.2706 -0.6242
vn 0.1900 0.1041 0.9762
vn 0.0704 0.0862 0.9938
vn -0.0000 0.0775 0.9970
vn 0.7577 0.1531 0.6344
vn 0.4502 0.1280 0.8837
vn -0.0000 0.2271 -0.9739
vn 0.0519 0.2392 -0.9696
vn 0.9291 0.1674 0.3298
vn 0.9816 0.1912 0.0001
vn 0.7578 0.1531 0.6343
vn 0.1656 0.2628 -0.9505
vn 0.7660 0.0769 0.6382
vn 0.7577 0.1531 0.6343
vn 0.1965 0.0651 0.9783
vn 0.7528 0.1718 -0.6354
vn 0.1657 0.2629 -0.9505
vn 0.9335 0.1311 -0.3338
vn 0.9954 0.0963 -0.0001
vn 0.9334 0.1311 -0.3339
vn 0.9159 0.2318 -0.3278
vn 1.0000 0.0059 -0.0002
vn 0.9399 0.0342 -0.3397
vn 0.9373 -0.0852 -0.3381
vn 0.9399 0.0342 -0.3398
vn 0.7606 0.0741 -0.6450
vn 0.4471 0.1116 -0.8875
vn 0.1935 0.1244 -0.9732
vn 0.0898 -0.0052 0.9959
vn 0.0901 0.0235 0.9957
vn 0.2000 0.0256 0.9795
vn 0.4485 -0.0270 0.8934
vn 0.4542 0.0178 0.8907
vn 0.7596 -0.0544 0.6481
vn 0.7644 0.0033 0.6448
vn 0.0845 0.1198 -0.9892
vn 0.9382 -0.0735 0.3383
vn 0.9407 -0.0040 0.3393
vn 0.7606 0.0740 -0.6449
vn 0.9412 0.0339 -0.3361
vn 0.7647 0.0736 -0.6402
vn 0.4472 0.1116 -0.8875
vn 0.4513 0.1114 -0.8854
vn 0.1922 0.1245 -0.9734
vn 0.0900 0.0235 0.9957
vn 0.0857 0.0234 0.9960
vn 0.2012 0.0256 0.9792
vn 0.7643 0.0034 0.6448
vn 0.7692 0.0034 0.6390
vn 1.0000 0.0058 -0.0001
vn 0.9407 -0.0040 0.3392
vn 1.0000 0.0058 0.0002
vn -0.0000 -0.1341 -0.9910
vn -0.0183 -0.0437 -0.9989
vn -0.0702 -0.0486 -0.9963
vn -0.0000 -0.1402 -0.9901
vn -0.0182 -0.0437 -0.9989
vn 0.1562 0.0762 -0.9848
vn 0.1447 0.0743 -0.9867
vn -0.0702 -0.0486 -0.9964
vn 0.7391 0.2404 -0.6292
vn 0.7371 0.2398 -0.6318
vn 0.1590 0.0667 0.9850
vn -0.0162 -0.0539 0.9984
vn -0.0685 -0.0589 0.9959
vn 0.1474 0.0648 0.9869
vn -0.0000 -0.1448 0.9895
vn -0.0001 -0.1508 0.9886
vn 0.7410 0.2342 0.6293
vn 0.4293 0.1474 0.8911
vn 0.4248 0.1464 0.8934
vn 0.7390 0.2337 0.6319
vn 0.4292 0.1474 0.8911
vn 0.4247 0.1464 0.8934
vn 0.9556 0.2947 0.0001
vn 0.4265 0.1560 -0.8909
vn 0.4220 0.1550 -0.8933
vn 0.7390 0.2404 -0.6293
vn 0.7370 0.2398 -0.6319
vn 0.4220 0.1550 -0.8932
vn -0.0000 -0.1401 -0.9901
vn 0.7351 0.2393 -0.6343
vn 0.1362 0.0630 0.9887
vn 0.7370 0.2332 0.6345
vn 0.1475 0.0648 0.9869
vn 0.9097 0.2816 0.3053
vn -0.9794 -0.1773 -0.0970
vn -0.7291 -0.3299 -0.5997
vn -0.9959 -0.0901 -0.0001
vn 0.9415 0.1432 -0.3052
vn 0.9863 0.1649 -0.0000
vn 0.7720 0.0794 -0.6306
vn 0.7660 0.0777 -0.6381
vn 0.4597 -0.0115 -0.8880
vn 0.1569 -0.1010 -0.9824
vn -0.1828 -0.2299 -0.9559
vn -0.7291 -0.3298 -0.5997
vn -0.2297 -0.2365 -0.9441
vn -0.1845 -0.2195 0.9580
vn -0.7305 -0.3236 0.6014
vn 0.1544 -0.0903 0.9839
vn 0.4576 -0.0023 0.8891
vn 0.7709 0.0857 0.6312
vn -0.9796 -0.1762 0.0968
vn -0.7305 -0.3235 0.6014
vn 0.9410 0.1462 0.3053
vn 0.9863 0.1649 0.0001
vn 0.9410 0.1462 0.3052
vn 0.9390 0.1456 0.3115
vn 0.7709 0.0858 0.6311
vn 0.0101 -0.2953 0.9553
vn 0.0066 -0.9105 0.4135
vn -0.0000 -1.0000 -0.0008
vn 0.4428 0.0642 0.8943
vn 0.4577 -0.0023 0.8891
vn 0.1483 -0.0190 0.9888
vn -0.1845 -0.2196 0.9580
vn -0.0000 -0.2835 -0.9590
vn 0.1570 -0.1010 -0.9824
vn 0.4598 -0.0115 -0.8880
vn 0.9415 0.1432 -0.3051
vn 0.0068 -0.9110 -0.4125
vn 0.4100 0.2152 -0.8863
vn 0.7249 0.2849 -0.6272
vn 0.7391 0.2404 -0.6293
vn 0.7411 0.2342 0.6293
vn 0.9036 0.2997 0.3062
vn 0.4219 0.1793 0.8888
vn -0.0000 -0.0214 0.9998
vn -0.0161 -0.0539 0.9984
vn 0.9497 0.3132 -0.0001
vn 0.0253 0.2096 -0.9774
vn 0.1415 0.2253 -0.9640
vn 0.0122 0.1820 -0.9832
vn -0.0000 0.1624 -0.9867
vn 0.9416 0.3368 0.0001
vn 0.8847 0.3480 -0.3101
vn 0.8847 0.3480 -0.3102
vn 0.7081 0.3386 -0.6196
vn -0.0000 0.0940 0.9956
vn 0.0267 0.1130 0.9932
vn 0.0449 0.1003 0.9939
vn 0.0268 0.1130 0.9932
vn 0.1599 0.1548 0.9749
vn 0.4369 0.1757 0.8822
vn 0.4200 0.2179 0.8810
vn 0.7258 0.2888 0.6243
vn 0.7259 0.2888 0.6243
vn 0.8940 0.3220 0.3114
vn 0.8941 0.3220 0.3114
vn 0.3986 0.2847 -0.8718
vn 0.9416 0.3367 -0.0000
vn 0.1495 0.1536 0.9768
vn 0.8950 0.3223 0.3083
vn 0.9416 0.3368 0.0002
vn 0.3985 0.2847 -0.8718
vn -0.9272 -0.2189 0.3041
vn -0.9853 -0.1561 -0.0697
vn -0.9846 -0.1468 -0.0954
vn -0.9364 -0.2111 0.2805
vn -0.7328 -0.2616 0.6282
vn -0.7493 -0.2559 0.6108
vn 0.3137 -0.2108 0.9258
vn -0.0678 -0.2613 0.9629
vn -0.0923 -0.2595 0.9613
vn 0.2892 -0.2109 0.9337
vn 0.6550 -0.1341 0.7436
vn 0.6355 -0.1353 0.7602
vn -0.4327 -0.2776 0.8577
vn -0.7327 -0.2616 0.6282
vn -0.7492 -0.2559 0.6109
vn -0.4536 -0.2740 0.8480
vn -0.0679 -0.2613 0.9629
vn -0.4326 -0.2776 0.8578
vn -0.4535 -0.2740 0.8481
vn -0.0924 -0.2595 0.9613
vn -0.8941 -0.0791 -0.4409
vn -0.6608 0.0017 -0.7505
vn -0.6409 0.0115 -0.7676
vn -0.8830 -0.0690 -0.4644
vn 0.8964 -0.0447 0.4410
vn 0.6355 -0.1353 0.7601
vn 0.8850 -0.0462 0.4633
vn 0.9967 0.0415 0.0696
vn 0.9947 0.0406 0.0942
vn 0.4448 0.1541 -0.8823
vn 0.7501 0.1486 -0.6443
vn 0.7650 0.1509 -0.6261
vn 0.4652 0.1585 -0.8709
vn 0.0690 0.1277 -0.9894
vn 0.4447 0.1541 -0.8823
vn 0.4651 0.1585 -0.8710
vn 0.0938 0.1341 -0.9865
vn 0.9438 0.1099 -0.3117
vn 0.9967 0.0415 0.0695
vn 0.9947 0.0406 0.0941
vn 0.9510 0.1103 -0.2887
vn 0.9510 0.1103 -0.2888
vn -0.3204 0.0744 -0.9444
vn -0.2958 0.0829 -0.9516
vn -0.6607 0.0017 -0.7506
vn -0.6408 0.0115 -0.7676
vn -0.8205 -0.1419 0.5537
vn -0.9730 -0.1303 0.1907
vn -0.9777 -0.0949 -0.1874
vn 0.5800 -0.0016 0.8146
vn 0.2127 -0.0608 0.9752
vn -0.1787 -0.1112 0.9776
vn -0.5374 -0.1380 0.8320
vn -0.5375 -0.1380 0.8319
vn -0.8205 -0.1419 0.5538
vn -0.8418 -0.0247 -0.5393
vn -0.5738 0.0682 -0.8162
vn 0.9773 0.1231 0.1722
vn 0.8476 0.0575 0.5275
vn 0.1705 0.2193 -0.9606
vn 0.5240 0.2465 -0.8153
vn 0.5241 0.2466 -0.8152
vn 0.7995 0.2354 -0.5526
vn 0.9598 0.1896 -0.2068
vn -0.5737 0.0683 -0.8162
vn -0.2150 0.1565 -0.9640
vn 0.6354 -0.1354 0.7602
vn -0.1172 -0.2575 0.9591
vn 0.8850 -0.0463 0.4633
vn 0.6155 -0.1364 0.7762
vn 0.8728 -0.0477 0.4857
vn 0.9921 0.0397 0.1189
vn 0.4652 0.1586 -0.8709
vn 0.4651 0.1585 -0.8709
vn 0.1185 0.1406 -0.9829
vn 0.0937 0.1341 -0.9865
vn 0.1184 0.1406 -0.9830
vn -0.3428 -0.0540 -0.9379
vn -0.3203 0.0744 -0.9444
vn 0.7452 0.0178 -0.6666
vn 0.7502 0.1487 -0.6443
vn 0.9427 0.0154 -0.3333
vn 0.9989 -0.0080 0.0466
vn 0.4315 0.0032 -0.9021
vn 0.7501 0.1487 -0.6444
vn -0.4326 -0.2776 0.8577
vn -0.4221 -0.1997 0.8843
vn -0.7312 -0.1928 0.6543
vn 0.7256 -0.0481 0.6864
vn 0.3745 -0.1049 0.9213
vn 0.7037 -0.0772 0.7062
vn -0.0160 -0.1280 0.9916
vn 0.0110 -0.1041 0.9945
vn -0.4039 -0.1405 0.9040
vn -0.0161 -0.1281 0.9916
vn -0.7287 -0.1303 0.6723
vn -0.7258 -0.1400 0.6735
vn -0.9142 -0.1346 -0.3823
vn -0.9916 -0.1281 -0.0189
vn -0.6984 -0.1440 -0.7010
vn -0.3661 -0.2076 -0.9071
vn -0.3677 -0.1437 -0.9188
vn -0.6984 -0.1441 -0.7011
vn 0.0232 -0.1298 -0.9913
vn -0.3676 -0.1438 -0.9188
vn -0.9285 -0.1317 0.3473
vn -0.7259 -0.1400 0.6734
vn 0.9201 -0.0537 0.3880
vn 0.9988 -0.0442 0.0192
vn 0.7038 -0.0772 0.7062
vn 0.9200 -0.0537 0.3881
vn 0.4104 -0.1051 -0.9058
vn 0.0233 -0.1298 -0.9913
vn 0.7308 -0.0762 -0.6783
vn 0.9343 -0.0527 -0.3525
vn 0.9988 -0.0442 0.0190
vn 0.9344 -0.0527 -0.3524
vn -0.4157 -0.1400 0.8986
vn -0.0332 -0.1279 0.9912
vn -0.7316 -0.1396 0.6673
vn 0.0365 -0.1286 -0.9910
vn 0.9988 -0.0442 0.0191
vn 0.9123 -0.0533 0.4059
vn 0.9985 -0.0435 0.0343
vn 0.6888 -0.0773 0.7208
vn 0.4202 -0.1039 -0.9014
vn 0.9856 0.0854 0.1460
vn 0.9773 0.1231 0.1721
vn 0.7995 0.2355 -0.5526
vn 0.5240 0.2466 -0.8152
vn 0.8476 0.0575 0.5274
vn -0.7937 -0.1930 0.5769
vn -0.1476 -0.1798 0.9726
vn -0.5070 -0.2001 0.8384
vn -0.9763 0.1589 0.1467
vn -0.9774 0.1614 0.1365
vn -0.9024 0.1315 0.4105
vn -0.9016 0.1325 0.4118
vn -0.9882 0.1459 0.0473
vn -0.9885 0.1511 0.0104
vn 0.5104 0.2503 0.8227
vn 0.5087 0.2498 0.8239
vn 0.2318 0.1893 0.9542
vn 0.6389 0.2627 0.7230
vn 0.6162 0.2584 0.7440
vn -0.0994 0.1740 0.9797
vn -0.4306 0.1753 0.8853
vn -0.4302 0.1754 0.8855
vn -0.0891 0.1745 0.9806
vn -0.0993 0.1740 0.9797
vn -0.0891 0.1744 0.9806
vn -0.7139 0.1456 0.6849
vn -0.9015 0.1325 0.4119
vn -0.9023 0.1315 0.4105
vn -0.7208 0.1450 0.6778
vn 0.7517 0.0204 -0.6592
vn 0.9507 0.0657 -0.3030
vn 0.9526 0.0665 -0.2968
vn 0.7541 0.0210 -0.6564
vn 0.4161 -0.0209 -0.9091
vn 0.7516 0.0204 -0.6593
vn 0.7540 0.0209 -0.6565
vn 0.4213 -0.0203 -0.9067
vn 0.8197 0.1764 0.5449
vn 0.7111 0.2156 0.6692
vn 0.7309 0.2163 0.6473
vn 0.8312 0.1751 0.5277
vn 0.9341 0.1287 0.3329
vn 0.9347 0.1285 0.3314
vn -0.9574 0.0385 -0.2863
vn -0.8578 -0.0180 -0.5137
vn -0.8526 -0.0185 -0.5223
vn -0.9487 0.0371 -0.3141
vn -0.9897 0.0896 -0.1114
vn -0.9845 0.0909 -0.1497
vn 0.9932 0.0999 0.0599
vn 0.9928 0.1006 0.0656
vn 0.0084 -0.0434 -0.9990
vn 0.0158 -0.0430 -0.9990
vn -0.3877 -0.0495 -0.9204
vn -0.3838 -0.0494 -0.9221
vn -0.6866 -0.0425 -0.7258
vn -0.3878 -0.0495 -0.9204
vn -0.3839 -0.0494 -0.9221
vn -0.6833 -0.0426 -0.7289
vn 0.3878 0.0403 -0.9209
vn 0.0085 -0.0434 -0.9990
vn 0.7275 0.0796 -0.6815
vn 0.4162 -0.0209 -0.9091
vn 0.7517 0.0205 -0.6592
vn -0.4306 0.1753 0.8854
vn -0.8479 0.3324 0.4129
vn -0.0485 0.4646 0.8842
vn -0.8879 0.3219 0.3288
vn -0.8604 0.3585 0.3622
vn -0.0795 0.1747 0.9814
vn -0.7272 0.1444 0.6710
vn 0.7541 0.0209 -0.6564
vn 0.4259 -0.0198 -0.9046
vn 0.0159 -0.0430 -0.9989
vn 0.0232 -0.0426 -0.9988
vn -0.7179 0.4135 0.5600
vn -0.3820 0.4686 0.7965
vn 0.0225 0.2976 0.9544
vn -0.3893 0.2780 0.8781
vn 0.3119 0.4105 0.8568
vn -0.8489 0.5285 -0.0003
vn -0.8163 0.4840 0.3153
vn -0.4201 0.8399 0.3437
vn -0.4482 0.8940 -0.0000
vn -0.1593 0.9101 0.3824
vn -0.1661 0.9861 -0.0000
vn -0.3835 0.5348 0.7530
vn -0.1593 0.5800 0.7989
vn -0.6848 0.3802 0.6217
vn -0.1843 -0.0087 -0.9828
vn -0.4298 -0.0225 -0.9027
vn -0.3970 0.1560 -0.9045
vn -0.1727 0.2014 -0.9642
vn -0.4027 0.5245 -0.7501
vn -0.1595 0.5719 -0.8047
vn -0.7492 0.1009 -0.6546
vn -0.6941 0.3706 -0.6171
vn -0.7558 -0.0361 -0.6538
vn -0.9998 -0.0202 -0.0000
vn -0.9477 -0.0113 0.3189
vn -0.9459 0.1305 0.2970
vn -0.9892 0.1464 -0.0000
vn -0.7470 0.1238 0.6531
vn -0.7559 0.0065 0.6546
vn -0.1847 0.0541 0.9813
vn -0.0598 0.0623 0.9963
vn -0.0539 0.2417 0.9689
vn -0.1720 0.2292 0.9581
vn -0.0473 0.5849 0.8097
vn -0.1593 0.5799 0.7989
vn -0.0879 -0.1227 -0.9885
vn -0.0784 -0.1577 -0.9844
vn -0.1970 -0.1312 -0.9716
vn -0.1923 -0.1653 -0.9673
vn -0.0893 -0.0377 -0.9953
vn -0.1981 -0.0439 -0.9792
vn -0.0479 0.9155 0.3995
vn -0.0505 0.9987 -0.0000
vn -0.0473 0.5850 0.8097
vn -0.7565 -0.0741 0.6497
vn -0.7573 -0.0787 0.6484
vn -0.4458 -0.0459 0.8940
vn -0.4427 -0.0415 0.8957
vn -0.1974 -0.0267 0.9800
vn -0.1942 -0.0233 0.9807
vn -0.4485 -0.0271 0.8934
vn -0.1986 -0.0108 0.9800
vn -0.7596 -0.0545 0.6481
vn -0.4302 0.0359 0.9020
vn -0.3960 0.1845 0.8995
vn -0.3835 0.5347 0.7530
vn -0.0602 -0.0015 -0.9982
vn -0.0542 0.2140 -0.9753
vn -0.0490 0.5810 -0.8124
vn -0.4428 -0.1421 -0.8853
vn -0.4369 -0.1711 -0.8831
vn -0.7515 -0.1488 -0.6427
vn -0.7481 -0.1679 -0.6420
vn -0.4476 -0.0583 -0.8923
vn -0.7584 -0.0772 -0.6472
vn -0.1593 0.9101 -0.3824
vn -0.0479 0.9155 -0.3995
vn -0.0490 0.5811 -0.8124
vn -0.0874 -0.0178 0.9960
vn -0.0792 -0.0133 0.9968
vn -0.0898 -0.0053 0.9959
vn -0.9474 -0.0318 -0.3183
vn -0.9473 0.1204 -0.2969
vn -0.7999 0.4926 -0.3428
vn -0.4201 0.8399 -0.3437
vn -0.4027 0.5246 -0.7501
vn -1.0000 0.0058 -0.0002
vn -0.9954 0.0962 -0.0000
vn -0.9392 0.0795 0.3341
vn -0.9421 -0.0039 0.3353
vn -0.7661 0.0768 0.6382
vn -0.7692 0.0033 0.6390
vn -0.9310 0.1679 0.3241
vn -0.9148 0.2489 0.3182
vn -0.7451 0.2247 0.6280
vn -0.7605 0.1535 0.6309
vn -0.9816 0.1912 -0.0000
vn -0.9635 0.2678 -0.0001
vn -0.9148 0.2489 0.3181
vn -0.9310 0.1679 0.3240
vn -0.0666 0.1814 -0.9811
vn -0.0785 0.1201 -0.9897
vn -0.1807 0.1952 -0.9640
vn -0.1923 0.1244 -0.9734
vn -0.0370 0.2390 -0.9703
vn -0.0253 0.2097 -0.9774
vn -0.1493 0.2435 -0.9583
vn -0.1560 0.2627 -0.9522
vn -0.7691 0.0033 0.6391
vn -0.7660 0.0768 0.6382
vn -0.4571 0.0726 0.8864
vn -0.4605 0.0178 0.8875
vn -0.4604 0.0178 0.8875
vn -0.4571 0.0726 0.8865
vn -0.1966 0.0651 0.9783
vn -0.2012 0.0257 0.9792
vn -0.4508 0.1281 0.8834
vn -0.4368 0.1756 0.8822
vn -0.1738 0.1309 0.9760
vn -0.1862 0.1040 0.9770
vn -0.7604 0.1535 0.6310
vn -0.7450 0.2247 0.6281
vn -0.4369 0.1756 0.8822
vn -0.0790 0.0553 0.9953
vn -0.0858 0.0234 0.9960
vn -0.0607 0.0860 0.9944
vn -0.0449 0.1003 0.9939
vn -0.9924 -0.1228 -0.0001
vn -0.9926 -0.1217 -0.0000
vn -0.9363 -0.1030 0.3357
vn -0.9383 -0.1003 0.3309
vn -0.9382 -0.0735 0.3382
vn -0.9965 -0.0830 -0.0000
vn -0.9322 -0.1394 -0.3340
vn -0.9327 -0.1480 -0.3288
vn -0.9373 -0.0852 -0.3380
vn -0.1290 0.2238 -0.9661
vn -0.1449 0.1470 -0.9785
vn -0.4099 0.2153 -0.8864
vn -0.3890 0.2833 -0.8766
vn -0.3891 0.2833 -0.8765
vn -0.4100 0.2153 -0.8863
vn -0.7249 0.2849 -0.6271
vn -0.7049 0.3390 -0.6230
vn -0.4175 0.1540 -0.8955
vn -0.4431 0.0630 -0.8943
vn -0.7591 0.1498 -0.6335
vn -0.7350 0.2393 -0.6344
vn -0.1336 0.0726 -0.9884
vn -0.1486 -0.0203 -0.9887
vn -0.4174 0.1540 -0.8956
vn -0.9416 0.3367 0.0001
vn -0.9497 0.3133 -0.0000
vn -0.9035 0.2997 0.3063
vn -0.8950 0.3223 0.3084
vn -0.7338 0.2587 0.6282
vn -0.7237 0.2885 0.6270
vn -0.9097 0.2816 0.3052
vn -0.9301 0.2050 0.3048
vn -0.7589 0.1506 0.6335
vn -0.7369 0.2332 0.6344
vn -0.9556 0.2947 -0.0000
vn -0.9753 0.2209 -0.0000
vn -0.9097 0.2816 0.3051
vn -0.7236 0.2885 0.6270
vn -0.7337 0.2588 0.6282
vn -0.4218 0.1793 0.8888
vn -0.4123 0.2165 0.8850
vn -0.4122 0.2164 0.8850
vn -0.1563 0.1081 0.9818
vn -0.1496 0.1536 0.9767
vn -0.4205 0.1455 0.8956
vn -0.4427 0.0642 0.8944
vn -0.1483 -0.0189 0.9888
vn -0.1363 0.0630 0.9887
vn -0.4428 0.0642 0.8943
vn -0.4205 0.1455 0.8955
vn -0.1496 0.1536 0.9768
vn -0.0072 0.0298 0.9995
vn -0.0086 0.1119 0.9937
vn 0.1174 -0.0635 0.9911
vn 0.1569 -0.1491 0.9763
vn 0.0102 -0.2954 0.9553
vn -0.0000 -0.1562 0.9877
vn 0.1568 -0.1491 0.9763
vn 0.1173 -0.0635 0.9911
vn -0.4386 0.1972 -0.8768
vn -0.4514 0.1114 -0.8854
vn -0.4514 0.1114 -0.8853
vn -0.7528 0.1717 -0.6355
vn -0.7646 0.0735 -0.6403
vn -0.4156 0.2810 -0.8650
vn -0.4081 0.2832 -0.8679
vn -0.7212 0.3063 -0.6214
vn -0.7330 0.2706 -0.6241
vn -0.4080 0.2832 -0.8679
vn -0.4156 0.2810 -0.8651
vn -0.9335 0.1311 -0.3339
vn -0.9412 0.0339 -0.3360
vn -0.9178 0.2312 -0.3228
vn -0.9024 0.2924 -0.3165
vn -0.9863 0.1648 0.0001
vn -0.9956 0.0941 0.0001
vn -0.9424 0.0795 0.3248
vn -0.9390 0.1456 0.3116
vn -0.7593 0.0262 0.6503
vn -0.7650 0.0842 0.6385
vn -0.9393 0.0166 0.3428
vn -0.7451 -0.0176 0.6667
vn -0.7593 0.0262 0.6502
vn -0.9998 0.0203 0.0011
vn -0.9393 0.0166 0.3427
vn 0.7171 -0.3411 0.6078
vn 0.7375 -0.2810 0.6141
vn 0.9587 -0.1584 0.2361
vn 0.9681 -0.1909 0.1620
vn 0.9955 -0.0952 -0.0000
vn 0.9956 -0.0933 -0.0000
vn 0.9468 -0.1224 0.2977
vn 0.9950 -0.1003 -0.0012
vn 0.7375 -0.1742 0.6525
vn -0.4399 -0.0465 0.8968
vn -0.4495 -0.0040 0.8933
vn -0.0923 -0.1236 0.9880
vn -0.1300 -0.0946 0.9870
vn -0.4398 -0.0466 0.8969
vn -0.4215 -0.0644 0.9045
vn -0.0493 -0.1146 0.9922
vn -0.7592 0.0262 0.6503
vn -0.7450 -0.0176 0.6668
vn -0.4216 -0.0643 0.9045
vn -0.4399 -0.0466 0.8968
vn 0.2921 -0.2178 0.9313
vn 0.2317 -0.2264 0.9461
vn 0.2922 -0.2178 0.9312
vn 0.7375 -0.2810 0.6142
vn 0.2922 -0.2179 0.9312
vn 0.3481 -0.1657 0.9227
vn -0.0492 -0.1147 0.9922
vn 0.3480 -0.1656 0.9227
vn 0.2921 -0.2178 0.9312
vn -0.8992 0.3128 -0.3060
vn -0.8857 0.3480 -0.3074
vn -0.8992 0.3128 -0.3059
vn -0.9088 0.2846 -0.3051
vn -0.9302 0.2046 -0.3047
vn -0.9302 0.2046 -0.3048
vn -0.9088 0.2846 -0.3052
vn 0.0023 0.0701 -0.9975
vn 0.0076 0.1807 -0.9835
vn -0.1449 0.1469 -0.9785
vn 0.1188 -0.0532 -0.9915
vn 0.1567 -0.1504 -0.9761
vn -0.0000 -0.1454 -0.9894
vn 0.0001 -0.2835 -0.9590
vn 0.1568 -0.1504 -0.9761
vn -0.7465 -0.0765 -0.6610
vn -0.7317 -0.1041 -0.6737
vn -0.9339 -0.0582 -0.3527
vn -0.9403 -0.0131 -0.3400
vn -0.9404 -0.0131 -0.3399
vn -0.9340 -0.0582 -0.3526
vn -0.9995 -0.0309 0.0056
vn -0.9998 0.0203 0.0010
vn -0.9382 -0.0519 -0.3422
vn -0.9427 0.0153 -0.3333
vn -0.9989 -0.0081 0.0467
vn -0.9985 -0.0435 0.0342
vn -0.7371 -0.0753 -0.6716
vn -0.7452 0.0177 -0.6666
vn -0.9427 0.0153 -0.3334
vn -0.9382 -0.0518 -0.3423
vn -0.0581 -0.2072 -0.9766
vn -0.0266 -0.1887 -0.9817
vn -0.4095 -0.1515 -0.8996
vn -0.4255 -0.1461 -0.8931
vn -0.4096 -0.1515 -0.8996
vn -0.7316 -0.1041 -0.6737
vn -0.7464 -0.0765 -0.6610
vn -0.4203 -0.1039 -0.9014
vn -0.4316 0.0031 -0.9021
vn -0.7451 0.0178 -0.6667
vn -0.7370 -0.0753 -0.6716
vn -0.0367 -0.1286 -0.9910
vn -0.0482 -0.0230 -0.9986
vn -0.4315 0.0031 -0.9021
vn -0.4202 -0.1039 -0.9015
vn -0.9995 -0.0309 0.0057
vn -0.9309 -0.0291 0.3641
vn -0.9309 -0.0291 0.3642
vn -0.7257 -0.0478 0.6864
vn -0.7451 -0.0176 0.6668
vn -0.9124 -0.0533 0.4059
vn -0.9064 -0.0494 0.4195
vn -0.6758 -0.1007 0.7302
vn -0.6887 -0.0773 0.7209
vn 0.7288 -0.1303 0.6722
vn 0.9345 -0.1134 0.3374
vn 0.9937 -0.1119 -0.0058
vn 0.9316 -0.1311 0.3390
vn 0.9293 -0.1700 0.3279
vn 0.9889 -0.1413 -0.0466
vn 0.9913 -0.1275 -0.0338
vn 0.7316 -0.1395 0.6673
vn 0.7313 -0.1928 0.6542
vn 0.7154 -0.3473 -0.6062
vn 0.6941 -0.3011 -0.6538
vn 0.2831 -0.2641 -0.9220
vn 0.2296 -0.2365 -0.9441
vn -0.0985 -0.1724 -0.9801
vn -0.1322 -0.1053 -0.9856
vn 0.3332 -0.2548 -0.9078
vn 0.6941 -0.3011 -0.6539
vn 0.7190 -0.2443 -0.6506
vn 0.3333 -0.2545 -0.9078
vn -0.0986 -0.1723 -0.9801
vn -0.4436 -0.0891 -0.8918
vn -0.4513 -0.0133 -0.8923
vn -0.7613 -0.0035 -0.6484
vn -0.7660 0.0778 -0.6381
vn -0.7613 -0.0036 -0.6484
vn -0.9436 0.0651 -0.3246
vn -0.9395 0.1425 -0.3115
vn -0.9436 0.0651 -0.3245
vn -0.9956 0.0941 -0.0000
vn -0.9863 0.1648 -0.0000
vn 0.9562 -0.1732 -0.2362
vn 0.9677 -0.1929 -0.1622
vn 0.6942 -0.3011 -0.6538
vn 0.9414 -0.1552 -0.2996
vn 0.7191 -0.2442 -0.6506
vn 0.9139 -0.0104 0.4059
vn 0.9487 0.0719 0.3080
vn 0.9919 -0.0088 -0.1264
vn 0.9989 -0.0459 -0.0036
vn 0.9054 -0.0505 -0.4215
vn 0.9378 -0.0610 -0.3417
vn 0.9779 0.0118 -0.2087
vn 0.8796 -0.0392 -0.4741
vn 0.9592 0.2052 0.1943
vn -0.5094 0.1193 0.8522
vn -0.4901 0.1812 0.8526
vn -0.0424 0.2025 0.9784
vn -0.0895 0.0979 0.9912
vn 0.3579 0.1699 0.9182
vn 0.3060 0.0598 0.9501
vn -0.0424 0.2026 0.9783
vn -0.0226 0.2976 0.9544
vn 0.3893 0.2780 0.8782
vn -0.5417 0.2379 0.8062
vn 0.3061 0.0598 0.9501
vn 0.3580 0.1699 0.9181
vn 0.6979 0.1260 0.7050
vn 0.6487 0.0245 0.7607
vn 0.9486 0.0719 0.3081
vn 0.9138 -0.0104 0.4060
vn 0.7308 0.2227 0.6453
vn 0.9592 0.2052 0.1944
vn 0.3894 0.2780 0.8781
vn 0.7307 0.2227 0.6453
vn 0.6979 0.1261 0.7051
vn 0.7314 -0.0526 -0.6799
vn 0.7697 -0.0383 -0.6373
vn 0.4377 -0.0205 -0.8989
vn 0.4810 0.0180 -0.8765
vn 0.7048 -0.0530 -0.7074
vn 0.4080 -0.0369 -0.9122
vn 0.7120 -0.1913 -0.6756
vn 0.3660 -0.2076 -0.9072
vn 0.3523 -0.1425 -0.9250
vn 0.3427 -0.0540 -0.9379
vn 0.6833 -0.1429 -0.7160
vn 0.6764 -0.0847 -0.7316
vn 0.3524 -0.1425 -0.9249
vn 0.9264 -0.1454 -0.3474
vn 0.7121 -0.1913 -0.6755
vn 0.9059 -0.1337 -0.4019
vn 0.9017 -0.1128 -0.4174
vn 0.6765 -0.0847 -0.7316
vn -0.0492 -0.1146 0.9922
vn -0.0111 -0.1038 0.9945
vn 0.3854 -0.1277 0.9139
vn 0.3481 -0.1656 0.9227
vn 0.3855 -0.1277 0.9138
vn 0.7288 -0.1303 0.6723
vn 0.4158 -0.1400 0.8986
vn 0.4220 -0.1997 0.8843
vn 0.7313 -0.1928 0.6543
vn 0.7315 -0.1396 0.6674
vn 0.0331 -0.1279 0.9912
vn 0.0462 -0.1851 0.9816
vn -0.3993 -0.0755 0.9137
vn -0.3563 -0.1050 0.9285
vn -0.3403 -0.1496 0.9284
vn 0.7976 -0.5952 -0.0979
vn 0.8054 -0.5814 0.1149
vn 0.3799 -0.9054 0.1893
vn 0.2514 -0.9679 0.0003
vn 0.1591 -0.9313 0.3276
vn 0.0319 -0.9974 0.0648
vn 0.6468 -0.4747 0.5969
vn 0.3754 -0.5061 0.7765
vn 0.8761 -0.2996 0.3778
vn 0.8473 -0.0190 -0.5307
vn 0.8286 -0.2029 -0.5218
vn 0.6835 -0.1915 -0.7043
vn 0.6801 -0.0427 -0.7319
vn 0.3694 -0.1846 -0.9107
vn 0.3799 -0.0493 -0.9237
vn 0.5160 -0.6199 -0.5912
vn 0.3254 -0.4969 -0.8045
vn 0.6458 -0.6465 -0.4062
vn 0.3798 -0.0493 -0.9237
vn 0.3694 -0.1846 -0.9108
vn -0.0634 -0.2533 -0.9653
vn -0.0232 -0.0425 -0.9988
vn -0.4133 -0.2867 -0.8643
vn -0.4258 -0.0198 -0.9046
vn 0.0007 -0.6550 -0.7557
vn -0.3132 -0.6970 -0.6451
vn 0.3693 -0.1846 -0.9108
vn -0.0633 -0.2533 -0.9653
vn -0.9545 0.0674 -0.2906
vn -0.9534 -0.1001 -0.2847
vn -0.9909 -0.0868 0.1031
vn -0.9923 0.1012 0.0711
vn -0.9373 -0.0949 0.3354
vn -0.9353 0.1283 0.3299
vn -0.8123 -0.5812 0.0482
vn -0.7479 -0.6060 0.2710
vn -0.8499 -0.4630 -0.2518
vn -0.9529 0.1317 0.2732
vn -0.9413 0.1394 0.3076
vn -0.7993 0.1595 0.5794
vn -0.8050 0.1210 0.5808
vn -0.7992 0.1595 0.5795
vn -0.8015 0.1754 0.5716
vn -0.9412 0.1394 0.3076
vn -0.9346 0.1410 0.3264
vn -0.8016 0.1754 0.5716
vn -0.2890 0.1386 -0.9472
vn -0.3475 0.0784 -0.9344
vn -0.6908 0.1152 -0.7138
vn -0.6352 0.1702 -0.7533
vn -0.9138 0.1341 -0.3833
vn -0.8781 0.1746 -0.4456
vn -0.7275 0.0796 -0.6814
vn -0.9353 0.1083 -0.3368
vn -0.3878 0.0403 -0.9208
vn -0.7275 0.0797 -0.6815
vn -0.9904 0.1376 -0.0140
vn -0.9846 0.1562 -0.0782
vn -0.9917 0.1255 0.0295
vn -0.9347 0.1410 0.3264
vn 0.4809 0.0180 -0.8766
vn 0.4376 -0.0204 -0.8989
vn 0.0549 0.0288 -0.9981
vn 0.1060 0.0837 -0.9908
vn 0.0548 0.0288 -0.9981
vn 0.0190 -0.0019 -0.9998
vn 0.4079 -0.0368 -0.9123
vn 0.0191 -0.0019 -0.9998
vn -0.0099 -0.9997 -0.0204
vn -0.1835 -0.9780 0.0992
vn -0.1989 -0.9782 0.0594
vn -0.6997 -0.5978 0.3913
vn -0.1750 -0.9753 0.1345
vn -0.6620 -0.5746 0.4813
vn 0.0096 -0.9998 0.0195
vn 0.7149 -0.6359 -0.2908
vn 0.1894 -0.9787 -0.0796
vn 0.1682 -0.9786 -0.1182
vn 0.2115 -0.9761 -0.0507
vn 0.7728 -0.6015 -0.2024
vn 0.3254 -0.4970 -0.8045
vn 0.5160 -0.6200 -0.5911
vn 0.1036 -0.9566 -0.2723
vn 0.0007 -0.6550 -0.7556
vn -0.0809 -0.9825 -0.1678
vn -0.3131 -0.6970 -0.6450
vn -0.2789 -0.9563 -0.0876
vn -0.5718 -0.6530 -0.4965
vn -0.3120 0.4105 0.8568
vn -0.2577 0.4307 0.8649
vn 0.0140 0.5138 0.8578
vn -0.0232 0.4709 0.8819
vn -0.0231 0.4709 0.8819
vn 0.0141 0.5137 0.8578
vn 0.3703 0.5328 0.7609
vn 0.3820 0.4686 0.7965
vn 0.0485 0.4646 0.8842
vn 0.3823 0.4907 0.7830
vn -0.1973 0.3863 0.9010
vn 0.9772 0.0920 -0.1915
vn 0.9600 -0.1426 -0.2410
vn 0.9140 -0.1756 -0.3657
vn 0.9387 0.0359 -0.3430
vn -0.8660 -0.0657 0.4957
vn -0.8428 0.1735 0.5095
vn -0.7974 -0.0345 0.6025
vn -0.7520 0.2169 0.6225
vn -0.4259 -0.0198 -0.9045
vn -0.4134 -0.2867 -0.8642
vn -0.7183 -0.2142 -0.6620
vn -0.7563 0.0214 -0.6539
vn -0.7563 0.0214 -0.6538
vn -0.7183 -0.2142 -0.6619
vn -0.5719 -0.6530 -0.4965
vn -0.8499 -0.4629 -0.2519
vn -0.9534 -0.1002 -0.2848
vn -0.7183 -0.2143 -0.6619
vn 0.6200 0.0215 -0.7843
vn 0.5965 0.0461 -0.8013
vn 0.2424 0.1261 -0.9619
vn 0.2707 0.0914 -0.9583
vn 0.2424 0.1261 -0.9620
vn -0.1447 0.1831 -0.9724
vn -0.1181 0.1407 -0.9830
vn 0.1723 0.1717 -0.9700
vn -0.2132 0.2313 -0.9492
vn 0.5370 0.0857 -0.8392
vn -0.7794 0.1532 -0.6075
vn -0.7895 0.1982 -0.5808
vn -0.9593 0.1540 -0.2365
vn -0.9578 0.1108 -0.2654
vn -0.9578 0.1108 -0.2653
vn -0.9594 0.1540 -0.2365
vn -0.9856 0.0854 0.1461
vn -0.9921 0.0397 0.1188
vn -0.9688 0.1901 -0.1593
vn -0.9693 0.1220 0.2137
vn -0.8247 0.2395 -0.5124
vn -0.5049 0.2083 -0.8377
vn -0.4859 0.1628 -0.8587
vn -0.4860 0.1628 -0.8587
vn -0.5050 0.2083 -0.8376
vn -0.7895 0.1981 -0.5809
vn -0.5608 0.2546 -0.7879
vn -0.6353 0.1702 -0.7533
vn -0.5607 0.2546 -0.7879
vn -0.8608 0.0094 0.5089
vn -0.8729 -0.0477 0.4856
vn -0.5985 -0.0639 0.7986
vn -0.6153 -0.1365 0.7764
vn -0.8292 0.0567 0.5561
vn -0.5495 -0.0015 0.8355
vn 0.9831 -0.1370 -0.1217
vn 0.9814 -0.1155 -0.1536
vn 0.8567 -0.0413 -0.5141
vn 0.8707 -0.0586 -0.4883
vn 0.5966 0.0461 -0.8012
vn 0.6201 0.0215 -0.7842
vn 0.8161 -0.0058 -0.5778
vn 0.5371 0.0857 -0.8392
vn 0.9672 -0.0745 -0.2427
vn 0.1172 -0.2575 0.9591
vn 0.1476 -0.1799 0.9726
vn 0.5071 -0.2001 0.8384
vn 0.4746 -0.2702 0.8377
vn 0.7937 -0.1931 0.5769
vn 0.7656 -0.2499 0.5928
vn 0.5780 -0.1305 0.8056
vn 0.8531 -0.1288 0.5057
vn 0.2264 -0.1071 0.9681
vn -0.6152 -0.1365 0.7764
vn -0.2397 -0.1307 0.9620
vn -0.2642 -0.2107 0.9412
vn -0.1660 -0.0594 0.9843
vn 0.7657 -0.2499 0.5927
vn 0.7937 -0.1931 0.5768
vn 0.9598 -0.1653 0.2268
vn 0.9451 -0.2029 0.2562
vn 0.9856 -0.1113 0.1274
vn 0.8531 -0.1288 0.5056
vn 0.4297 0.1755 0.8858
vn 0.4350 -0.0943 0.8955
vn 0.7185 -0.0796 0.6910
vn 0.7272 0.1445 0.6711
vn 0.9089 -0.0481 0.4142
vn 0.9030 0.1306 0.4093
vn 0.6468 -0.4746 0.5969
vn 0.7184 -0.0796 0.6910
vn -0.2315 0.1880 0.9545
vn -0.2312 0.0115 0.9728
vn 0.1020 -0.0480 0.9936
vn 0.0794 0.1747 0.9814
vn 0.1020 -0.0481 0.9936
vn 0.0399 -0.4349 0.8996
vn -0.2312 0.0114 0.9728
vn -0.2180 -0.2623 0.9400
vn -0.0607 -0.8704 0.4886
vn -0.1579 -0.9672 0.1991
vn -0.5054 -0.4921 0.7088
vn -0.5997 -0.5511 0.5802
vn -0.2180 -0.2624 0.9400
vn -0.5547 0.0074 0.8320
vn -0.7104 -0.0134 0.7037
vn -0.5953 0.2541 0.7623
vn -0.5068 0.2492 0.8252
vn -0.2321 0.1907 0.9538
vn -0.5546 0.0074 0.8321
vn 0.9872 0.1564 -0.0304
vn 0.9784 0.1639 0.1263
vn 0.9933 -0.0770 0.0863
vn 0.9879 -0.1125 -0.1068
vn 0.8055 -0.5814 0.1149
vn 0.9089 -0.0482 0.4141
vn 0.8761 -0.2995 0.3778
vn 0.6802 0.4717 0.5610
vn 0.7179 0.4135 0.5601
vn 0.7179 0.4135 0.5600
vn 0.6803 0.4717 0.5610
vn 0.8603 0.3586 0.3623
vn 0.8878 0.3219 0.3288
vn 0.6780 0.4351 0.5924
vn 0.8479 0.3325 0.4129
vn 0.6779 0.4351 0.5925
vn -0.9345 -0.1478 -0.3240
vn -0.9336 -0.1479 -0.3264
vn -0.9924 -0.1228 0.0002
vn -0.9924 -0.1227 -0.0003
vn -0.7480 -0.1680 -0.6421
vn -0.9400 -0.1007 0.3261
vn -0.9392 -0.1005 0.3285
vn -0.7565 -0.0742 0.6498
vn -0.7564 -0.0742 0.6499
vn -0.0703 -0.0132 0.9974
vn -0.0747 -0.0132 0.9971
vn -0.1922 -0.0234 0.9811
vn -0.1933 -0.0233 0.9809
vn -0.4352 -0.1711 -0.8839
vn -0.4360 -0.1711 -0.8835
vn -0.1894 -0.1654 -0.9679
vn -0.1909 -0.1654 -0.9676
vn -0.4411 -0.0414 0.8965
vn -0.4418 -0.0415 0.8961
vn -0.0694 -0.1577 -0.9850
vn -0.0739 -0.1577 -0.9847
vn -0.0663 -0.0775 -0.9948
vn -0.1898 -0.0849 -0.9781
vn -0.7578 -0.0329 0.6516
vn -0.4393 -0.0017 0.8983
vn -0.1904 0.0169 0.9816
vn -0.4374 -0.0952 -0.8942
vn -0.7546 -0.1008 -0.6483
vn -0.0665 0.0259 0.9975
vn -0.9976 -0.0697 -0.0000
vn -0.9443 -0.0546 0.3244
vn -0.9421 -0.0883 -0.3234
vn -0.9463 -0.0319 -0.3218
vn -0.7572 -0.0361 -0.6522
vn -0.0635 -0.0017 -0.9980
vn -0.1882 -0.0089 -0.9821
vn -0.4355 0.0355 0.8995
vn -0.1879 0.0541 0.9807
vn -0.7575 0.0063 0.6528
vn -0.0636 0.0622 0.9960
vn -0.9466 -0.0112 0.3222
vn -0.4355 -0.0227 -0.8999
vn -0.7320 0.2706 -0.6252
vn -0.9159 0.2317 -0.3278
vn -0.9159 0.2317 -0.3277
vn -0.9178 0.2312 -0.3227
vn -0.9815 0.1913 0.0002
vn -0.1656 0.2629 -0.9505
vn -0.4197 0.2810 -0.8631
vn -0.7329 0.2706 -0.6242
vn -0.7320 0.2706 -0.6253
vn -0.1900 0.1041 0.9762
vn -0.0703 0.0862 0.9938
vn -0.7577 0.1531 0.6344
vn -0.4503 0.1280 0.8837
vn -0.4502 0.1280 0.8837
vn -0.0519 0.2392 -0.9696
vn -0.9816 0.1912 0.0001
vn -0.9291 0.1675 0.3298
vn -0.7578 0.1531 0.6343
vn -0.1656 0.2628 -0.9505
vn -0.7577 0.1530 0.6343
vn -0.1965 0.0651 0.9783
vn -0.1900 0.1042 0.9762
vn -0.7528 0.1718 -0.6354
vn -0.1657 0.2629 -0.9505
vn -0.9335 0.1311 -0.3338
vn -0.9954 0.0963 -0.0001
vn -0.9334 0.1311 -0.3339
vn -0.9399 0.0342 -0.3397
vn -1.0000 0.0064 -0.0001
vn -0.7606 0.0741 -0.6450
vn -0.9399 0.0342 -0.3398
vn -0.9373 -0.0852 -0.3381
vn -0.4476 -0.0582 -0.8923
vn -0.4472 0.1116 -0.8874
vn -0.1934 0.1244 -0.9732
vn -0.4472 0.1116 -0.8875
vn -0.0898 -0.0052 0.9959
vn -0.0901 0.0235 0.9957
vn -0.2000 0.0257 0.9795
vn -0.4485 -0.0270 0.8934
vn -0.4541 0.0178 0.8908
vn -0.7596 -0.0544 0.6481
vn -0.7644 0.0033 0.6448
vn -0.0845 0.1202 -0.9891
vn -0.0000 0.1156 -0.9933
vn -0.9382 -0.0735 0.3383
vn -0.9407 -0.0040 0.3393
vn -0.7607 0.0739 -0.6449
vn -0.7647 0.0736 -0.6402
vn -0.9412 0.0339 -0.3361
vn -0.4473 0.1116 -0.8874
vn -0.4514 0.1113 -0.8853
vn -0.1922 0.1245 -0.9734
vn -0.4513 0.1114 -0.8854
vn -0.0857 0.0233 0.9960
vn -0.2000 0.0256 0.9795
vn -0.7643 0.0033 0.6448
vn -0.7691 0.0034 0.6391
vn -0.7692 0.0034 0.6390
vn -1.0000 0.0059 -0.0001
vn -1.0000 0.0058 -0.0001
vn -0.9407 -0.0040 0.3392
vn 0.0702 -0.0486 -0.9963
vn 0.0183 -0.0437 -0.9989
vn 0.0182 -0.0437 -0.9989
vn 0.0702 -0.0486 -0.9964
vn -0.1447 0.0744 -0.9867
vn -0.1562 0.0762 -0.9848
vn -0.7391 0.2403 -0.6292
vn -0.7370 0.2400 -0.6318
vn -0.1590 0.0667 0.9850
vn -0.1474 0.0648 0.9869
vn 0.0685 -0.0589 0.9959
vn 0.0162 -0.0539 0.9984
vn -0.0000 -0.1509 0.9886
vn -0.7410 0.2342 0.6293
vn -0.7390 0.2337 0.6319
vn -0.4247 0.1464 0.8934
vn -0.4292 0.1474 0.8911
vn -0.9556 0.2947 0.0001
vn -0.4220 0.1550 -0.8933
vn -0.4265 0.1560 -0.8909
vn -0.4220 0.1550 -0.8932
vn -0.7370 0.2400 -0.6319
vn -0.7391 0.2403 -0.6293
vn -0.0000 -0.1455 -0.9894
vn -0.7351 0.2393 -0.6344
vn -0.1362 0.0630 0.9887
vn -0.7369 0.2332 0.6345
vn -0.1475 0.0648 0.9869
vn -0.9097 0.2816 0.3053
vn -0.7370 0.2332 0.6344
vn -0.4220 0.1551 -0.8932
vn -0.4175 0.1541 -0.8955
vn 0.9794 -0.1773 -0.0970
vn 0.7346 -0.3263 -0.5950
vn 0.9959 -0.0901 -0.0001
vn -0.9415 0.1432 -0.3052
vn -0.9395 0.1425 -0.3114
vn -0.9863 0.1649 -0.0000
vn -0.7720 0.0794 -0.6306
vn -0.7660 0.0777 -0.6381
vn -0.4597 -0.0115 -0.8880
vn -0.1570 -0.1009 -0.9824
vn 0.1828 -0.2299 -0.9559
vn 0.2297 -0.2366 -0.9441
vn 0.1845 -0.2196 0.9580
vn 0.7271 -0.3172 0.6088
vn -0.1544 -0.0903 0.9839
vn -0.4576 -0.0023 0.8891
vn -0.7709 0.0857 0.6312
vn 0.9796 -0.1762 0.0968
vn -0.9410 0.1462 0.3053
vn -0.9863 0.1649 0.0001
vn -0.9390 0.1456 0.3115
vn -0.9410 0.1462 0.3052
vn -0.7709 0.0858 0.6311
vn -0.4577 -0.0023 0.8891
vn -0.1483 -0.0190 0.9888
vn -0.1570 -0.1010 -0.9824
vn -0.9415 0.1432 -0.3051
vn -0.4100 0.2152 -0.8863
vn -0.7249 0.2849 -0.6272
vn -0.9497 0.3132 -0.0000
vn -0.9036 0.2997 0.3062
vn 0.0161 -0.0539 0.9984
vn 0.0008 -0.1448 0.9895
vn -0.9497 0.3132 -0.0001
vn -0.0253 0.2096 -0.9774
vn -0.0122 0.1820 -0.9832
vn -0.1415 0.2253 -0.9640
vn -0.8847 0.3480 -0.3101
vn -0.9416 0.3368 0.0001
vn -0.7081 0.3386 -0.6196
vn -0.8847 0.3480 -0.3102
vn -0.9024 0.2925 -0.3166
vn -0.0448 0.1003 0.9939
vn -0.0267 0.1130 0.9932
vn -0.1737 0.1310 0.9760
vn -0.1599 0.1548 0.9749
vn -0.4369 0.1757 0.8822
vn -0.4201 0.2176 0.8810
vn -0.7258 0.2888 0.6243
vn -0.8940 0.3220 0.3114
vn -0.7259 0.2888 0.6243
vn -0.8941 0.3220 0.3114
vn -0.3989 0.2847 -0.8717
vn -0.9416 0.3367 -0.0000
vn -0.0086 0.1120 0.9937
vn -0.1495 0.1536 0.9768
vn -0.4200 0.2179 0.8810
vn -0.4122 0.2165 0.8850
vn -0.8950 0.3223 0.3083
vn -0.9416 0.3368 0.0002
vn -0.7051 0.3385 -0.6231
vn -0.3988 0.2847 -0.8717
vn 0.9271 -0.2190 0.3041
vn 0.9363 -0.2111 0.2806
vn 0.9846 -0.1467 -0.0955
vn 0.9853 -0.1561 -0.0697
vn 0.7328 -0.2616 0.6282
vn 0.7491 -0.2558 0.6111
vn -0.3136 -0.2109 0.9259
vn -0.2893 -0.2109 0.9337
vn 0.0924 -0.2595 0.9613
vn 0.0678 -0.2613 0.9629
vn -0.6550 -0.1341 0.7436
vn -0.6355 -0.1353 0.7601
vn 0.4327 -0.2776 0.8577
vn 0.4536 -0.2740 0.8480
vn 0.7490 -0.2558 0.6112
vn 0.7327 -0.2616 0.6282
vn 0.0679 -0.2613 0.9629
vn 0.0925 -0.2595 0.9613
vn 0.4535 -0.2740 0.8481
vn 0.4326 -0.2776 0.8578
vn 0.8940 -0.0791 -0.4410
vn 0.8830 -0.0690 -0.4644
vn 0.6409 0.0115 -0.7676
vn 0.6607 0.0017 -0.7507
vn -0.8964 -0.0448 0.4411
vn -0.8850 -0.0462 0.4633
vn -0.9967 0.0416 0.0691
vn -0.9947 0.0406 0.0942
vn -0.8964 -0.0447 0.4410
vn -0.4445 0.1542 -0.8824
vn -0.4652 0.1585 -0.8709
vn -0.7650 0.1509 -0.6261
vn -0.7501 0.1486 -0.6443
vn -0.0690 0.1277 -0.9894
vn -0.0934 0.1342 -0.9865
vn -0.4651 0.1585 -0.8710
vn -0.4444 0.1542 -0.8825
vn -0.9438 0.1099 -0.3118
vn -0.9510 0.1104 -0.2888
vn -0.9947 0.0406 0.0941
vn -0.9968 0.0416 0.0690
vn 0.3204 0.0744 -0.9444
vn 0.2958 0.0829 -0.9516
vn 0.6606 0.0017 -0.7507
vn 0.6408 0.0116 -0.7676
vn 0.8205 -0.1419 0.5537
vn 0.9729 -0.1303 0.1908
vn 0.9776 -0.0949 -0.1876
vn -0.5800 -0.0016 0.8146
vn -0.2126 -0.0608 0.9752
vn 0.1787 -0.1112 0.9776
vn 0.5378 -0.1379 0.8317
vn 0.5379 -0.1379 0.8317
vn 0.8205 -0.1419 0.5538
vn 0.8418 -0.0248 -0.5392
vn 0.5738 0.0683 -0.8162
vn -0.9773 0.1231 0.1722
vn -0.8476 0.0575 0.5275
vn -0.1706 0.2193 -0.9606
vn -0.5240 0.2465 -0.8153
vn -0.5241 0.2465 -0.8152
vn -0.7995 0.2354 -0.5526
vn -0.9599 0.1896 -0.2064
vn 0.5737 0.0683 -0.8162
vn 0.2151 0.1565 -0.9640
vn 0.1171 -0.2575 0.9591
vn -0.6354 -0.1354 0.7602
vn -0.8850 -0.0463 0.4633
vn -0.8728 -0.0478 0.4857
vn -0.0935 0.1342 -0.9865
vn -0.1182 0.1407 -0.9830
vn -0.4651 0.1585 -0.8709
vn -0.9510 0.1103 -0.2888
vn 0.3203 0.0744 -0.9444
vn -0.7452 0.0178 -0.6666
vn -0.7502 0.1487 -0.6443
vn -0.9438 0.1099 -0.3119
vn -0.9427 0.0154 -0.3334
vn -0.9967 0.0416 0.0690
vn -0.9989 -0.0080 0.0466
vn -0.4444 0.1542 -0.8824
vn -0.4315 0.0032 -0.9021
vn -0.4316 0.0032 -0.9021
vn -0.7501 0.1487 -0.6444
vn 0.4221 -0.1997 0.8843
vn 0.7327 -0.2616 0.6283
vn 0.7312 -0.1928 0.6543
vn -0.3136 -0.2108 0.9259
vn -0.7256 -0.0481 0.6864
vn -0.7037 -0.0772 0.7062
vn -0.3745 -0.1049 0.9213
vn 0.0160 -0.1280 0.9916
vn -0.0110 -0.1041 0.9945
vn 0.0161 -0.1281 0.9916
vn 0.4039 -0.1405 0.9040
vn 0.7258 -0.1400 0.6735
vn 0.7287 -0.1303 0.6723
vn 0.9916 -0.1281 -0.0188
vn 0.9142 -0.1346 -0.3823
vn 0.6984 -0.1441 -0.7010
vn 0.6984 -0.1441 -0.7011
vn 0.3677 -0.1437 -0.9188
vn 0.3661 -0.2076 -0.9071
vn 0.3676 -0.1437 -0.9188
vn -0.0232 -0.1298 -0.9913
vn 0.7259 -0.1400 0.6734
vn 0.9285 -0.1317 0.3473
vn -0.9988 -0.0442 0.0192
vn -0.9201 -0.0536 0.3880
vn -0.9200 -0.0536 0.3881
vn -0.7038 -0.0772 0.7062
vn -0.0233 -0.1298 -0.9913
vn -0.4103 -0.1051 -0.9059
vn -0.7308 -0.0762 -0.6783
vn -0.9343 -0.0527 -0.3525
vn -0.9988 -0.0442 0.0191
vn 0.0332 -0.1279 0.9912
vn 0.4157 -0.1400 0.8986
vn 0.3524 -0.1425 -0.9250
vn 0.3676 -0.1438 -0.9188
vn -0.0367 -0.1285 -0.9910
vn -0.9985 -0.0435 0.0343
vn -0.9201 -0.0537 0.3881
vn -0.9200 -0.0537 0.3881
vn -0.9123 -0.0533 0.4060
vn -0.6888 -0.0772 0.7208
vn -0.0368 -0.1285 -0.9910
vn -0.4104 -0.1051 -0.9058
vn -0.7370 -0.0753 -0.6717
vn -0.9343 -0.0527 -0.3526
vn -0.9773 0.1231 0.1721
vn -0.9856 0.0854 0.1460
vn -0.5240 0.2466 -0.8152
vn -0.8607 0.0094 0.5089
vn -0.5801 -0.0016 0.8146
vn -0.8476 0.0575 0.5274
vn 0.5379 -0.1378 0.8317
vn 0.5378 -0.1378 0.8317
vn 0.5070 -0.2001 0.8384
vn 0.9763 0.1589 0.1467
vn 0.9016 0.1325 0.4118
vn 0.9024 0.1315 0.4105
vn 0.9774 0.1614 0.1365
vn 0.9882 0.1460 0.0473
vn 0.9885 0.1511 0.0104
vn -0.5104 0.2503 0.8227
vn -0.2318 0.1893 0.9542
vn -0.5086 0.2498 0.8240
vn -0.6389 0.2628 0.7230
vn -0.6162 0.2583 0.7440
vn 0.0994 0.1742 0.9797
vn 0.0891 0.1741 0.9807
vn 0.4301 0.1754 0.8856
vn 0.4309 0.1753 0.8852
vn 0.0993 0.1742 0.9797
vn 0.7140 0.1456 0.6849
vn 0.7208 0.1450 0.6778
vn 0.9023 0.1315 0.4105
vn 0.9015 0.1325 0.4119
vn -0.7515 0.0204 -0.6594
vn -0.7541 0.0210 -0.6564
vn -0.9526 0.0665 -0.2968
vn -0.9507 0.0657 -0.3030
vn -0.4161 -0.0209 -0.9091
vn -0.4213 -0.0203 -0.9067
vn -0.7540 0.0209 -0.6565
vn -0.7515 0.0204 -0.6595
vn -0.8197 0.1764 0.5449
vn -0.8312 0.1751 0.5277
vn -0.7309 0.2163 0.6473
vn -0.7111 0.2156 0.6692
vn -0.9341 0.1287 0.3329
vn -0.9347 0.1285 0.3314
vn 0.9574 0.0385 -0.2863
vn 0.9486 0.0371 -0.3142
vn 0.8526 -0.0185 -0.5223
vn 0.8578 -0.0180 -0.5137
vn 0.9897 0.0896 -0.1114
vn 0.9845 0.0909 -0.1498
vn -0.9932 0.0999 0.0599
vn -0.9928 0.1006 0.0656
vn -0.0084 -0.0434 -0.9990
vn -0.0158 -0.0430 -0.9990
vn 0.3877 -0.0495 -0.9204
vn 0.3838 -0.0494 -0.9221
vn 0.6866 -0.0425 -0.7258
vn 0.6833 -0.0426 -0.7289
vn 0.3839 -0.0494 -0.9221
vn 0.3878 -0.0495 -0.9204
vn -0.0083 -0.0434 -0.9990
vn -0.4161 -0.0208 -0.9091
vn -0.3878 0.0403 -0.9209
vn -0.4162 -0.0208 -0.9091
vn -0.7275 0.0796 -0.6815
vn 0.7139 0.1456 0.6849
vn 0.6780 0.4351 0.5925
vn 0.8479 0.3324 0.4129
vn 0.8879 0.3219 0.3288
vn 0.8604 0.3586 0.3622
vn 0.7272 0.1445 0.6710
vn -0.7541 0.0209 -0.6564
vn -0.4259 -0.0198 -0.9046
vn -0.0159 -0.0430 -0.9989
vn 0.8878 0.3219 0.3289
vn -0.0225 0.2976 0.9544
vn 0.3820 0.4686 0.7966
vn -0.3119 0.4105 0.8568
vn 0.7976 -0.5952 -0.0980
vt 0.609065 0.375000
vt 0.698979 0.375000
vt 0.699515 0.312500
vt 0.610393 0.312398
vt 0.769594 0.375000
vt 0.770410 0.312500
vt 0.779391 0.250000
vt 0.702196 0.250000
vt 0.625000 0.250000
vt 0.460938 0.641090
vt 0.505208 0.644541
vt 0.505208 0.576060
vt 0.460938 0.573822
vt 0.625000 0.654391
vt 0.625000 0.577195
vt 0.625000 0.500000
vt 0.504876 0.504273
vt 0.460772 0.503716
vt 0.459942 0.375000
vt 0.503217 0.375000
vt 0.503549 0.312017
vt 0.460108 0.312061
vt 0.504876 0.245727
vt 0.460772 0.246284
vt 0.460938 0.108910
vt 0.505208 0.105459
vt 0.504340 0.049423
vt 0.458767 0.051617
vt 0.625000 0.095609
vt 0.625000 0.047804
vt 0.625000 -0.000000
vt 0.500000 -0.000000
vt 0.437500 0.000000
vt 0.375000 0.750000
vt 0.387804 0.689419
vt 0.379340 0.687162
vt 0.375000 0.750000
vt 0.389323 0.627791
vt 0.380208 0.624508
vt 0.375000 0.616049
vt 0.375000 0.681346
vt 0.825971 0.375000
vt 0.826175 0.312500
vt 0.875000 0.375000
vt 0.875000 0.312500
vt 0.875000 0.250000
vt 0.827196 0.250000
vt 0.389323 0.249265
vt 0.389323 0.186469
vt 0.380208 0.189153
vt 0.380208 0.250074
vt 0.389323 0.124137
vt 0.380208 0.128062
vt 0.375000 0.158203
vt 0.375000 0.204102
vt 0.375000 0.250000
vt 0.505208 0.173940
vt 0.460938 0.176178
vt 0.625000 0.172804
vt 0.437500 0.750000
vt 0.500000 0.750000
vt 0.504340 0.700577
vt 0.458767 0.698383
vt 0.625000 0.750000
vt 0.625000 0.702195
vt 0.389323 0.564506
vt 0.380208 0.562146
vt 0.389323 0.500698
vt 0.380208 0.499877
vt 0.375000 0.497762
vt 0.375000 0.556066
vt 0.779391 0.500000
vt 0.827196 0.500000
vt 0.826175 0.437500
vt 0.770410 0.437500
vt 0.875000 0.500000
vt 0.875000 0.437500
vt 0.387804 0.061604
vt 0.379340 0.064202
vt 0.375000 0.000000
vt 0.375000 -0.000000
vt 0.375000 -0.000000
vt 0.375000 0.079101
vt 0.503549 0.437983
vt 0.460108 0.437939
vt 0.610393 0.437602
vt 0.702196 0.500000
vt 0.699515 0.437500
vt 0.375000 0.375000
vt 0.375000 0.312502
vt 0.375000 0.312500
vt 0.375000 0.375000
vt 0.375000 0.250000
vt 0.375000 0.312442
vt 0.375000 0.312385
vt 0.375000 0.375000
vt 0.375000 0.684778
vt 0.375000 0.685922
vt 0.375000 0.621041
vt 0.375000 0.622705
vt 0.375000 0.690589
vt 0.375000 0.629493
vt 0.375000 0.636281
vt 0.375000 0.695256
vt 0.375000 0.193482
vt 0.375000 0.189942
vt 0.375000 0.136102
vt 0.375000 0.128735
vt 0.375000 0.183006
vt 0.375000 0.115438
vt 0.375000 0.102141
vt 0.375000 0.176070
vt 0.375000 0.068482
vt 0.375000 0.064942
vt 0.375000 0.058006
vt 0.375000 0.051070
vt 0.389323 0.375000
vt 0.389323 0.312365
vt 0.380208 0.312452
vt 0.380208 0.375000
vt 0.375000 0.312507
vt 0.389323 0.437587
vt 0.380208 0.437485
vt 0.375000 0.437220
vt 0.375000 0.643324
vt 0.375000 0.575671
vt 0.375000 0.577358
vt 0.375000 0.645672
vt 0.375000 0.504581
vt 0.375000 0.505168
vt 0.375000 0.577957
vt 0.375000 0.505376
vt 0.375000 0.505446
vt 0.375000 0.578157
vt 0.375000 0.646506
vt 0.375000 0.646783
vt 0.375000 0.312127
vt 0.375000 0.312040
vt 0.375000 0.246554
vt 0.375000 0.245406
vt 0.375000 0.312299
vt 0.375000 0.248851
vt 0.375000 0.312385
vt 0.375000 0.375000
vt 0.375000 0.172583
vt 0.375000 0.171420
vt 0.375000 0.101368
vt 0.375000 0.101110
vt 0.375000 0.167243
vt 0.375000 0.086554
vt 0.375000 0.081702
vt 0.375000 0.165851
vt 0.375000 0.047927
vt 0.375000 0.046880
vt 0.375000 0.042358
vt 0.375000 0.040851
vt 0.375000 0.559655
vt 0.375000 0.560851
vt 0.375000 0.499010
vt 0.375000 0.499426
vt 0.375000 0.565729
vt 0.375000 0.501123
vt 0.375000 0.502820
vt 0.375000 0.570608
vt 0.375000 0.437376
vt 0.375000 0.437428
vt 0.375000 0.437640
vt 0.375000 0.437852
vt 0.375000 0.312443
vt 0.000000 1.000000
vt 0.375000 0.171564
vt 0.375000 0.177277
vt 0.375000 0.095533
vt 0.375000 0.109365
vt 0.375000 0.125000
vt 0.375000 0.187500
vt 0.375000 0.046564
vt 0.375000 0.052277
vt 0.375000 0.062500
vt 0.375000 0.438073
vt 0.375000 0.438146
vt 0.375000 0.438172
vt 0.375000 0.438181
vt 0.375000 0.700098
vt 0.375000 0.701712
vt 0.375000 0.702285
vt 0.375000 0.702476
vt 0.375000 0.501203
vt 0.375000 0.437650
vt 0.375000 0.437519
vt 0.375000 0.500150
vt 0.375000 0.375000
vt 0.375000 0.437505
vt 0.375000 0.375000
vt 0.375000 0.437500
vt 0.375000 0.500038
vt 0.375000 0.500000
vt 0.375000 0.629811
vt 0.375000 0.565958
vt 0.375000 0.562932
vt 0.375000 0.625601
vt 0.375000 0.562608
vt 0.375000 0.562500
vt 0.375000 0.625150
vt 0.375000 0.625000
vt 0.375000 0.250000
vt 0.375000 0.312500
vt 0.375000 0.699852
vt 0.375000 0.697227
vt 0.375000 0.642966
vt 0.375000 0.639149
vt 0.375000 0.690807
vt 0.375000 0.575413
vt 0.375000 0.572669
vt 0.375000 0.504492
vt 0.375000 0.503537
vt 0.375000 0.438061
vt 0.375000 0.437942
vt 0.375000 0.187500
vt 0.375000 0.187500
vt 0.375000 0.250000
vt 0.375000 0.125000
vt 0.375000 0.187066
vt 0.375000 0.250000
vt 0.375000 0.062500
vt 0.375000 0.687913
vt 0.375000 0.687603
vt 0.375000 0.687500
vt 0.375000 0.750000
vt 0.375000 0.125000
vt 0.375000 0.062500
vt 0.125000 0.250000
vt 0.186615 0.260634
vt 0.187303 0.252170
vt 0.125000 0.250000
vt 0.248712 0.261719
vt 0.249714 0.252604
vt 0.250000 0.250000
vt 0.187500 0.250000
vt 0.125000 0.250000
vt 0.375000 0.750000
vt 0.375000 0.687500
vt 0.375000 0.625000
vt 0.375000 0.625000
vt 0.375000 0.687500
vt 0.374648 0.500000
vt 0.373225 0.437500
vt 0.372633 0.437500
vt 0.374530 0.500000
vt 0.372832 0.375000
vt 0.372110 0.375000
vt 0.351877 0.375000
vt 0.354329 0.437500
vt 0.375000 0.500000
vt 0.375000 0.312500
vt 0.375000 0.312934
vt 0.375000 0.562500
vt 0.375000 0.500000
vt 0.375000 0.437500
vt 0.240843 0.375000
vt 0.303314 0.375000
vt 0.305165 0.315104
vt 0.243418 0.315104
vt 0.352521 0.315104
vt 0.353594 0.270833
vt 0.308250 0.270833
vt 0.247711 0.270833
vt 0.125000 0.375000
vt 0.181204 0.375000
vt 0.182975 0.314670
vt 0.125000 0.312500
vt 0.185926 0.269097
vt 0.125000 0.250000
vt 0.125000 0.500000
vt 0.187500 0.500000
vt 0.183172 0.437500
vt 0.125000 0.437500
vt 0.250000 0.500000
vt 0.243704 0.437500
vt 0.312500 0.500000
vt 0.305805 0.437500
vt 0.375000 0.239776
vt 0.375000 0.186029
vt 0.375000 0.184992
vt 0.375000 0.229552
vt 0.375000 0.125000
vt 0.375000 0.183545
vt 0.375000 0.218750
vt 0.372893 0.314236
vt 0.372190 0.314670
vt 0.372993 0.263997
vt 0.372324 0.268663
vt 0.375000 0.687500
vt 0.375000 0.687500
vt 0.375000 0.500000
vt 0.375000 0.437500
vt 0.375000 0.500000
vt 0.375000 0.437500
vt 0.375000 0.375000
vt 0.375000 0.312500
vt 0.375000 0.312500
vt 0.375000 0.250000
vt 0.375000 0.250000
vt 0.375000 0.312500
vt 0.375000 0.125000
vt 0.375000 0.062500
vt 0.375000 0.125000
vt 0.375000 0.187500
vt 0.375000 0.187500
vt 0.375000 0.062500
vt 0.375000 -0.000000
vt 0.374674 0.226526
vt 0.375000 0.184630
vt 0.375000 0.184992
vt 0.374566 0.229118
vt 0.309187 0.261719
vt 0.310124 0.252604
vt 0.354713 0.261502
vt 0.355831 0.252170
vt 0.312500 0.250000
vt 0.372573 0.258295
vt 0.372821 0.247926
vt 0.374393 0.244406
vt 0.374455 0.234146
vt 0.374892 0.221342
vt 0.407552 0.437792
vt 0.407552 0.375000
vt 0.398438 0.375000
vt 0.398437 0.437690
vt 0.407552 0.502339
vt 0.398438 0.501518
vt 0.407552 0.312192
vt 0.407552 0.247649
vt 0.398437 0.248457
vt 0.398437 0.312278
vt 0.404731 0.056408
vt 0.396267 0.059006
vt 0.407552 0.116286
vt 0.398438 0.120212
vt 0.407552 0.569225
vt 0.398437 0.566865
vt 0.407552 0.634356
vt 0.398438 0.631073
vt 0.407552 0.181100
vt 0.398437 0.183785
vt 0.404731 0.693932
vt 0.396267 0.691676
vt 0.375000 0.750000
vt 0.413194 0.696189
vt 0.416667 0.637639
vt 0.416667 0.246840
vt 0.416667 0.178416
vt 0.416667 0.112361
vt 0.416667 0.571584
vt 0.416667 0.503160
vt 0.413194 0.053811
vt 0.416667 0.375000
vt 0.416667 0.312105
vt 0.416667 0.437895
vt 0.438387 0.437917
vt 0.438304 0.375000
vt 0.438719 0.503438
vt 0.435981 0.697286
vt 0.438802 0.639365
vt 0.406250 0.750000
vt 0.438802 0.177297
vt 0.438802 0.110635
vt 0.438719 0.246562
vt 0.435981 0.052713
vt 0.406250 0.000000
vt 0.438387 0.312083
vt 0.438802 0.572703
vt 0.375000 0.500275
vt 0.375000 0.437534
vt 0.375000 0.626099
vt 0.375000 0.563290
vt 0.375000 0.122087
vt 0.375000 0.061474
vt 0.375000 0.186474
vt 0.375000 0.688256
vt 0.375000 0.312471
vt 0.375000 0.437324
vt 0.375000 0.498594
vt 0.375000 0.558458
vt 0.375000 0.619377
vt 0.375000 0.000000
vt 0.375000 0.072022
vt 0.375000 0.143469
vt 0.375000 0.197022
vt 0.375000 0.683634
vt 0.375000 0.312503
vt 0.375000 0.701903
vt 0.375000 0.702094
vt 0.375000 0.645950
vt 0.375000 0.646228
vt 0.375000 0.505237
vt 0.375000 0.438155
vt 0.375000 0.438163
vt 0.375000 0.505307
vt 0.375000 0.096258
vt 0.375000 0.045372
vt 0.375000 0.043865
vt 0.375000 0.091406
vt 0.375000 0.246554
vt 0.375000 0.170028
vt 0.375000 0.168636
vt 0.375000 0.247703
vt 0.375000 0.312127
vt 0.375000 0.312213
vt 0.375000 0.577558
vt 0.375000 0.577757
vt 0.375000 0.438121
vt 0.375000 0.504969
vt 0.375000 0.576785
vt 0.375000 0.644875
vt 0.375000 0.701164
vt 0.375000 0.043707
vt 0.375000 0.000000
vt 0.375000 0.088618
vt 0.375000 0.168707
vt 0.375000 0.312414
vt 0.375000 0.640977
vt 0.375000 0.698484
vt 0.375000 0.375000
vt 0.375000 0.437999
vt 0.375000 0.503994
vt 0.375000 0.048975
vt 0.375000 0.101626
vt 0.375000 0.173745
vt 0.375000 0.312213
vt 0.375000 0.573983
vt 0.375000 0.187500
vt 0.375000 0.250000
vt 0.375000 0.062500
vt 0.375000 0.312500
vt 0.375000 0.437500
vt 0.375000 0.250000
vt 0.375000 0.187500
vt 0.375000 0.062500
vt 0.375000 0.562500
vt 0.375000 0.500000
vt 0.375000 0.687500
vt 0.375000 0.250000
vt 0.375000 0.062500
vt 0.375000 0.687707
vt 0.375000 0.625301
vt 0.375000 0.562716
vt 0.375000 0.500075
vt 0.375000 0.437509
vt 0.373366 0.243333
vt 0.373910 0.238739
vt 0.374783 0.223934
vt 0.373179 0.253665
vt 0.373786 0.249035
vt 0.375000 0.183907
vt 0.375000 0.125000
vt 0.375000 0.125000
vt 0.375000 0.184269
vt 0.374883 0.500000
vt 0.374765 0.500000
vt 0.375000 0.625000
vt 0.374298 0.313368
vt 0.374331 0.254666
vt 0.373662 0.259332
vt 0.373595 0.313802
vt 0.374277 0.375000
vt 0.373555 0.375000
vt 0.374408 0.437500
vt 0.373817 0.437500
vt 0.375000 0.687500
s 1
usemtl Scene_-_Root
f 1993/568/1660 2170/569/1661 2427/570/1662
f 1993/568/1660 2427/570/1662 2144/571/1663
f 2170/569/1661 1994/572/1664 2155/573/1665
f 2170/569/1661 2155/573/1665 2427/570/1662
f 2427/570/1662 2155/573/1665 1988/574/1666
f 2427/570/1662 1988/574/1666 2153/575/1667
f 2144/571/1663 2427/570/1662 2153/575/1667
f 2144/571/1663 2153/575/1667 1981/576/1668
f 2580/577/1669 2158/578/1670 2428/579/1671
f 2580/577/1669 2428/579/1671 2582/580/1672
f 2158/578/1670 1986/581/1673 2141/582/1674
f 2158/578/1670 2141/582/1674 2428/579/1671
f 2428/579/1671 2141/582/1674 1983/583/1675
f 2428/579/1671 1983/583/1675 2142/584/1676
f 2582/580/1672 2428/579/1671 2142/584/1676
f 2582/580/1672 2142/584/1676 2577/585/1677
f 2581/586/1678 2169/587/1679 2429/588/1680
f 2581/586/1678 2429/588/1680 2583/589/1681
f 2169/587/1679 1993/568/1660 2144/571/1663
f 2169/587/1679 2144/571/1663 2429/588/1680
f 2429/588/1680 2144/571/1663 1981/576/1668
f 2429/588/1680 1981/576/1668 2145/590/1682
f 2583/589/1681 2429/588/1680 2145/590/1682
f 2583/589/1681 2145/590/1682 2578/591/1683
f 2579/592/1684 2157/593/1685 2430/594/1686
f 2579/592/1684 2430/594/1686 2584/595/1687
f 2157/593/1685 1989/596/1688 2148/597/1689
f 2157/593/1685 2148/597/1689 2430/594/1686
f 2430/594/1686 2148/597/1689 1972/598/1690
f 2430/594/1686 1972/598/1690 2134/599/1691
f 2584/595/1687 2430/594/1686 2134/599/1691
f 2584/595/1687 2134/599/1691 2574/600/1692
f 2616/601/1693 2607/602/1694 2431/603/1695
f 2616/601/1693 2431/603/1695 2202/604/1696
f 2607/602/1694 2613/605/1697 2156/606/1698
f 2607/602/1694 2156/606/1698 2431/603/1695
f 2431/603/1695 2156/606/1698 2003/607/1699
f 2431/603/1695 2003/607/1699 2175/608/1700
f 2201/604/1696 2431/603/1695 2175/608/1700
f 2201/604/1696 2175/608/1700 2007/601/1701
f 1994/572/1664 2166/609/1702 2432/610/1703
f 1994/572/1664 2432/610/1703 2155/573/1665
f 2166/609/1702 1990/611/1704 2159/612/1705
f 2166/609/1702 2159/612/1705 2432/610/1703
f 2432/610/1703 2159/612/1705 1970/613/1690
f 2432/610/1703 1970/613/1690 2147/614/1706
f 2155/573/1665 2432/610/1703 2147/614/1706
f 2155/573/1665 2147/614/1706 1988/574/1666
f 2615/615/1707 2608/616/1708 2433/617/1709
f 2615/615/1707 2433/617/1709 2198/618/1710
f 2608/616/1708 2614/619/1711 2165/620/1712
f 2608/616/1708 2165/620/1712 2433/617/1709
f 2433/617/1709 2165/620/1712 2012/621/1713
f 2433/617/1709 2012/621/1713 2179/622/1714
f 2198/618/1710 2433/617/1709 2179/622/1714
f 2198/618/1710 2179/622/1714 2014/623/1715
f 2578/591/1683 2145/590/1682 2434/624/1716
f 2578/591/1683 2434/624/1716 2585/625/1717
f 2145/590/1682 1981/576/1668 2154/626/1718
f 2145/590/1682 2154/626/1718 2434/624/1716
f 2434/624/1716 2154/626/1718 1989/596/1688
f 2434/624/1716 1989/596/1688 2157/593/1685
f 2585/625/1717 2434/624/1716 2157/593/1685
f 2585/625/1717 2157/593/1685 2579/592/1684
f 2576/627/1719 2138/628/1720 2435/629/1721
f 2576/627/1719 2435/629/1721 2586/630/1722
f 2138/628/1720 1978/631/1723 2151/632/1724
f 2138/628/1720 2151/632/1724 2435/629/1721
f 2435/629/1721 2151/632/1724 1986/581/1673
f 2435/629/1721 1986/581/1673 2158/578/1670
f 2586/630/1722 2435/629/1721 2158/578/1670
f 2586/630/1722 2158/578/1670 2580/577/1669
f 2613/605/1697 2609/633/1725 2436/634/1726
f 2613/605/1697 2436/634/1726 2156/606/1698
f 2609/633/1725 2603/635/1727 2164/636/1728
f 2609/633/1725 2164/636/1728 2436/634/1726
f 2436/634/1726 2164/636/1728 2010/637/1729
f 2436/634/1726 2010/637/1729 2180/638/1730
f 2156/606/1698 2436/634/1726 2180/638/1730
f 2156/606/1698 2180/638/1730 2003/607/1699
f 1985/639/1731 2150/640/1732 2437/641/1733
f 1985/639/1731 2437/641/1733 2163/642/1734
f 2150/640/1732 1976/643/1735 2135/644/1736
f 2150/640/1732 2135/644/1736 2437/641/1733
f 2437/641/1733 2135/644/1736 1990/611/1704
f 2437/641/1733 1990/611/1704 2166/609/1702
f 2163/642/1734 2437/641/1733 2166/609/1702
f 2163/642/1734 2166/609/1702 1994/572/1664
f 2614/619/1711 2610/645/1737 2438/646/1738
f 2614/619/1711 2438/646/1738 2165/620/1712
f 2610/645/1737 2606/647/1739 2168/648/1740
f 2610/645/1737 2168/648/1740 2438/646/1738
f 2438/646/1738 2168/648/1740 2001/649/1741
f 2438/646/1738 2001/649/1741 2183/650/1742
f 2165/620/1712 2438/646/1738 2183/650/1742
f 2165/620/1712 2183/650/1742 2012/621/1713
f 2577/585/1677 2142/584/1676 2439/651/1743
f 2577/585/1677 2439/651/1743 2587/652/1744
f 2142/584/1676 1983/583/1675 2162/653/1745
f 2142/584/1676 2162/653/1745 2439/651/1743
f 2439/651/1743 2162/653/1745 1993/568/1660
f 2439/651/1743 1993/568/1660 2169/587/1679
f 2587/652/1744 2439/651/1743 2169/587/1679
f 2587/652/1744 2169/587/1679 2581/586/1678
f 1983/583/1675 2140/654/1746 2440/655/1747
f 1983/583/1675 2440/655/1747 2162/653/1745
f 2140/654/1746 1985/639/1731 2163/642/1734
f 2140/654/1746 2163/642/1734 2440/655/1747
f 2440/655/1747 2163/642/1734 1994/572/1664
f 2440/655/1747 1994/572/1664 2170/569/1661
f 2162/653/1745 2440/655/1747 2170/569/1661
f 2162/653/1745 2170/569/1661 1993/568/1660
f 2729/656/1748 2707/657/1749 2441/658/1750
f 2729/656/1748 2441/658/1750 2225/659/1751
f 2707/657/1749 2726/660/1752 2193/660/1753
f 2707/657/1749 2193/660/1753 2441/658/1750
f 2633/661/1754 2625/623/1755 2028/623/1756
f 2633/661/1754 2028/623/1756 2216/662/1757
f 2627/663/1758 2632/661/1759 2216/662/1760
f 2627/663/1758 2216/662/1760 2022/659/1761
f 2725/601/1762 2711/664/1763 2442/665/1764
f 2725/601/1762 2442/665/1764 2186/604/1765
f 2711/664/1763 2704/666/1766 2192/667/1767
f 2711/664/1763 2192/667/1767 2442/665/1764
f 2634/668/1768 2622/669/1769 2018/670/1770
f 2634/668/1768 2018/670/1770 2131/671/1771
f 2619/601/1772 2634/668/1768 2131/671/1771
f 2619/601/1772 2131/671/1771 2019/601/1773
f 2726/660/1774 2713/672/1775 2443/673/1776
f 2726/660/1774 2443/673/1776 2194/660/1777
f 2715/672/1778 2728/674/1779 2196/675/1780
f 2715/672/1778 2196/675/1780 2443/673/1781
f 2637/676/1782 2626/677/1783 2026/678/1784
f 2637/676/1782 2026/678/1784 2207/679/1785
f 2625/623/1786 2636/676/1782 2206/679/1787
f 2625/623/1786 2206/679/1787 2029/623/1788
f 2728/674/1779 2717/680/1789 2445/681/1790
f 2728/674/1779 2445/681/1790 2196/675/1780
f 2717/680/1789 2702/647/1791 2189/648/1792
f 2717/680/1789 2189/648/1792 2445/681/1790
f 2638/682/1793 2621/649/1794 1996/649/1795
f 2638/682/1793 1996/649/1795 2210/683/1796
f 2626/677/1783 2638/682/1793 2210/683/1796
f 2626/677/1783 2210/683/1796 2026/678/1784
f 2618/684/1797 2611/685/1798 2446/686/1799
f 2618/684/1797 2446/686/1799 2203/687/1800
f 2611/685/1798 2615/615/1707 2198/618/1710
f 2611/685/1798 2198/618/1710 2446/686/1799
f 2446/686/1799 2198/618/1710 2014/623/1715
f 2446/686/1799 2014/623/1715 2191/688/1801
f 2203/687/1800 2446/686/1799 2191/688/1801
f 2203/687/1800 2191/688/1801 2008/659/1802
f 2603/635/1727 2612/689/1803 2447/690/1804
f 2603/635/1727 2447/690/1804 2164/636/1728
f 2612/689/1803 2618/684/1797 2203/687/1800
f 2612/689/1803 2203/687/1800 2447/690/1804
f 2447/690/1804 2203/687/1800 2008/659/1802
f 2447/690/1804 2008/659/1802 2177/691/1805
f 2164/636/1728 2447/690/1804 2177/691/1805
f 2164/636/1728 2177/691/1805 2010/637/1729
f 2946/692/1806 2925/693/1807 2448/694/1808
f 2946/692/1806 2448/694/1808 2254/695/1809
f 2927/693/1810 2922/696/1811 2252/697/1812
f 2927/693/1810 2252/697/1812 2448/694/1813
f 2780/698/1814 2765/699/1815 2036/700/1816
f 2780/698/1814 2036/700/1816 2235/701/1817
f 2775/702/1818 2781/698/1819 2236/701/1820
f 2775/702/1818 2236/701/1820 1997/703/1821
f 2939/656/1822 2929/704/1823 2450/705/1824
f 2939/656/1822 2450/705/1824 2214/659/1825
f 2929/704/1823 2941/706/1826 2217/707/1827
f 2929/704/1823 2217/707/1827 2450/705/1824
f 2782/708/1828 2769/709/1829 2040/623/1830
f 2782/708/1828 2040/623/1830 2241/710/1831
f 2768/711/1832 2784/708/1833 2242/710/1831
f 2768/711/1832 2242/710/1831 2035/659/1834
f 2940/706/1835 2931/712/1836 2453/713/1837
f 2940/706/1835 2453/713/1837 2218/707/1838
f 2930/712/1839 2945/714/1840 2220/715/1841
f 2930/712/1839 2220/715/1841 2451/713/1837
f 2787/716/1842 2773/717/1843 2038/718/1844
f 2787/716/1842 2038/718/1844 2234/719/1845
f 2769/709/1829 2786/716/1846 2231/719/1847
f 2769/709/1829 2231/719/1847 2040/623/1830
f 2944/714/1848 2933/720/1849 2455/721/1850
f 2944/714/1848 2455/721/1850 2220/715/1851
f 2932/720/1849 2920/649/1852 2223/648/1853
f 2932/720/1849 2223/648/1853 2454/721/1850
f 2788/722/1854 2763/649/1855 2032/649/1856
f 2788/722/1854 2032/649/1856 2238/723/1857
f 2773/717/1843 2789/722/1854 2237/723/1857
f 2773/717/1843 2237/723/1857 2038/718/1844
f 2704/666/1766 2720/724/1858 2457/725/1859
f 2704/666/1766 2457/725/1859 2192/667/1767
f 2721/724/1860 2705/726/1861 2226/727/1862
f 2721/724/1860 2226/727/1862 2456/725/1859
f 2639/728/1863 2630/729/1864 2023/730/1865
f 2639/728/1863 2023/730/1865 2208/731/1866
f 2623/669/1769 2640/728/1867 2209/731/1866
f 2623/669/1769 2209/731/1866 2017/670/1770
f 2705/726/1861 2723/732/1868 2459/733/1869
f 2705/726/1861 2459/733/1869 2226/727/1862
f 2723/732/1868 2729/656/1748 2225/659/1751
f 2723/732/1868 2225/659/1751 2459/733/1869
f 2641/734/1870 2627/663/1758 2022/659/1761
f 2641/734/1870 2022/659/1761 2204/735/1871
f 2630/729/1864 2641/734/1870 2204/735/1871
f 2630/729/1864 2204/735/1871 2023/730/1865
f 2805/659/1872 2814/736/1873 2462/658/1874
f 2805/659/1872 2462/658/1874 2284/659/1875
f 2814/736/1873 2797/623/1876 2244/660/1877
f 2814/736/1873 2244/660/1877 2462/658/1874
f 2461/658/1874 2243/660/1878 2057/623/1879
f 2461/658/1874 2057/623/1879 2277/658/1880
f 2284/659/1875 2462/658/1874 2277/658/1881
f 2284/659/1875 2277/658/1881 2050/659/1882
f 2801/737/1883 2815/737/1884 2463/737/1885
f 2801/737/1883 2463/737/1885 2251/737/1886
f 2815/737/1884 2796/737/1887 2239/737/1888
f 2815/737/1884 2239/737/1888 2463/737/1885
f 2463/737/1885 2239/737/1888 2045/737/1889
f 2463/737/1885 2045/737/1889 2260/737/1890
f 2251/737/1886 2463/737/1885 2260/737/1890
f 2251/737/1886 2260/737/1890 2048/737/1891
f 2797/623/1876 2816/738/1892 2464/739/1893
f 2797/623/1876 2464/739/1893 2244/660/1877
f 2816/738/1892 2798/740/1894 2247/741/1895
f 2816/738/1892 2247/741/1895 2464/739/1893
f 2465/739/1896 2248/741/1895 2055/742/1897
f 2465/739/1896 2055/742/1897 2266/743/1898
f 2245/660/1899 2464/739/1900 2265/743/1901
f 2245/660/1899 2265/743/1901 2058/623/1902
f 2798/740/1894 2818/744/1903 2466/745/1904
f 2798/740/1894 2466/745/1904 2247/741/1895
f 2817/744/1903 2800/649/1905 2249/648/1906
f 2817/744/1903 2249/648/1906 2466/745/1907
f 2466/745/1907 2250/648/1906 2047/649/1908
f 2466/745/1907 2047/649/1908 2271/746/1909
f 2246/741/1895 2466/745/1910 2273/746/1911
f 2246/741/1895 2273/746/1911 2055/742/1912
f 2922/696/1811 2934/747/1913 2467/748/1914
f 2922/696/1811 2467/748/1914 2252/697/1812
f 2935/747/1913 2939/656/1822 2214/659/1825
f 2935/747/1913 2214/659/1825 2468/748/1915
f 2793/749/1916 2768/711/1832 2035/659/1834
f 2793/749/1916 2035/659/1834 2230/750/1917
f 2765/699/1815 2791/749/1918 2229/750/1919
f 2765/699/1815 2229/750/1919 2036/700/1816
f 2948/604/1920 2936/751/1921 2469/752/1922
f 2948/604/1920 2469/752/1922 2257/604/1923
f 2936/751/1921 2947/692/1806 2255/695/1809
f 2936/751/1921 2255/695/1809 2469/752/1922
f 2794/753/1924 2774/702/1925 1998/703/1821
f 2794/753/1924 1998/703/1821 2171/754/1926
f 2777/601/1927 2795/753/1924 2172/754/1928
f 2777/601/1927 2172/754/1928 2016/601/1929
f 2054/755/1930 2263/756/1931 2470/757/1932
f 2054/755/1930 2470/757/1932 2315/758/1933
f 2261/756/1934 2049/659/1935 2275/759/1936
f 2261/756/1934 2275/759/1936 2471/757/1937
f 3128/760/1938 3117/656/1939 2067/761/1940
f 3128/760/1938 2067/761/1940 2298/762/1941
f 3115/763/1942 3129/760/1943 2295/762/1944
f 3115/763/1942 2295/762/1944 2069/764/1945
f 2041/765/1946 2269/766/1947 2473/767/1948
f 2041/765/1946 2473/767/1948 2316/768/1949
f 2268/766/1950 2051/755/1951 2314/758/1952
f 2268/766/1950 2314/758/1952 2472/767/1953
f 3131/769/1954 3113/763/1955 2069/764/1956
f 3131/769/1954 2069/764/1956 2301/770/1957
f 3121/771/1958 3130/769/1959 2301/770/1960
f 3121/771/1958 2301/770/1960 2060/772/1961
f 2050/659/1882 2277/658/1881 2475/658/1962
f 2050/659/1882 2475/658/1962 2274/759/1963
f 2277/658/1964 2059/623/1965 2278/773/1966
f 2277/658/1964 2278/773/1966 2474/658/1967
f 3134/774/1968 3110/660/1969 2073/773/1970
f 3134/774/1968 2073/773/1970 2308/658/1971
f 3117/656/1939 3134/774/1968 2308/658/1971
f 3117/656/1939 2308/658/1971 2067/761/1940
f 2048/737/1891 2260/737/1890 2476/737/1972
f 2048/737/1891 2476/737/1972 2282/737/1973
f 2260/737/1890 2045/737/1889 2283/737/1974
f 2260/737/1890 2283/737/1974 2476/737/1972
f 3137/737/1975 3112/737/1976 2064/737/1977
f 3137/737/1975 2064/737/1977 2294/737/1978
f 3120/737/1979 3137/737/1975 2294/737/1978
f 3120/737/1979 2294/737/1978 2065/737/1980
f 2809/601/1981 2820/775/1982 2478/776/1983
f 2809/601/1981 2478/776/1983 2288/604/1984
f 2820/775/1982 2807/777/1985 2286/778/1986
f 2820/775/1982 2286/778/1986 2478/776/1983
f 2478/776/1983 2286/778/1986 2041/765/1946
f 2478/776/1983 2041/765/1946 2259/779/1987
f 2287/604/1984 2477/776/1983 2258/779/1988
f 2287/604/1984 2258/779/1988 2042/601/1989
f 2806/777/1985 2821/780/1990 2479/781/1991
f 2806/777/1985 2479/781/1991 2285/778/1992
f 2821/780/1990 2812/782/1993 2291/783/1994
f 2821/780/1990 2291/783/1994 2479/781/1991
f 2480/781/1991 2290/783/1995 2052/755/1951
f 2480/781/1991 2052/755/1951 2269/766/1947
f 2286/778/1986 2480/781/1991 2269/766/1947
f 2286/778/1986 2269/766/1947 2041/765/1946
f 2812/782/1993 2823/784/1996 2482/785/1997
f 2812/782/1993 2482/785/1997 2291/783/1994
f 2823/784/1996 2804/659/1998 2284/659/1999
f 2823/784/1996 2284/659/1999 2481/785/2000
f 2483/785/2000 2284/659/1999 2049/659/1882
f 2483/785/2000 2049/659/1882 2264/756/1934
f 2291/783/1994 2482/785/1997 2262/756/1931
f 2291/783/1994 2262/756/1931 2053/755/2001
f 2796/737/1887 2825/737/2002 2484/737/2003
f 2796/737/1887 2484/737/2003 2239/737/1888
f 2825/737/2002 2810/737/2004 2289/737/2005
f 2825/737/2002 2289/737/2005 2484/737/2003
f 2484/737/2003 2289/737/2005 2044/737/1989
f 2484/737/2003 2044/737/1989 2276/737/2006
f 2239/737/1888 2484/737/2003 2276/737/2006
f 2239/737/1888 2276/737/2006 2045/737/1889
f 2109/737/2007 2401/737/2008 2485/737/2009
f 2109/737/2007 2485/737/2009 2310/737/2010
f 2401/737/2008 2110/737/2011 2380/737/2012
f 2401/737/2008 2380/737/2012 2485/737/2009
f 2485/737/2009 2380/737/2012 2081/737/2013
f 2485/737/2009 2081/737/2013 2324/737/2014
f 2310/737/2010 2485/737/2009 2324/737/2014
f 2310/737/2010 2324/737/2014 2083/737/2015
f 2113/773/2016 2400/786/2017 2487/787/2018
f 2113/773/2016 2487/787/2018 2383/788/2019
f 2400/786/2017 2094/742/2020 2375/789/2021
f 2400/786/2017 2375/789/2021 2487/787/2018
f 2486/787/2022 2376/789/2021 2087/742/2023
f 2486/787/2022 2087/742/2023 2326/790/2024
f 2384/788/2025 2486/787/2022 2326/790/2024
f 2384/788/2025 2326/790/2024 2092/791/2026
f 2093/742/2027 2398/746/2028 2488/792/2029
f 2093/742/2027 2488/792/2029 2374/789/2030
f 2398/746/2028 2108/647/2031 2309/648/2032
f 2398/746/2028 2309/648/2032 2488/792/2029
f 2488/792/2029 2309/648/2032 2082/649/2033
f 2488/792/2029 2082/649/2033 2331/746/2034
f 2373/789/2030 2488/792/2035 2330/746/2036
f 2373/789/2030 2330/746/2036 2088/742/2037
f 2110/737/2011 2397/737/2038 2489/737/2039
f 2110/737/2011 2489/737/2039 2380/737/2012
f 2397/737/2038 2112/737/2040 2313/737/2041
f 2397/737/2038 2313/737/2041 2489/737/2039
f 2489/737/2039 2313/737/2041 2080/737/2042
f 2489/737/2039 2080/737/2042 2335/737/2043
f 2380/737/2012 2489/737/2039 2335/737/2043
f 2380/737/2012 2335/737/2043 2081/737/2013
f 2043/601/1989 2259/779/1987 2491/793/2044
f 2043/601/1989 2491/793/2044 2318/604/2045
f 2259/779/1987 2041/765/1946 2316/768/1949
f 2259/779/1987 2316/768/1949 2491/793/2044
f 3138/794/2046 3121/771/1958 2060/772/1961
f 3138/794/2046 2060/772/1961 2292/795/2047
f 3124/796/2048 3139/794/2046 2292/795/2047
f 3124/796/2048 2292/795/2047 2061/601/2049
f 2045/737/1889 2276/737/2006 2492/737/2050
f 2045/737/1889 2492/737/2050 2283/737/1974
f 2276/737/2006 2044/737/1989 2319/737/2051
f 2276/737/2006 2319/737/2051 2492/737/2050
f 3142/737/2052 3125/737/2048 2063/737/2049
f 3142/737/2052 2063/737/2049 2307/737/2053
f 3112/737/1976 3142/737/2052 2307/737/2053
f 3112/737/1976 2307/737/2053 2064/737/1977
f 2056/742/2054 2272/746/1911 2494/792/2055
f 2056/742/2054 2494/792/2055 2321/797/2056
f 2270/746/2057 2046/649/2058 2280/648/2059
f 2270/746/2057 2280/648/2059 2494/792/2060
f 3144/798/2061 3119/647/2062 2066/647/2063
f 3144/798/2061 2066/647/2063 2303/792/2064
f 3126/789/2065 3144/798/2061 2303/792/2064
f 3126/789/2065 2303/792/2064 2071/797/2066
f 2059/623/1965 2267/743/1901 2495/786/2067
f 2059/623/1965 2495/786/2067 2278/773/1966
f 2267/743/1901 2056/742/2054 2321/797/2056
f 2267/743/1901 2321/797/2056 2495/786/2067
f 3146/743/2068 3126/789/2065 2071/797/2066
f 3146/743/2068 2071/797/2066 2299/786/2069
f 3110/660/1969 3146/743/2068 2299/786/2069
f 3110/660/1969 2299/786/2069 2073/773/1970
f 3283/799/2070 3289/800/2071 2496/801/2072
f 3283/799/2070 2496/801/2072 2420/802/2073
f 3289/800/2071 3281/803/2074 2419/804/2075
f 3289/800/2071 2419/804/2075 2496/801/2072
f 2496/801/2072 2419/804/2075 2125/805/2076
f 2496/801/2072 2125/805/2076 2409/806/2077
f 2420/802/2073 2496/801/2072 2409/806/2077
f 2420/802/2073 2409/806/2077 2129/807/2078
f 3272/737/2079 3253/737/2080 2497/737/2081
f 3272/737/2079 2497/737/2081 2369/737/2082
f 3253/737/2080 3270/737/2083 2334/737/2084
f 3253/737/2080 2334/737/2084 2497/737/2081
f 2497/737/2081 2334/737/2084 2097/737/2085
f 2497/737/2081 2097/737/2085 2364/737/2086
f 2369/737/2082 2497/737/2081 2364/737/2086
f 2369/737/2082 2364/737/2086 2099/737/2087
f 3269/808/2088 3254/809/2089 2499/795/2090
f 3269/808/2088 2499/795/2090 2332/604/2091
f 3254/809/2089 3247/810/2092 2339/811/2093
f 3254/809/2089 2339/811/2093 2499/795/2090
f 2499/795/2090 2339/811/2093 2074/810/2094
f 2499/795/2090 2074/810/2094 2353/812/2095
f 2333/604/2096 2498/795/2097 2352/812/2098
f 2333/604/2096 2352/812/2098 2095/808/2099
f 3271/813/2100 3257/814/2101 2500/815/2102
f 3271/813/2100 2500/815/2102 2342/816/2103
f 3257/814/2101 3248/817/2104 2343/818/2105
f 3257/814/2101 2343/818/2105 2500/815/2102
f 2500/815/2102 2343/818/2105 2102/819/2106
f 2500/815/2102 2102/819/2106 2357/820/2107
f 2342/816/2103 2500/815/2102 2357/820/2107
f 2342/816/2103 2357/820/2107 2104/821/2108
f 2114/659/2109 2396/658/2110 2501/822/2111
f 2114/659/2109 2501/822/2111 2387/659/2112
f 2396/658/2110 2113/773/2016 2383/788/2019
f 2396/658/2110 2383/788/2019 2501/822/2111
f 2502/822/2113 2385/788/2114 2090/791/2115
f 2502/822/2113 2090/791/2115 2337/823/2116
f 2386/659/2117 2502/822/2111 2338/823/2118
f 2386/659/2117 2338/823/2118 2084/659/2119
f 2116/810/2120 2395/824/2121 2503/824/2122
f 2116/810/2120 2503/824/2122 2390/811/2123
f 2395/824/2121 2115/825/2124 2349/825/2125
f 2395/824/2121 2349/825/2125 2503/824/2122
f 2503/824/2122 2349/825/2125 2085/825/2126
f 2503/824/2122 2085/825/2126 2329/824/2127
f 2391/811/2123 2503/824/2128 2327/824/2129
f 2391/811/2123 2327/824/2129 2076/810/2130
f 2115/825/2124 2393/762/2131 2504/826/2132
f 2115/825/2124 2504/826/2132 2349/825/2125
f 2393/762/2131 2114/659/2109 2387/659/2112
f 2393/762/2131 2387/659/2112 2504/826/2132
f 2504/826/2132 2387/659/2112 2084/659/2133
f 2504/826/2132 2084/659/2133 2325/826/2134
f 2349/825/2125 2504/826/2132 2325/826/2134
f 2349/825/2125 2325/826/2134 2085/825/2126
f 2111/601/2135 2392/812/2136 2505/795/2137
f 2111/601/2135 2505/795/2137 2312/604/2138
f 2392/812/2136 2116/810/2120 2390/811/2123
f 2392/812/2136 2390/811/2123 2505/795/2137
f 2505/795/2139 2391/811/2123 2076/810/2130
f 2505/795/2139 2076/810/2130 2322/812/2140
f 2312/604/2138 2505/795/2137 2323/812/2141
f 2312/604/2138 2323/812/2141 2079/808/2142
f 2107/827/2143 2368/828/2144 2506/829/2145
f 2107/827/2143 2506/829/2145 2362/830/2146
f 2368/828/2144 2102/819/2106 2365/831/2147
f 2368/828/2144 2365/831/2147 2506/829/2145
f 2506/829/2145 2365/831/2147 2106/832/2148
f 2506/829/2145 2106/832/2148 2358/833/2149
f 2362/830/2146 2506/829/2145 2358/833/2149
f 2362/830/2146 2358/833/2149 2105/834/2150
f 2098/835/2087 2367/836/2151 2507/837/2152
f 2098/835/2087 2507/837/2152 2355/838/2153
f 2367/836/2151 2107/827/2143 2362/830/2146
f 2367/836/2151 2362/830/2146 2507/837/2152
f 2507/837/2152 2362/830/2146 2105/834/2150
f 2507/837/2152 2105/834/2150 2361/839/2154
f 2355/838/2153 2507/837/2152 2361/839/2154
f 2355/838/2153 2361/839/2154 2100/840/2155
f 2096/841/2099 2354/842/2156 2508/843/2157
f 2096/841/2099 2508/843/2157 2363/844/2158
f 2354/842/2156 2075/845/2159 2366/846/2160
f 2354/842/2156 2366/846/2160 2508/843/2157
f 2508/843/2157 2366/846/2160 2107/827/2143
f 2508/843/2157 2107/827/2143 2367/836/2151
f 2363/844/2158 2508/843/2157 2367/836/2151
f 2363/844/2158 2367/836/2151 2098/835/2087
f 2075/845/2159 2359/847/2161 2509/848/2162
f 2075/845/2159 2509/848/2162 2366/846/2160
f 2359/847/2161 2104/821/2108 2357/820/2107
f 2359/847/2161 2357/820/2107 2509/848/2162
f 2509/848/2162 2357/820/2107 2102/819/2106
f 2509/848/2162 2102/819/2106 2368/828/2144
f 2366/846/2160 2509/848/2162 2368/828/2144
f 2366/846/2160 2368/828/2144 2107/827/2143
f 3279/849/2163 3293/850/2164 2510/851/2165
f 3279/849/2163 2510/851/2165 2418/852/2166
f 3292/850/2167 3277/853/2168 2371/797/2169
f 3292/850/2167 2371/797/2169 2511/851/2170
f 2510/851/2165 2371/797/2169 2118/797/2171
f 2510/851/2165 2118/797/2171 2402/854/2172
f 2418/852/2166 2510/851/2165 2402/854/2172
f 2418/852/2166 2402/854/2172 2119/855/2173
f 3249/737/2174 3258/737/2175 2512/737/2176
f 3249/737/2174 2512/737/2176 2370/737/2177
f 3258/737/2175 3272/737/2079 2369/737/2082
f 3258/737/2175 2369/737/2082 2512/737/2176
f 2512/737/2176 2369/737/2082 2099/737/2087
f 2512/737/2176 2099/737/2087 2356/737/2178
f 2370/737/2177 2512/737/2176 2356/737/2178
f 2370/737/2177 2356/737/2178 2101/737/2155
f 3248/817/2104 3259/856/2179 2513/857/2180
f 3248/817/2104 2513/857/2180 2343/818/2105
f 3259/856/2179 3273/858/2181 2372/859/2182
f 3259/856/2179 2372/859/2182 2513/857/2180
f 2513/857/2180 2372/859/2182 2106/832/2148
f 2513/857/2180 2106/832/2148 2365/831/2147
f 2343/818/2105 2513/857/2180 2365/831/2147
f 2343/818/2105 2365/831/2147 2102/819/2106
f 3246/810/2183 3261/824/2184 2515/824/2185
f 3246/810/2183 2515/824/2185 2340/811/2186
f 3262/824/2187 3271/813/2100 2342/816/2103
f 3262/824/2187 2342/816/2103 2515/824/2188
f 2514/824/2188 2341/816/2189 2103/821/2190
f 2514/824/2188 2103/821/2190 2360/824/2191
f 2339/811/2093 2515/824/2192 2360/824/2191
f 2339/811/2093 2360/824/2191 2074/810/2094
f 3004/601/2193 3009/860/2194 2516/795/2195
f 3004/601/2193 2516/795/2195 2381/604/2196
f 3008/860/2197 3033/810/2198 2351/811/2199
f 3008/860/2197 2351/811/2199 2517/795/2200
f 2991/861/2201 2985/810/2202 2116/810/2120
f 2991/861/2201 2116/810/2120 2392/812/2136
f 2988/601/2203 2991/861/2201 2392/812/2136
f 2988/601/2203 2392/812/2136 2111/601/2135
f 3006/862/2204 3011/863/2205 2519/826/2206
f 3006/862/2204 2519/826/2206 2389/864/2207
f 3010/863/2208 3030/663/2209 2346/759/2210
f 3010/863/2208 2346/759/2210 2518/826/2211
f 2992/865/2212 2984/866/2213 2114/659/2109
f 2992/865/2212 2114/659/2109 2393/762/2131
f 2990/864/2214 2992/865/2212 2393/762/2131
f 2990/864/2214 2393/762/2131 2115/825/2124
f 3033/810/2198 3013/824/2215 2523/824/2216
f 3033/810/2198 2523/824/2216 2351/811/2199
f 3013/824/2217 3007/862/2218 2388/864/2219
f 3013/824/2217 2388/864/2219 2522/824/2220
f 2994/824/2221 2990/864/2214 2115/825/2124
f 2994/824/2221 2115/825/2124 2394/824/2222
f 2985/810/2202 2994/824/2223 2395/824/2121
f 2985/810/2202 2395/824/2121 2116/810/2120
f 3030/663/2209 3016/867/2224 2524/868/2225
f 3030/663/2209 2524/868/2225 2346/759/2210
f 3016/867/2224 3029/869/2226 2345/870/2227
f 3016/867/2224 2345/870/2227 2524/868/2225
f 2995/871/2228 2983/869/2229 2113/773/2016
f 2995/871/2228 2113/773/2016 2396/658/2110
f 2984/866/2213 2995/871/2228 2396/658/2110
f 2984/866/2213 2396/658/2110 2114/659/2109
f 3025/737/2230 3017/737/2231 2526/737/2232
f 3025/737/2230 2526/737/2232 2311/737/2233
f 3017/737/2231 3005/737/2234 2382/737/2235
f 3017/737/2231 2382/737/2235 2526/737/2232
f 2996/737/2236 2989/737/2237 2112/737/2040
f 2996/737/2236 2112/737/2040 2397/737/2038
f 2982/737/2238 2996/737/2236 2397/737/2038
f 2982/737/2238 2397/737/2038 2110/737/2011
f 3023/872/2239 3018/873/2240 2528/792/2241
f 3023/872/2239 2528/792/2241 2305/797/2242
f 3018/873/2240 3002/647/2243 2378/648/2244
f 3018/873/2240 2378/648/2244 2528/792/2241
f 2998/746/2245 2987/647/2246 2108/647/2031
f 2998/746/2245 2108/647/2031 2398/746/2028
f 2980/874/2247 2998/746/2245 2398/746/2028
f 2980/874/2247 2398/746/2028 2093/742/2027
f 3026/869/2248 3020/875/2249 2529/786/2250
f 3026/869/2248 2529/786/2250 2344/870/2227
f 3020/875/2249 3023/872/2239 2305/797/2242
f 3020/875/2249 2305/797/2242 2529/786/2250
f 3000/876/2251 2980/874/2247 2093/742/2027
f 3000/876/2251 2093/742/2027 2399/786/2252
f 2983/869/2229 2999/876/2251 2400/786/2017
f 2983/869/2229 2400/786/2017 2113/773/2016
f 3003/737/2253 3022/737/2254 2530/737/2255
f 3003/737/2253 2530/737/2255 2379/737/2256
f 3022/737/2254 3025/737/2230 2311/737/2233
f 3022/737/2254 2311/737/2233 2530/737/2255
f 3001/737/2257 2982/737/2238 2110/737/2011
f 3001/737/2257 2110/737/2011 2401/737/2008
f 2986/737/2258 3001/737/2257 2401/737/2008
f 2986/737/2258 2401/737/2008 2109/737/2007
f 3275/742/2259 3263/877/2260 2532/792/2261
f 3275/742/2259 2532/792/2261 2414/797/2262
f 3263/877/2260 3250/878/2263 2410/648/2264
f 3263/877/2260 2410/648/2264 2532/792/2261
f 2532/792/2261 2410/648/2264 2128/649/2265
f 2532/792/2261 2128/649/2265 2408/746/2077
f 2412/797/2262 2531/792/2266 2407/746/2077
f 2412/797/2262 2407/746/2077 2123/742/2267
f 3276/879/2268 3265/880/2269 2533/881/2270
f 3276/879/2268 2533/881/2270 2417/882/2271
f 3265/880/2269 3274/742/2272 2415/797/2262
f 3265/880/2269 2415/797/2262 2533/881/2270
f 2534/881/2273 2413/797/2274 2124/742/2267
f 2534/881/2273 2124/742/2267 2405/743/2275
f 2416/882/2276 2534/881/2273 2405/743/2275
f 2416/882/2276 2405/743/2275 2126/623/2277
f 3281/803/2074 3294/883/2278 2535/884/2279
f 3281/803/2074 2535/884/2279 2419/804/2075
f 3294/883/2278 3285/885/2280 2423/886/2281
f 3294/883/2278 2423/886/2281 2535/884/2279
f 2535/884/2279 2423/886/2281 2127/623/2282
f 2535/884/2279 2127/623/2282 2406/887/2283
f 2419/804/2075 2535/884/2279 2406/887/2283
f 2419/804/2075 2406/887/2283 2125/805/2076
f 3285/885/2280 3295/888/2284 2537/889/2285
f 3285/885/2280 2537/889/2285 2423/886/2281
f 3302/890/2286 3279/849/2163 2418/852/2166
f 3302/890/2286 2418/852/2166 3244/891/2287
f 3244/891/2287 2418/852/2166 2119/855/2173
f 3244/891/2287 2119/855/2173 3220/892/2288
f 2422/886/2281 2536/889/2289 2416/882/2276
f 2422/886/2281 2416/882/2276 2126/623/2277
f 3304/737/2290 3296/737/2291 2538/737/2292
f 3304/737/2290 2538/737/2292 3268/737/2293
f 3296/737/2291 3284/737/2294 2421/737/2295
f 3296/737/2291 2421/737/2295 2538/737/2292
f 2538/737/2292 2421/737/2295 2130/737/2265
f 2538/737/2292 2130/737/2265 2411/737/2296
f 3268/737/2293 2538/737/2292 2411/737/2296
f 3268/737/2293 2411/737/2296 3252/737/2263
f 3277/853/2168 3298/746/2297 2540/792/2298
f 3277/853/2168 2540/792/2298 2371/797/2169
f 3297/746/2299 3286/649/2300 2425/648/2301
f 3297/746/2299 2425/648/2301 2540/792/2302
f 2539/792/2302 2424/648/2301 2120/647/2303
f 2539/792/2302 2120/647/2303 2404/792/2304
f 2371/797/2169 2540/792/2298 2404/792/2305
f 2371/797/2169 2404/792/2305 2118/797/2171
f 2572/893/2306 2563/894/2307 2549/895/2308
f 2572/893/2306 2549/895/2308 2555/896/2309
f 2564/897/2310 2572/893/2306 2555/896/2309
f 2564/897/2310 2555/896/2309 2542/898/1727
f 2571/899/2311 2558/900/2312 2545/901/2313
f 2571/899/2311 2545/901/2313 2554/902/2314
f 2563/894/2307 2571/899/2311 2554/902/2314
f 2563/894/2307 2554/902/2314 2549/895/2308
f 2570/903/2315 2566/647/2316 2544/647/1739
f 2570/903/2315 2544/647/1739 2553/904/2317
f 2557/905/2318 2570/903/2315 2553/904/2317
f 2557/905/2318 2553/904/2317 2543/906/2319
f 2569/907/2320 2564/897/2310 2542/898/1727
f 2569/907/2320 2542/898/1727 2552/908/2321
f 2556/909/2322 2569/907/2320 2552/908/2321
f 2556/909/2322 2552/908/2321 2541/910/2323
f 2568/911/2324 2557/905/2318 2543/906/2319
f 2568/911/2324 2543/906/2319 2551/912/2325
f 2558/900/2312 2568/911/2324 2551/912/2325
f 2558/900/2312 2551/912/2325 2545/901/2313
f 2567/913/2326 2556/909/2322 2541/910/2323
f 2567/913/2326 2541/910/2323 2550/914/2327
f 2562/915/2328 2567/913/2326 2550/914/2327
f 2562/915/2328 2550/914/2327 2548/601/2328
f 1975/601/2329 2139/916/2330 2567/913/2326
f 1975/601/2329 2567/913/2326 2561/915/2328
f 2139/916/2330 1984/917/2331 2556/909/2322
f 2139/916/2330 2556/909/2322 2567/913/2326
f 1980/918/2332 2146/919/2333 2568/911/2324
f 1980/918/2332 2568/911/2324 2558/900/2312
f 2146/919/2333 1987/920/2334 2557/905/2318
f 2146/919/2333 2557/905/2318 2568/911/2324
f 1984/917/2331 2149/921/2335 2569/907/2320
f 1984/917/2331 2569/907/2320 2556/909/2322
f 2149/921/2335 1982/922/2336 2564/897/2310
f 2149/921/2335 2564/897/2310 2569/907/2320
f 1987/920/2334 2152/923/2337 2570/903/2315
f 1987/920/2334 2570/903/2315 2557/905/2318
f 2152/923/2337 1969/647/2338 2566/647/2316
f 2152/923/2337 2566/647/2316 2570/903/2315
f 1992/924/2339 2161/925/2340 2571/899/2311
f 1992/924/2339 2571/899/2311 2563/894/2307
f 2161/925/2340 1980/918/2332 2558/900/2312
f 2161/925/2340 2558/900/2312 2571/899/2311
f 1982/922/2336 2143/926/2341 2572/893/2306
f 1982/922/2336 2572/893/2306 2564/897/2310
f 2143/926/2341 1992/924/2339 2563/894/2307
f 2143/926/2341 2563/894/2307 2572/893/2306
f 2602/927/2342 2587/652/1744 2581/586/1678
f 2602/927/2342 2581/586/1678 2594/928/1678
f 2590/929/2343 2577/585/1677 2587/652/1744
f 2590/929/2343 2587/652/1744 2602/927/2342
f 2601/930/2344 2586/630/1722 2580/577/1669
f 2601/930/2344 2580/577/1669 2593/931/2345
f 2589/932/1719 2576/627/1719 2586/630/1722
f 2589/932/1719 2586/630/1722 2601/930/2344
f 2600/933/2346 2585/625/1717 2579/592/1684
f 2600/933/2346 2579/592/1684 2592/934/2347
f 2591/935/2348 2578/591/1683 2585/625/1717
f 2591/935/2348 2585/625/1717 2600/933/2346
f 2599/936/2349 2584/595/1687 2574/600/1692
f 2599/936/2349 2574/600/1692 2596/937/1692
f 2592/934/2347 2579/592/1684 2584/595/1687
f 2592/934/2347 2584/595/1687 2599/936/2349
f 2598/938/2350 2583/589/1681 2578/591/1683
f 2598/938/2350 2578/591/1683 2591/935/2348
f 2594/928/1678 2581/586/1678 2583/589/1681
f 2594/928/1678 2583/589/1681 2598/938/2350
f 2597/939/2351 2582/580/1672 2577/585/1677
f 2597/939/2351 2577/585/1677 2590/929/2343
f 2593/931/2345 2580/577/1669 2582/580/1672
f 2593/931/2345 2582/580/1672 2597/939/2351
f 1984/917/2331 2593/931/2345 2597/939/2351
f 1984/917/2331 2597/939/2351 2149/921/2335
f 2149/921/2335 2597/939/2351 2590/929/2343
f 2149/921/2335 2590/929/2343 1982/922/2336
f 1992/924/2339 2594/928/1678 2598/938/2350
f 1992/924/2339 2598/938/2350 2161/925/2340
f 2161/925/2340 2598/938/2350 2591/935/2348
f 2161/925/2340 2591/935/2348 1980/918/2332
f 1987/920/2334 2592/934/2347 2599/936/2349
f 1987/920/2334 2599/936/2349 2152/923/2337
f 2152/923/2337 2599/936/2349 2596/937/1692
f 2152/923/2337 2596/937/1692 1969/647/2338
f 1980/918/2332 2591/935/2348 2600/933/2346
f 1980/918/2332 2600/933/2346 2146/919/2333
f 2146/919/2333 2600/933/2346 2592/934/2347
f 2146/919/2333 2592/934/2347 1987/920/2334
f 1975/601/2329 2589/932/1719 2601/930/2344
f 1975/601/2329 2601/930/2344 2139/916/2330
f 2139/916/2330 2601/930/2344 2593/931/2345
f 2139/916/2330 2593/931/2345 1984/917/2331
f 1982/922/2336 2590/929/2343 2602/927/2342
f 1982/922/2336 2602/927/2342 2143/926/2341
f 2143/926/2341 2602/927/2342 2594/928/1678
f 2143/926/2341 2594/928/1678 1992/924/2339
f 2555/896/2309 2549/895/2308 2618/684/1797
f 2555/896/2309 2618/684/1797 2612/689/1803
f 2542/898/1727 2555/896/2309 2612/689/1803
f 2542/898/1727 2612/689/1803 2603/635/1727
f 2554/902/2314 2545/901/2313 2615/615/1707
f 2554/902/2314 2615/615/1707 2611/685/1798
f 2549/895/2308 2554/902/2314 2611/685/1798
f 2549/895/2308 2611/685/1798 2618/684/1797
f 2553/904/2317 2544/647/1739 2606/647/1739
f 2553/904/2317 2606/647/1739 2610/645/1737
f 2543/906/2319 2553/904/2317 2610/645/1737
f 2543/906/2319 2610/645/1737 2614/619/1711
f 2552/908/2321 2542/898/1727 2603/635/1727
f 2552/908/2321 2603/635/1727 2609/633/1725
f 2541/910/2323 2552/908/2321 2609/633/1725
f 2541/910/2323 2609/633/1725 2613/605/1697
f 2551/912/2325 2543/906/2319 2614/619/1711
f 2551/912/2325 2614/619/1711 2608/616/1708
f 2545/901/2313 2551/912/2325 2608/616/1708
f 2545/901/2313 2608/616/1708 2615/615/1707
f 2550/914/2327 2541/910/2323 2613/605/1697
f 2550/914/2327 2613/605/1697 2607/602/1694
f 2548/601/2328 2550/914/2327 2607/602/1694
f 2548/601/2328 2607/602/1694 2616/601/1693
f 2670/940/2352 2662/941/2353 2641/734/1870
f 2670/940/2352 2641/734/1870 2630/729/1864
f 2661/941/2354 2650/659/2355 2628/663/2356
f 2661/941/2354 2628/663/2356 2641/734/1870
f 2665/942/2357 2660/943/2358 2640/728/1867
f 2665/942/2357 2640/728/1867 2623/669/1769
f 2660/943/2358 2670/940/2359 2631/729/2360
f 2660/943/2358 2631/729/2360 2640/728/1867
f 2649/944/2361 2658/945/2362 2638/682/1793
f 2649/944/2361 2638/682/1793 2626/677/1783
f 2658/945/2362 2663/649/2363 2621/649/1794
f 2658/945/2362 2621/649/1794 2638/682/1793
f 2647/623/2364 2656/946/2365 2635/676/1782
f 2647/623/2364 2635/676/1782 2624/623/1786
f 2657/946/2365 2649/944/2361 2626/677/1783
f 2657/946/2365 2626/677/1783 2637/676/1782
f 2642/601/2366 2654/947/2367 2634/668/1768
f 2642/601/2366 2634/668/1768 2619/601/1772
f 2654/947/2367 2668/942/2357 2622/669/1769
f 2654/947/2367 2622/669/1769 2634/668/1768
f 2650/659/2355 2653/948/2368 2633/661/1754
f 2650/659/2355 2633/661/1754 2629/663/2369
f 2653/948/2368 2647/623/2370 2625/623/1755
f 2653/948/2368 2625/623/1755 2633/661/1754
f 2441/658/1750 2193/660/1753 2646/623/2370
f 2441/658/1750 2646/623/2370 2652/948/2368
f 2225/659/1751 2441/658/1750 2652/948/2368
f 2225/659/1751 2652/948/2368 2651/659/2355
f 2442/665/1764 2192/667/1767 2667/942/2371
f 2442/665/1764 2667/942/2371 2655/947/2367
f 2187/604/1765 2442/665/1764 2655/947/2367
f 2187/604/1765 2655/947/2367 2643/601/2366
f 2443/673/1781 2196/675/1780 2649/944/2361
f 2443/673/1781 2649/944/2361 2657/946/2365
f 2195/660/2372 2443/673/1781 2657/946/2365
f 2195/660/2372 2657/946/2365 2647/623/2373
f 2445/681/1790 2189/648/1792 2663/649/2363
f 2445/681/1790 2663/649/2363 2658/945/2362
f 2197/675/2374 2444/681/1790 2659/945/2362
f 2197/675/2374 2659/945/2362 2648/944/2361
f 2457/725/1859 2227/727/2375 2669/940/2359
f 2457/725/1859 2669/940/2359 2660/943/2358
f 2192/667/1767 2457/725/1859 2660/943/2358
f 2192/667/1767 2660/943/2358 2666/942/2376
f 2458/733/2377 2225/659/2378 2650/659/2355
f 2458/733/2377 2650/659/2355 2661/941/2354
f 2227/727/2375 2460/733/2379 2661/941/2380
f 2227/727/2375 2661/941/2380 2669/940/2359
f 2177/691/1805 2008/659/1802 2683/656/2381
f 2177/691/1805 2683/656/2381 2697/949/2382
f 2009/637/1729 2176/691/2383 2698/949/2384
f 2009/637/1729 2698/949/2384 2685/950/2385
f 2181/638/1730 2009/637/1729 2685/950/2385
f 2181/638/1730 2685/950/2385 2696/951/2386
f 2003/607/1699 2180/638/1730 2696/951/2386
f 2003/607/1699 2696/951/2386 2678/952/2387
f 2182/650/2388 2002/649/1741 2676/953/1791
f 2182/650/2388 2676/953/1791 2694/954/2389
f 2011/621/1713 2182/650/2388 2694/954/2389
f 2011/621/1713 2694/954/2389 2682/955/2390
f 2178/622/2391 2011/621/1713 2682/955/2390
f 2178/622/2391 2682/955/2390 2692/956/2392
f 2013/623/2393 2178/622/2391 2692/956/2392
f 2013/623/2393 2692/956/2392 2679/660/2394
f 2175/608/1700 2003/607/1699 2678/952/2387
f 2175/608/1700 2678/952/2387 2690/957/2395
f 2006/601/1701 2174/608/1700 2689/957/2395
f 2006/601/1701 2689/957/2395 2671/601/1762
f 2190/688/2396 2013/623/2393 2679/660/2394
f 2190/688/2396 2679/660/2394 2686/958/2397
f 2008/659/1802 2191/688/1801 2688/958/2397
f 2008/659/1802 2688/958/2397 2683/656/2381
f 2697/949/2382 2683/656/2381 2729/656/1748
f 2697/949/2382 2729/656/1748 2723/732/1868
f 2684/950/2398 2697/949/2384 2722/732/2399
f 2684/950/2398 2722/732/2399 2706/726/2400
f 2695/951/2401 2684/950/2398 2706/726/2400
f 2695/951/2401 2706/726/2400 2718/724/1860
f 2678/952/2387 2696/951/2386 2719/724/2402
f 2678/952/2387 2719/724/2402 2703/666/2403
f 2693/954/2404 2674/953/1791 2700/647/1791
f 2693/954/2404 2700/647/1791 2716/680/2405
f 2681/955/2390 2693/954/2404 2716/680/2405
f 2681/955/2390 2716/680/2405 2727/674/2406
f 2691/956/2392 2681/955/2390 2727/674/2406
f 2691/956/2392 2727/674/2406 2714/672/1778
f 2680/660/2407 2691/956/2392 2714/672/1778
f 2680/660/2407 2714/672/1778 2726/660/1774
f 2690/957/2395 2678/952/2387 2703/666/2403
f 2690/957/2395 2703/666/2403 2710/664/1763
f 2672/601/1762 2690/957/2395 2712/664/1763
f 2672/601/1762 2712/664/1763 2725/601/1762
f 2686/958/2397 2679/660/2394 2726/660/2408
f 2686/958/2397 2726/660/2408 2709/657/1749
f 2683/656/2409 2687/958/2410 2708/657/1749
f 2683/656/2409 2708/657/1749 2730/656/2411
f 2866/601/2412 2881/959/2413 2759/960/2414
f 2866/601/2412 2759/960/2414 2745/601/2415
f 2884/959/2416 2865/961/2417 2744/962/2418
f 2884/959/2416 2744/962/2418 2760/960/2419
f 2890/963/2420 2880/964/1918 2758/965/1918
f 2890/963/2420 2758/965/1918 2741/966/2421
f 2880/964/1918 2860/656/1832 2732/656/1832
f 2880/964/1918 2732/656/1832 2758/965/1918
f 2864/967/2422 2877/968/2423 2756/969/2424
f 2864/967/2422 2756/969/2424 2735/970/2425
f 2877/968/2423 2885/649/2426 2737/649/2427
f 2877/968/2423 2737/649/2427 2756/969/2424
f 2861/971/2428 2874/972/2429 2754/973/2430
f 2861/971/2428 2754/973/2430 2733/974/2431
f 2876/972/2432 2864/967/2422 2735/970/2425
f 2876/972/2432 2735/970/2425 2754/973/2433
f 2859/656/2434 2872/975/1828 2750/976/1828
f 2859/656/2434 2750/976/1828 2732/656/1832
f 2872/975/1828 2861/971/2428 2733/974/2431
f 2872/975/1828 2733/974/2431 2750/976/1828
f 2865/961/2417 2871/977/2435 2748/978/2436
f 2865/961/2417 2748/978/2436 2744/962/2418
f 2870/977/2435 2889/963/2437 2742/966/2438
f 2870/977/2435 2742/966/2438 2748/978/2439
f 2747/601/2440 2762/960/2414 2795/753/1924
f 2747/601/2440 2795/753/1924 2777/601/1927
f 2761/960/2414 2743/962/2418 2774/702/1925
f 2761/960/2414 2774/702/1925 2794/753/1924
f 2739/966/2421 2758/965/1918 2790/749/1918
f 2739/966/2421 2790/749/1918 2766/699/2441
f 2757/965/1918 2731/656/1832 2767/711/1832
f 2757/965/1918 2767/711/1832 2792/749/1916
f 2735/970/2425 2756/969/2424 2788/722/1854
f 2735/970/2425 2788/722/1854 2772/717/2442
f 2756/969/2424 2737/649/2427 2763/649/1855
f 2756/969/2424 2763/649/1855 2788/722/1854
f 2734/974/2431 2753/973/2433 2786/716/1846
f 2734/974/2431 2786/716/1846 2771/709/2443
f 2755/973/2433 2736/970/2444 2773/717/1843
f 2755/973/2433 2773/717/1843 2787/716/1842
f 2731/656/1832 2752/976/1828 2783/708/1833
f 2731/656/1832 2783/708/1833 2767/711/1832
f 2751/976/2445 2734/974/2431 2770/709/1829
f 2751/976/2445 2770/709/1829 2785/708/1828
f 2743/962/2418 2749/978/2436 2779/698/1819
f 2743/962/2418 2779/698/1819 2774/702/1925
f 2748/978/2439 2740/966/2438 2766/699/1815
f 2748/978/2439 2766/699/1815 2778/698/1814
f 2858/737/2446 2835/737/2447 2810/737/2004
f 2858/737/2446 2810/737/2004 2825/737/2002
f 2836/737/2448 2858/737/2446 2825/737/2002
f 2836/737/2448 2825/737/2002 2796/737/1887
f 2857/979/2449 2831/663/2450 2802/659/1998
f 2857/979/2449 2802/659/1998 2824/784/1996
f 2842/980/2451 2857/979/2449 2824/784/1996
f 2842/980/2451 2824/784/1996 2811/782/2452
f 2855/981/2453 2842/980/2451 2811/782/2452
f 2855/981/2453 2811/782/2452 2822/780/1990
f 2841/982/2454 2855/981/2453 2822/780/1990
f 2841/982/2454 2822/780/1990 2807/777/1985
f 2853/983/2455 2841/982/2454 2807/777/1985
f 2853/983/2455 2807/777/1985 2820/775/1982
f 2834/601/2456 2852/983/2455 2819/775/2457
f 2834/601/2456 2819/775/2457 2808/601/1981
f 2850/984/2458 2837/985/2459 2799/649/1883
f 2850/984/2458 2799/649/1883 2818/744/1903
f 2828/986/2460 2850/984/2458 2818/744/1903
f 2828/986/2460 2818/744/1903 2798/740/1894
f 2849/987/2461 2828/986/2460 2798/740/1894
f 2849/987/2461 2798/740/1894 2816/738/1892
f 2827/623/2462 2849/987/2461 2816/738/1892
f 2827/623/2462 2816/738/1892 2797/623/1876
f 2846/737/2463 2836/737/2448 2796/737/1887
f 2846/737/2463 2796/737/1887 2815/737/1884
f 2839/737/2464 2846/737/2463 2815/737/1884
f 2839/737/2464 2815/737/1884 2801/737/1883
f 2845/988/2465 2827/623/2462 2797/623/1876
f 2845/988/2465 2797/623/1876 2814/736/1873
f 2830/663/2466 2844/988/2467 2813/736/2468
f 2830/663/2466 2813/736/2468 2803/659/1998
f 2034/659/1834 2241/710/1831 2844/988/2465
f 2034/659/1834 2844/988/2465 2832/663/2450
f 2241/710/1831 2040/623/1830 2826/623/2469
f 2241/710/1831 2826/623/2469 2844/988/2465
f 2033/737/2470 2228/737/2471 2846/737/2463
f 2033/737/2470 2846/737/2463 2839/737/2464
f 2228/737/2471 2030/737/2472 2836/737/2448
f 2228/737/2471 2836/737/2448 2846/737/2463
f 2039/623/1830 2233/719/2473 2848/987/2474
f 2039/623/1830 2848/987/2474 2826/623/2462
f 2232/719/1845 2037/718/2475 2829/986/2460
f 2232/719/1845 2829/986/2460 2847/987/2461
f 2037/718/2475 2238/723/1857 2851/984/2476
f 2037/718/2475 2851/984/2476 2829/986/2460
f 2238/723/1857 2032/649/1856 2838/985/2464
f 2238/723/1857 2838/985/2464 2851/984/2476
f 2016/601/2477 2173/754/1928 2852/983/2455
f 2016/601/2477 2852/983/2455 2834/601/2456
f 2171/754/1926 1998/703/1821 2840/982/2478
f 2171/754/1926 2840/982/2478 2852/983/2455
f 1998/703/1821 2235/701/1817 2854/981/2479
f 1998/703/1821 2854/981/2479 2840/982/2478
f 2235/701/1817 2036/700/1816 2843/980/2451
f 2235/701/1817 2843/980/2451 2854/981/2479
f 2036/700/1816 2229/750/1919 2856/979/2449
f 2036/700/1816 2856/979/2449 2843/980/2451
f 2230/750/1917 2035/659/1834 2833/663/2450
f 2230/750/1917 2833/663/2450 2857/979/2480
f 2030/737/2472 2240/737/2481 2858/737/2446
f 2030/737/2472 2858/737/2446 2836/737/2448
f 2240/737/2481 2015/737/1929 2835/737/2447
f 2240/737/2481 2835/737/2447 2858/737/2446
f 2449/694/2482 2253/697/2483 2891/963/2484
f 2449/694/2482 2891/963/2484 2871/977/2435
f 2255/695/1809 2449/694/2482 2871/977/2435
f 2255/695/1809 2871/977/2435 2865/961/2417
f 2450/705/1824 2217/707/1827 2862/971/2485
f 2450/705/1824 2862/971/2485 2873/975/2445
f 2213/659/1825 2450/705/2486 2872/975/1828
f 2213/659/1825 2872/975/1828 2859/656/2434
f 2452/713/1837 2219/715/1851 2864/967/2422
f 2452/713/1837 2864/967/2422 2874/972/2432
f 2217/707/1827 2452/713/2487 2875/972/2429
f 2217/707/1827 2875/972/2429 2861/971/2428
f 2455/721/1850 2224/648/2488 2887/649/2426
f 2455/721/1850 2887/649/2426 2878/968/2489
f 2220/715/1851 2455/721/1850 2878/968/2489
f 2220/715/1851 2878/968/2489 2863/967/2422
f 2467/748/1914 2212/659/2490 2859/656/1832
f 2467/748/1914 2859/656/1832 2879/964/1918
f 2252/697/1812 2467/748/1914 2879/964/1918
f 2252/697/1812 2879/964/1918 2892/963/2420
f 2469/752/1922 2255/695/1809 2865/961/2417
f 2469/752/1922 2865/961/2417 2882/959/2416
f 2257/604/1923 2469/752/1922 2883/959/2413
f 2257/604/1923 2883/959/2413 2867/601/2412
f 2132/671/2491 2017/670/1770 2906/989/2492
f 2132/671/2491 2906/989/2492 2919/990/2493
f 2021/601/1773 2132/671/2491 2919/990/2493
f 2021/601/1773 2919/990/2493 2908/601/2494
f 2204/735/1871 2022/659/1761 2894/991/2495
f 2204/735/1871 2894/991/2495 2917/992/2496
f 2024/730/1865 2205/735/1871 2918/992/2497
f 2024/730/1865 2918/992/2497 2904/993/2498
f 2210/683/1796 1996/649/1795 2902/649/2499
f 2210/683/1796 2902/649/2499 2916/994/2500
f 2025/678/1784 2211/683/2501 2915/994/2502
f 2025/678/1784 2915/994/2502 2898/995/2503
f 2206/679/2504 2025/678/1784 2898/995/2503
f 2206/679/2504 2898/995/2503 2913/996/2505
f 2027/623/1788 2206/679/2504 2913/996/2505
f 2027/623/1788 2913/996/2505 2896/974/2506
f 2216/662/1757 2028/623/1756 2897/974/2507
f 2216/662/1757 2897/974/2507 2912/997/2508
f 2022/659/1761 2215/662/1760 2911/997/2509
f 2022/659/1761 2911/997/2509 2894/991/2495
f 2209/731/1866 2024/730/1865 2904/993/2498
f 2209/731/1866 2904/993/2498 2910/998/2510
f 2017/670/1770 2209/731/1866 2910/998/2510
f 2017/670/1770 2910/998/2510 2906/989/2492
f 2919/990/2493 2906/989/2492 2947/692/1806
f 2919/990/2493 2947/692/1806 2936/751/1921
f 2908/601/2494 2919/990/2493 2936/751/1921
f 2908/601/2494 2936/751/1921 2948/604/1920
f 2917/992/2496 2895/991/2495 2938/656/2511
f 2917/992/2496 2938/656/2511 2934/747/1913
f 2903/993/2498 2917/992/2496 2934/747/1913
f 2903/993/2498 2934/747/1913 2922/696/1811
f 2915/994/2502 2900/649/2499 2920/649/1852
f 2915/994/2502 2920/649/1852 2932/720/1849
f 2898/995/2503 2915/994/2502 2932/720/1849
f 2898/995/2503 2932/720/1849 2943/714/2512
f 2914/996/2505 2899/995/2503 2942/714/1848
f 2914/996/2505 2942/714/1848 2930/712/1839
f 2896/974/2506 2913/996/2505 2931/712/1836
f 2896/974/2506 2931/712/1836 2940/706/1835
f 2911/997/2509 2896/974/2506 2940/706/1835
f 2911/997/2509 2940/706/1835 2928/704/2513
f 2893/991/2514 2911/997/2509 2928/704/2513
f 2893/991/2514 2928/704/2513 2937/656/1822
f 2910/998/2510 2904/993/2498 2923/696/1811
f 2910/998/2510 2923/696/1811 2924/693/1810
f 2905/989/2492 2909/998/2515 2926/693/1807
f 2905/989/2492 2926/693/1807 2946/692/1806
f 3070/737/2516 3036/737/2517 2952/737/2518
f 3070/737/2516 2952/737/2518 2979/737/2519
f 3047/737/2520 3070/737/2516 2979/737/2519
f 3047/737/2520 2979/737/2519 2963/737/2521
f 3069/876/2522 3034/742/2523 2950/742/2524
f 3069/876/2522 2950/742/2524 2978/999/2525
f 3038/869/2526 3069/876/2522 2978/999/2525
f 3038/869/2526 2978/999/2525 2956/1000/2527
f 3064/1001/2528 3046/647/2529 2964/647/2530
f 3064/1001/2528 2964/647/2530 2977/873/2531
f 3034/742/2532 3067/1001/2533 2977/873/2534
f 3034/742/2532 2977/873/2534 2951/742/2535
f 3063/737/2536 3048/737/2537 2965/737/2538
f 3063/737/2536 2965/737/2538 2976/737/2539
f 3036/737/2517 3063/737/2536 2976/737/2539
f 3036/737/2517 2976/737/2539 2952/737/2518
f 3062/1002/2540 3038/869/2526 2955/1000/2541
f 3062/1002/2540 2955/1000/2541 2975/867/2542
f 3041/656/2543 3062/1002/2540 2975/867/2542
f 3041/656/2543 2975/867/2542 2957/659/2544
f 3058/770/2545 3050/764/2546 2967/764/2547
f 3058/770/2545 2967/764/2547 2973/824/2548
f 3044/810/2549 3060/770/2550 2974/824/2551
f 3044/810/2549 2974/824/2551 2962/811/2552
f 3053/1003/2553 3042/656/2554 2959/659/2555
f 3053/1003/2553 2959/659/2555 2971/863/2556
f 3050/764/2546 3055/1003/2553 2972/863/2557
f 3050/764/2546 2972/863/2557 2967/764/2547
f 3052/860/2558 3044/810/2549 2962/811/2552
f 3052/860/2558 2962/811/2552 2970/860/2559
f 3049/601/2560 3052/860/2558 2970/860/2559
f 3049/601/2560 2970/860/2559 2966/601/2561
f 3177/737/2562 3174/737/2563 3001/737/2257
f 3177/737/2562 3001/737/2257 2986/737/2258
f 3174/737/2563 3149/737/2564 2982/737/2238
f 3174/737/2563 2982/737/2238 3001/737/2257
f 3150/1004/2565 3173/1005/2566 2999/876/2251
f 3150/1004/2565 2999/876/2251 2983/869/2229
f 3173/1005/2566 3148/742/2567 2981/874/2247
f 3173/1005/2566 2981/874/2247 2999/876/2251
f 3148/742/2567 3168/1006/2568 2997/746/2245
f 3148/742/2567 2997/746/2245 2981/874/2247
f 3169/1006/2569 3176/647/2570 2987/647/2246
f 3169/1006/2569 2987/647/2246 2998/746/2245
f 3149/737/2564 3167/737/2571 2996/737/2236
f 3149/737/2564 2996/737/2236 2982/737/2238
f 3167/737/2571 3179/737/2572 2989/737/2237
f 3167/737/2571 2989/737/2237 2996/737/2236
f 3153/663/2573 3165/867/2574 2995/871/2228
f 3153/663/2573 2995/871/2228 2984/866/2213
f 3165/867/2574 3150/1004/2565 2983/869/2229
f 3165/867/2574 2983/869/2229 2995/871/2228
f 3155/810/2575 3162/1007/2576 2994/824/2223
f 3155/810/2575 2994/824/2223 2985/810/2202
f 3163/1007/2577 3181/1008/2578 2990/864/2214
f 3163/1007/2577 2990/864/2214 2993/824/2221
f 3181/1008/2578 3158/762/2579 2992/865/2212
f 3181/1008/2578 2992/865/2212 2990/864/2214
f 3158/762/2579 3153/663/2573 2984/866/2213
f 3158/762/2579 2984/866/2213 2992/865/2212
f 3180/601/2580 3157/1009/2581 2991/861/2201
f 3180/601/2580 2991/861/2201 2988/601/2203
f 3157/1009/2581 3155/810/2575 2985/810/2202
f 3157/1009/2581 2985/810/2202 2991/861/2201
f 2979/737/2519 2952/737/2518 3025/737/2230
f 2979/737/2519 3025/737/2230 3022/737/2254
f 2963/737/2521 2979/737/2519 3022/737/2254
f 2963/737/2521 3022/737/2254 3003/737/2253
f 2978/999/2525 2950/742/2524 3024/872/2239
f 2978/999/2525 3024/872/2239 3021/875/2249
f 2954/1000/2582 2978/999/2525 3021/875/2249
f 2954/1000/2582 3021/875/2249 3027/869/2248
f 2977/873/2531 2964/647/2530 3002/647/2243
f 2977/873/2531 3002/647/2243 3018/873/2240
f 2951/742/2535 2977/873/2534 3019/873/2240
f 2951/742/2535 3019/873/2240 3024/872/2583
f 2976/737/2539 2965/737/2538 3005/737/2234
f 2976/737/2539 3005/737/2234 3017/737/2231
f 2952/737/2518 2976/737/2539 3017/737/2231
f 2952/737/2518 3017/737/2231 3025/737/2230
f 2975/867/2584 2953/1000/2541 3028/869/2585
f 2975/867/2584 3028/869/2585 3015/867/2586
f 2958/659/2544 2975/867/2542 3014/867/2224
f 2958/659/2544 3014/867/2224 3031/663/2587
f 2974/824/2588 2968/764/2547 3006/862/2204
f 2974/824/2588 3006/862/2204 3013/824/2215
f 2960/811/2552 2974/824/2589 3012/824/2215
f 2960/811/2552 3012/824/2215 3032/810/2590
f 2971/863/2556 2959/659/2555 3031/663/2209
f 2971/863/2556 3031/663/2209 3011/863/2205
f 2968/764/2547 2971/863/2556 3011/863/2205
f 2968/764/2547 3011/863/2205 3006/862/2204
f 2969/860/2559 2961/811/2591 3032/810/2592
f 2969/860/2559 3032/810/2592 3009/860/2194
f 2966/601/2561 2969/860/2559 3009/860/2194
f 2966/601/2561 3009/860/2194 3004/601/2193
f 2062/601/2049 2293/795/2593 3052/860/2558
f 2062/601/2049 3052/860/2558 3049/601/2560
f 2292/795/2047 2060/772/1961 3043/810/2549
f 2292/795/2047 3043/810/2549 3051/860/2594
f 2070/764/2595 2297/762/1944 3056/1003/2553
f 2070/764/2595 3056/1003/2553 3050/764/2596
f 2296/762/2597 2068/761/2598 3040/656/2554
f 2296/762/2597 3040/656/2554 3054/1003/2553
f 2060/772/1961 2302/770/2599 3057/770/2550
f 2060/772/1961 3057/770/2550 3043/810/2549
f 2300/770/1957 2069/764/1956 3050/764/2600
f 2300/770/1957 3050/764/2600 3059/770/2545
f 2067/761/1940 2308/658/1971 3061/1002/2540
f 2067/761/1940 3061/1002/2540 3039/656/2543
f 2308/658/1971 2073/773/1970 3037/869/2526
f 2308/658/1971 3037/869/2526 3061/1002/2540
f 2064/737/1977 2307/737/2053 3063/737/2536
f 2064/737/1977 3063/737/2536 3036/737/2517
f 2307/737/2053 2063/737/2049 3048/737/2537
f 2307/737/2053 3048/737/2537 3063/737/2536
f 2072/797/2066 2303/792/2064 3066/1001/2601
f 2072/797/2066 3066/1001/2601 3034/742/2532
f 2304/792/2602 2066/647/2603 3045/647/2529
f 2304/792/2602 3045/647/2529 3065/1001/2528
f 2073/773/1970 2299/786/2069 3068/876/2522
f 2073/773/1970 3068/876/2522 3037/869/2526
f 2299/786/2069 2071/797/2066 3035/742/2532
f 2299/786/2069 3035/742/2532 3068/876/2522
f 2065/737/1980 2294/737/1978 3070/737/2516
f 2065/737/1980 3070/737/2516 3047/737/2520
f 2294/737/1978 2064/737/1977 3036/737/2517
f 2294/737/1978 3036/737/2517 3070/737/2516
f 2279/773/2604 2495/786/2067 3109/743/2605
f 2279/773/2604 3109/743/2605 3077/1010/2606
f 2495/786/2067 2321/797/2056 3093/789/2607
f 2495/786/2067 3093/789/2607 3108/743/2605
f 2320/797/2608 2493/792/2055 3107/1011/2609
f 2320/797/2608 3107/1011/2609 3092/789/2610
f 2493/792/2055 2281/648/2611 3079/647/2612
f 2493/792/2055 3079/647/2612 3107/1011/2609
f 2283/737/1974 2492/737/2050 3106/737/2613
f 2283/737/1974 3106/737/2613 3081/737/2614
f 2492/737/2050 2319/737/2051 3091/737/2615
f 2492/737/2050 3091/737/2615 3106/737/2613
f 2317/604/2045 2490/793/2616 3105/1012/2617
f 2317/604/2045 3105/1012/2617 3090/601/2618
f 2491/793/2044 2316/768/1949 3089/1013/2619
f 2491/793/2044 3089/1013/2619 3104/1012/2620
f 2282/737/1973 2476/737/1972 3103/737/2621
f 2282/737/1973 3103/737/2621 3080/737/2622
f 2476/737/1972 2283/737/1974 3081/737/2614
f 2476/737/1972 3081/737/2614 3103/737/2621
f 2275/759/1963 2475/658/1962 3101/867/2623
f 2275/759/1963 3101/867/2623 3074/656/2624
f 2474/658/1967 2278/773/1966 3078/1010/2625
f 2474/658/1967 3078/1010/2625 3100/867/2626
f 2316/768/1949 2473/767/1948 3099/1014/2627
f 2316/768/1949 3099/1014/2627 3088/1013/2628
f 2473/767/1948 2315/758/1952 3084/1015/2629
f 2473/767/1948 3084/1015/2629 3099/1014/2627
f 2315/758/1933 2470/757/1932 3096/1016/2630
f 2315/758/1933 3096/1016/2630 3085/1015/2629
f 2471/757/1937 2275/759/1936 3073/656/2631
f 2471/757/1937 3073/656/2631 3097/1016/2632
f 3075/1010/2606 3108/743/2605 3146/743/2068
f 3075/1010/2606 3146/743/2068 3110/660/1969
f 3108/743/2605 3093/789/2607 3126/789/2065
f 3108/743/2605 3126/789/2065 3146/743/2068
f 3092/789/2610 3107/1011/2609 3145/798/2633
f 3092/789/2610 3145/798/2633 3126/789/2634
f 3107/1011/2609 3079/647/2612 3118/647/2635
f 3107/1011/2609 3118/647/2635 3143/798/2061
f 3081/737/2614 3106/737/2613 3142/737/2052
f 3081/737/2614 3142/737/2052 3112/737/1976
f 3106/737/2613 3091/737/2615 3125/737/2048
f 3106/737/2613 3125/737/2048 3142/737/2052
f 3090/601/2618 3105/1012/2617 3140/794/2046
f 3090/601/2618 3140/794/2046 3123/796/2048
f 3104/1012/2620 3087/1013/2619 3122/771/2636
f 3104/1012/2620 3122/771/2636 3141/794/2046
f 3080/737/2622 3103/737/2621 3137/737/1975
f 3080/737/2622 3137/737/1975 3120/737/1979
f 3103/737/2621 3081/737/2614 3112/737/1976
f 3103/737/2621 3112/737/1976 3137/737/1975
f 3072/656/2637 3102/867/2623 3136/774/2638
f 3072/656/2637 3136/774/2638 3117/656/2639
f 3102/867/2626 3076/1010/2625 3111/660/2640
f 3102/867/2626 3111/660/2640 3135/774/1968
f 3086/1013/2628 3098/1014/2627 3132/769/2641
f 3086/1013/2628 3132/769/2641 3121/771/1958
f 3099/1014/2627 3082/1015/2629 3116/763/1955
f 3099/1014/2627 3116/763/1955 3133/769/1954
f 3083/1015/2629 3094/1016/2630 3127/760/1943
f 3083/1015/2629 3127/760/1943 3114/763/1942
f 3095/1016/2632 3071/656/2637 3117/656/1939
f 3095/1016/2632 3117/656/1939 3128/760/1938
f 2516/795/2195 2350/811/2199 3154/810/2575
f 2516/795/2195 3154/810/2575 3156/1009/2581
f 2381/604/2196 2516/795/2195 3156/1009/2581
f 2381/604/2196 3156/1009/2581 3178/601/2580
f 2519/826/2206 2348/759/2642 3152/663/2643
f 2519/826/2206 3152/663/2643 3159/762/2579
f 2389/864/2207 2519/826/2206 3159/762/2579
f 2389/864/2207 3159/762/2579 3182/1008/2644
f 2520/824/2220 2389/864/2207 3182/1008/2644
f 2520/824/2220 3182/1008/2644 3160/1007/2645
f 2350/811/2199 2521/824/2220 3161/1007/2576
f 2350/811/2199 3161/1007/2576 3154/810/2575
f 2525/868/2225 2344/870/2227 3151/1004/2565
f 2525/868/2225 3151/1004/2565 3166/867/2574
f 2347/759/2210 2525/868/2225 3164/867/2646
f 2347/759/2210 3164/867/2646 3153/663/2573
f 2526/737/2232 2382/737/2235 3179/737/2572
f 2526/737/2232 3179/737/2572 3167/737/2571
f 2311/737/2233 2526/737/2232 3167/737/2571
f 2311/737/2233 3167/737/2571 3149/737/2564
f 2527/792/2241 2377/648/2647 3175/647/2570
f 2527/792/2241 3175/647/2570 3171/1006/2569
f 2306/797/2648 2527/792/2649 3170/1006/2568
f 2306/797/2648 3170/1006/2568 3148/742/2567
f 2529/786/2250 2305/797/2242 3147/742/2567
f 2529/786/2250 3147/742/2567 3172/1005/2566
f 2344/870/2227 2529/786/2250 3172/1005/2566
f 2344/870/2227 3172/1005/2566 3151/1004/2565
f 2530/737/2255 2311/737/2233 3149/737/2564
f 2530/737/2255 3149/737/2564 3174/737/2563
f 2379/737/2256 2530/737/2255 3174/737/2563
f 2379/737/2256 3174/737/2563 3177/737/2562
f 3245/737/2650 3211/737/2651 3195/737/2652
f 3245/737/2650 3195/737/2652 3226/737/2653
f 3301/737/2654 3299/737/2655 3211/737/2651
f 3301/737/2654 3211/737/2651 3245/737/2650
f 3267/1017/2656 3210/1018/2657 3197/1019/2658
f 3267/1017/2656 3197/1019/2658 3276/879/2268
f 3303/1020/2659 3300/1021/2660 3210/1018/2657
f 3303/1020/2659 3210/1018/2657 3267/1017/2656
f 3240/1022/2661 3218/1023/2662 3196/1024/2663
f 3240/1022/2661 3196/1024/2663 3209/1025/2664
f 3220/892/2288 3241/1022/2665 3208/1025/2666
f 3220/892/2288 3208/1025/2666 3197/1019/2658
f 3238/877/2667 3224/647/2668 3193/648/2669
f 3238/877/2667 3193/648/2669 3207/877/2670
f 3218/1023/2662 3238/877/2667 3207/877/2670
f 3218/1023/2662 3207/877/2670 3196/1024/2663
f 3236/824/2671 3215/1026/2672 3188/1027/2673
f 3236/824/2671 3188/1027/2673 3204/824/2674
f 3221/810/2675 3234/824/2676 3205/824/2677
f 3221/810/2675 3205/824/2677 3186/1028/2678
f 3233/1029/2679 3217/1030/2680 3192/1031/2681
f 3233/1029/2679 3192/1031/2681 3203/1032/2682
f 3222/1033/2683 3233/1029/2679 3203/1032/2682
f 3222/1033/2683 3203/1032/2682 3189/1034/2684
f 3232/737/2685 3216/737/2686 3190/737/2687
f 3232/737/2685 3190/737/2687 3202/737/2688
f 3223/737/2689 3232/737/2685 3202/737/2688
f 3223/737/2689 3202/737/2688 3191/737/2690
f 3231/1035/2691 3222/1033/2683 3189/1034/2684
f 3231/1035/2691 3189/1034/2684 3201/1036/2692
f 3215/1026/2672 3231/1035/2691 3201/1036/2692
f 3215/1026/2672 3201/1036/2692 3188/1027/2673
f 3229/1037/2693 3221/810/2675 3186/1028/2678
f 3229/1037/2693 3186/1028/2678 3200/1037/2694
f 3214/808/2695 3229/1037/2693 3200/1037/2694
f 3214/808/2695 3200/1037/2694 3185/808/2696
f 3227/737/2697 3213/737/2698 3184/737/2699
f 3227/737/2697 3184/737/2699 3198/737/2700
f 3216/737/2686 3227/737/2697 3198/737/2700
f 3216/737/2686 3198/737/2700 3190/737/2687
f 2081/737/2013 2335/737/2043 3227/737/2697
f 2081/737/2013 3227/737/2697 3216/737/2686
f 2335/737/2043 2080/737/2042 3213/737/2698
f 2335/737/2043 3213/737/2698 3227/737/2697
f 2079/808/2142 2323/812/2141 3230/1037/2693
f 2079/808/2142 3230/1037/2693 3212/808/2698
f 2323/812/2140 2077/810/2701 3221/810/2675
f 2323/812/2140 3221/810/2675 3228/1037/2702
f 2085/825/2126 2325/826/2134 3231/1035/2691
f 2085/825/2126 3231/1035/2691 3215/1026/2672
f 2325/826/2134 2084/659/2133 3222/1033/2683
f 2325/826/2134 3222/1033/2683 3231/1035/2691
f 2083/737/2015 2324/737/2014 3232/737/2685
f 2083/737/2015 3232/737/2685 3223/737/2689
f 2324/737/2014 2081/737/2013 3216/737/2686
f 2324/737/2014 3216/737/2686 3232/737/2685
f 2084/659/2133 2336/823/2118 3233/1029/2679
f 2084/659/2133 3233/1029/2679 3222/1033/2683
f 2336/823/2118 2089/791/2026 3217/1030/2680
f 2336/823/2118 3217/1030/2680 3233/1029/2679
f 2078/810/2701 2328/824/2703 3237/824/2676
f 2078/810/2701 3237/824/2676 3221/810/2704
f 2329/824/2127 2085/825/2126 3215/1026/2672
f 2329/824/2127 3215/1026/2672 3235/824/2705
f 2117/797/2171 2403/792/2304 3239/877/2667
f 2117/797/2171 3239/877/2667 3219/1023/2706
f 2403/792/2304 2122/647/2707 3225/647/2668
f 2403/792/2304 3225/647/2668 3239/877/2667
f 2119/855/2173 2402/854/2172 3242/1022/2665
f 2119/855/2173 3242/1022/2665 3220/892/2288
f 2402/854/2708 2117/797/2171 3219/1023/2706
f 2402/854/2708 3219/1023/2706 3243/1022/2661
f 3287/737/2709 3301/737/2654 3245/737/2650
f 3287/737/2709 3245/737/2650 2426/737/2710
f 2426/737/2710 3245/737/2650 3226/737/2653
f 2426/737/2710 3226/737/2653 2121/737/2303
f 3210/1018/2657 3244/891/2287 3220/892/2288
f 3210/1018/2657 3220/892/2288 3197/1019/2658
f 3300/1021/2660 3302/890/2286 3244/891/2287
f 3300/1021/2660 3244/891/2287 3210/1018/2657
f 3295/888/2284 3303/1020/2659 3267/1017/2656
f 3295/888/2284 3267/1017/2656 2537/889/2285
f 2537/889/2285 3267/1017/2656 3276/879/2268
f 2537/889/2285 3276/879/2268 2417/882/2271
f 3211/737/2651 3268/737/2293 3252/737/2263
f 3211/737/2651 3252/737/2263 3195/737/2652
f 3299/737/2655 3304/737/2290 3268/737/2293
f 3299/737/2655 3268/737/2293 3211/737/2651
f 3209/1025/2664 3196/1024/2663 3275/742/2259
f 3209/1025/2664 3275/742/2259 3266/880/2711
f 3197/1019/2658 3208/1025/2666 3265/880/2269
f 3197/1019/2658 3265/880/2269 3276/879/2268
f 3207/877/2670 3194/648/2669 3251/878/2263
f 3207/877/2670 3251/878/2263 3264/877/2712
f 3196/1024/2663 3207/877/2670 3263/877/2260
f 3196/1024/2663 3263/877/2260 3275/742/2259
f 3206/824/2713 3188/1027/2673 3271/813/2100
f 3206/824/2713 3271/813/2100 3261/824/2187
f 3187/1028/2678 3206/824/2677 3260/824/2184
f 3187/1028/2678 3260/824/2184 3246/810/2714
f 3203/1032/2682 3192/1031/2681 3273/858/2181
f 3203/1032/2682 3273/858/2181 3259/856/2179
f 3189/1034/2684 3203/1032/2682 3259/856/2179
f 3189/1034/2684 3259/856/2179 3248/817/2104
f 3202/737/2688 3190/737/2687 3272/737/2079
f 3202/737/2688 3272/737/2079 3258/737/2175
f 3191/737/2690 3202/737/2688 3258/737/2175
f 3191/737/2690 3258/737/2175 3249/737/2174
f 3201/1036/2692 3189/1034/2684 3248/817/2104
f 3201/1036/2692 3248/817/2104 3257/814/2101
f 3188/1027/2673 3201/1036/2692 3257/814/2101
f 3188/1027/2673 3257/814/2101 3271/813/2100
f 3199/1037/2715 3187/1028/2678 3246/810/2714
f 3199/1037/2715 3246/810/2714 3255/809/2089
f 3183/808/2696 3199/1037/2694 3256/809/2716
f 3183/808/2696 3256/809/2716 3269/808/2088
f 3198/737/2700 3184/737/2699 3270/737/2083
f 3198/737/2700 3270/737/2083 3253/737/2080
f 3190/737/2687 3198/737/2700 3253/737/2080
f 3190/737/2687 3253/737/2080 3272/737/2079
f 3191/737/2690 3249/737/2174 3304/737/2290
f 3191/737/2690 3304/737/2290 3299/737/2655
f 2372/859/2182 3273/858/2181 3303/1020/2659
f 2372/859/2182 3303/1020/2659 3295/888/2284
f 3192/1031/2681 3217/1030/2680 3302/890/2286
f 3192/1031/2681 3302/890/2286 3300/1021/2660
f 2083/737/2015 3223/737/2689 3301/737/2654
f 2083/737/2015 3301/737/2654 3287/737/2709
f 3273/858/2181 3192/1031/2681 3300/1021/2660
f 3273/858/2181 3300/1021/2660 3303/1020/2659
f 3223/737/2689 3191/737/2690 3299/737/2655
f 3223/737/2689 3299/737/2655 3301/737/2654
f 2331/746/2034 2082/649/2033 3288/649/2300
f 2331/746/2034 3288/649/2300 3298/746/2717
f 2088/742/2037 2330/746/2036 3298/746/2297
f 2088/742/2037 3298/746/2297 3278/853/2718
f 2370/737/2177 2101/737/2155 3284/737/2294
f 2370/737/2177 3284/737/2294 3296/737/2291
f 3249/737/2174 2370/737/2177 3296/737/2291
f 3249/737/2174 3296/737/2291 3304/737/2290
f 3217/1030/2680 2089/791/2026 3279/849/2163
f 3217/1030/2680 3279/849/2163 3302/890/2286
f 2106/832/2148 2372/859/2182 3295/888/2284
f 2106/832/2148 3295/888/2284 3285/885/2280
f 2358/833/2149 2106/832/2148 3285/885/2280
f 2358/833/2149 3285/885/2280 3294/883/2278
f 2105/834/2150 2358/833/2149 3294/883/2278
f 2105/834/2150 3294/883/2278 3281/803/2074
f 2326/790/2719 2086/742/2720 3277/853/2168
f 2326/790/2719 3277/853/2168 3290/850/2167
f 2091/791/2026 2326/790/2024 3291/850/2164
f 2091/791/2026 3291/850/2164 3280/849/2721
f 2361/839/2154 2105/834/2150 3281/803/2074
f 2361/839/2154 3281/803/2074 3289/800/2071
f 2100/840/2155 2361/839/2154 3289/800/2071
f 2100/840/2155 3289/800/2071 3282/799/2070
f 3316/568/2722 3444/571/2723 3705/570/2724
f 3316/568/2722 3705/570/2724 3466/569/2725
f 3466/569/2725 3705/570/2724 3455/573/2726
f 3466/569/2725 3455/573/2726 3317/572/2727
f 3705/570/2724 3454/575/2728 3314/574/2729
f 3705/570/2724 3314/574/2729 3455/573/2726
f 3444/571/2723 3306/576/2730 3454/575/2728
f 3444/571/2723 3454/575/2728 3705/570/2724
f 3845/577/2731 3847/580/2732 3706/579/2733
f 3845/577/2731 3706/579/2733 3458/578/2734
f 3458/578/2734 3706/579/2733 3440/582/2735
f 3458/578/2734 3440/582/2735 3310/581/2736
f 3706/579/2733 3442/584/2737 3308/583/2738
f 3706/579/2733 3308/583/2738 3440/582/2735
f 3847/580/2732 3842/585/2739 3442/584/2737
f 3847/580/2732 3442/584/2737 3706/579/2733
f 3846/586/2740 3848/589/2741 3707/588/2742
f 3846/586/2740 3707/588/2742 3465/587/2743
f 3465/587/2743 3707/588/2742 3444/571/2723
f 3465/587/2743 3444/571/2723 3316/568/2722
f 3707/588/2742 3445/590/2744 3306/576/2730
f 3707/588/2742 3306/576/2730 3444/571/2723
f 3848/589/2741 3843/591/2745 3445/590/2744
f 3848/589/2741 3445/590/2744 3707/588/2742
f 3844/592/2746 3849/595/2747 3708/594/2748
f 3844/592/2746 3708/594/2748 3457/593/2749
f 3457/593/2749 3708/594/2748 3447/597/2750
f 3457/593/2749 3447/597/2750 3313/596/2751
f 3708/594/2748 2133/599/1691 1971/598/1690
f 3708/594/2748 1971/598/1690 3447/597/2750
f 3849/595/2747 2573/600/1692 2133/599/1691
f 3849/595/2747 2133/599/1691 3708/594/2748
f 2617/601/1693 2199/604/1696 3709/603/2752
f 2617/601/1693 3709/603/2752 3865/602/2753
f 3865/602/2753 3709/603/2752 3456/606/2754
f 3865/602/2753 3456/606/2754 3871/605/2755
f 3709/603/2752 3469/608/2756 3319/607/2757
f 3709/603/2752 3319/607/2757 3456/606/2754
f 2200/604/1696 2005/601/1701 3469/608/2756
f 2200/604/1696 3469/608/2756 3709/603/2752
f 3317/572/2727 3455/573/2726 3710/610/2758
f 3317/572/2727 3710/610/2758 3464/609/2759
f 3464/609/2759 3710/610/2758 2160/612/1705
f 3464/609/2759 2160/612/1705 1991/611/1704
f 3710/610/2758 3448/614/2760 1973/613/1690
f 3710/610/2758 1973/613/1690 2160/612/1705
f 3455/573/2726 3314/574/2729 3448/614/2760
f 3455/573/2726 3448/614/2760 3710/610/2758
f 3873/615/2761 3487/618/2762 3711/617/2763
f 3873/615/2761 3711/617/2763 3866/616/2764
f 3866/616/2764 3711/617/2763 3463/620/2765
f 3866/616/2764 3463/620/2765 3872/619/2766
f 3711/617/2763 3473/622/2767 3323/621/2768
f 3711/617/2763 3323/621/2768 3463/620/2765
f 3487/618/2762 3325/623/2769 3473/622/2767
f 3487/618/2762 3473/622/2767 3711/617/2763
f 3843/591/2745 3850/625/2770 3712/624/2771
f 3843/591/2745 3712/624/2771 3445/590/2744
f 3445/590/2744 3712/624/2771 3453/626/2772
f 3445/590/2744 3453/626/2772 3306/576/2730
f 3712/624/2771 3457/593/2749 3313/596/2751
f 3712/624/2771 3313/596/2751 3453/626/2772
f 3850/625/2770 3844/592/2746 3457/593/2749
f 3850/625/2770 3457/593/2749 3712/624/2771
f 2575/627/1719 3851/630/2773 3713/629/2774
f 2575/627/1719 3713/629/2774 2137/628/1720
f 2137/628/1720 3713/629/2774 3450/632/2775
f 2137/628/1720 3450/632/2775 1977/631/1723
f 3713/629/2774 3458/578/2734 3310/581/2736
f 3713/629/2774 3310/581/2736 3450/632/2775
f 3851/630/2773 3845/577/2731 3458/578/2734
f 3851/630/2773 3458/578/2734 3713/629/2774
f 3871/605/2755 3456/606/2754 3714/634/2776
f 3871/605/2755 3714/634/2776 3867/633/2777
f 3867/633/2777 3714/634/2776 3462/636/2778
f 3867/633/2777 3462/636/2778 3864/635/2779
f 3714/634/2776 3476/638/2780 3321/637/2781
f 3714/634/2776 3321/637/2781 3462/636/2778
f 3456/606/2754 3319/607/2757 3476/638/2780
f 3456/606/2754 3476/638/2780 3714/634/2776
f 3311/639/2736 3461/642/2782 3715/641/2783
f 3311/639/2736 3715/641/2783 3451/640/2784
f 3451/640/2784 3715/641/2783 2136/644/1736
f 3451/640/2784 2136/644/1736 1979/643/1735
f 3715/641/2783 3464/609/2759 1991/611/1704
f 3715/641/2783 1991/611/1704 2136/644/1736
f 3461/642/2782 3317/572/2727 3464/609/2759
f 3461/642/2782 3464/609/2759 3715/641/2783
f 3872/619/2766 3463/620/2765 3716/646/2785
f 3872/619/2766 3716/646/2785 3868/645/2786
f 3868/645/2786 3716/646/2785 2167/648/1740
f 3868/645/2786 2167/648/1740 2604/647/1739
f 3716/646/2785 3477/650/2787 2000/649/1741
f 3716/646/2785 2000/649/1741 2167/648/1740
f 3463/620/2765 3323/621/2768 3477/650/2787
f 3463/620/2765 3477/650/2787 3716/646/2785
f 3842/585/2739 3852/652/2788 3717/651/2789
f 3842/585/2739 3717/651/2789 3442/584/2737
f 3442/584/2737 3717/651/2789 3460/653/2790
f 3442/584/2737 3460/653/2790 3308/583/2738
f 3717/651/2789 3465/587/2743 3316/568/2722
f 3717/651/2789 3316/568/2722 3460/653/2790
f 3852/652/2788 3846/586/2740 3465/587/2743
f 3852/652/2788 3465/587/2743 3717/651/2789
f 3308/583/2738 3460/653/2790 3718/655/2791
f 3308/583/2738 3718/655/2791 3441/654/2792
f 3441/654/2792 3718/655/2791 3461/642/2782
f 3441/654/2792 3461/642/2782 3311/639/2736
f 3718/655/2791 3466/569/2725 3317/572/2727
f 3718/655/2791 3317/572/2727 3461/642/2782
f 3460/653/2790 3316/568/2722 3466/569/2725
f 3460/653/2790 3466/569/2725 3718/655/2791
f 3966/656/2793 3507/659/2794 3719/658/2795
f 3966/656/2793 3719/658/2795 3948/657/2796
f 3948/657/2796 3719/658/2795 3484/660/2797
f 3948/657/2796 3484/660/2797 3962/660/2798
f 3885/661/2799 3501/662/2800 3335/623/2801
f 3885/661/2799 3335/623/2801 3877/623/2802
f 3882/663/2803 3329/659/2804 3501/662/2805
f 3882/663/2803 3501/662/2805 3886/661/2806
f 2724/601/1762 2185/604/1765 3720/665/2807
f 2724/601/1762 3720/665/2807 3949/664/2808
f 3949/664/2808 3720/665/2807 3481/667/2809
f 3949/664/2808 3481/667/2809 3942/666/2810
f 3887/668/2811 3438/671/2812 3327/670/2813
f 3887/668/2811 3327/670/2813 3876/669/2814
f 2620/601/1772 2019/601/1773 3436/671/2812
f 2620/601/1772 3436/671/2812 3887/668/2811
f 3962/660/2815 3483/660/2816 3721/673/2817
f 3962/660/2815 3721/673/2817 3953/672/2818
f 3951/672/2819 3721/673/2820 3486/675/2821
f 3951/672/2819 3486/675/2821 3963/674/2822
f 3888/676/2823 3491/679/2824 3332/678/2825
f 3888/676/2823 3332/678/2825 3879/677/2826
f 3877/623/2827 3334/623/2828 3492/679/2829
f 3877/623/2827 3492/679/2829 3889/676/2823
f 3963/674/2822 3486/675/2821 3722/681/2830
f 3963/674/2822 3722/681/2830 3954/680/2831
f 3954/680/2831 3722/681/2830 2188/648/1792
f 3954/680/2831 2188/648/1792 2699/647/1791
f 3891/682/2832 3497/683/2833 1996/649/1795
f 3891/682/2832 1996/649/1795 2621/649/1794
f 3879/677/2826 3332/678/2825 3497/683/2833
f 3879/677/2826 3497/683/2833 3891/682/2832
f 3874/684/2834 3488/687/2835 3724/686/2836
f 3874/684/2834 3724/686/2836 3869/685/2837
f 3869/685/2837 3724/686/2836 3487/618/2762
f 3869/685/2837 3487/618/2762 3873/615/2761
f 3724/686/2836 3479/688/2838 3325/623/2769
f 3724/686/2836 3325/623/2769 3487/618/2762
f 3488/687/2835 3320/659/2839 3479/688/2838
f 3488/687/2835 3479/688/2838 3724/686/2836
f 3864/635/2779 3462/636/2778 3725/690/2840
f 3864/635/2779 3725/690/2840 3870/689/2841
f 3870/689/2841 3725/690/2840 3488/687/2835
f 3870/689/2841 3488/687/2835 3874/684/2834
f 3725/690/2840 3471/691/2842 3320/659/2839
f 3725/690/2840 3320/659/2839 3488/687/2835
f 3462/636/2778 3321/637/2781 3471/691/2842
f 3462/636/2778 3471/691/2842 3725/690/2840
f 4160/692/2843 3535/695/2844 3727/694/2845
f 4160/692/2843 3727/694/2845 4137/693/2846
f 4135/693/2847 3727/694/2848 3533/697/2849
f 4135/693/2847 3533/697/2849 4134/696/2850
f 4005/698/2851 3516/701/2852 3339/700/2853
f 4005/698/2851 3339/700/2853 3995/699/2854
f 4003/702/2855 3318/703/2856 3516/701/2852
f 4003/702/2855 3516/701/2852 4006/698/2857
f 4150/656/2858 3498/659/2859 3728/705/2860
f 4150/656/2858 3728/705/2860 4139/704/2861
f 4139/704/2861 3728/705/2860 3504/707/2862
f 4139/704/2861 3504/707/2862 4153/706/2863
f 4011/708/2864 3522/710/2865 3342/623/2866
f 4011/708/2864 3342/623/2866 4000/709/2867
f 3996/711/2868 3337/659/2869 3521/710/2865
f 3996/711/2868 3521/710/2865 4009/708/2870
f 4154/706/2871 3503/707/2872 3729/713/2873
f 4154/706/2871 3729/713/2873 4141/712/2874
f 4142/712/2875 3731/713/2873 3505/715/2876
f 4142/712/2875 3505/715/2876 4155/714/2877
f 4012/716/2878 3512/719/2879 3340/718/2880
f 4012/716/2878 3340/718/2880 4001/717/2881
f 4000/709/2867 3342/623/2866 3515/719/2882
f 4000/709/2867 3515/719/2882 4013/716/2883
f 4156/714/2884 3505/715/2876 3732/721/2885
f 4156/714/2884 3732/721/2885 4143/720/2886
f 4145/720/2886 3733/721/2885 2222/648/1853
f 4145/720/2886 2222/648/1853 2921/649/1852
f 4016/722/2887 3519/723/2888 2032/649/2889
f 4016/722/2887 2032/649/2889 2764/649/2890
f 4001/717/2881 3340/718/2880 3518/723/2891
f 4001/717/2881 3518/723/2891 4014/722/2892
f 3942/666/2810 3481/667/2809 3734/725/2893
f 3942/666/2810 3734/725/2893 3957/724/2894
f 3956/724/2895 3735/725/2893 3509/727/2896
f 3956/724/2895 3509/727/2896 3945/726/2897
f 3894/728/2898 3494/731/2899 3331/730/2900
f 3894/728/2898 3331/730/2900 3884/729/2901
f 3875/669/2814 3328/670/2813 3493/731/2902
f 3875/669/2814 3493/731/2902 3893/728/2903
f 3945/726/2897 3509/727/2896 3737/733/2904
f 3945/726/2897 3737/733/2904 3960/732/2905
f 3960/732/2905 3737/733/2904 3507/659/2794
f 3960/732/2905 3507/659/2794 3966/656/2793
f 3895/734/2906 3490/735/2907 3329/659/2804
f 3895/734/2906 3329/659/2804 3882/663/2803
f 3884/729/2901 3331/730/2900 3490/735/2907
f 3884/729/2901 3490/735/2907 3895/734/2906
f 4030/659/2908 3562/659/2909 3739/658/2910
f 4030/659/2908 3739/658/2910 4041/736/2911
f 4041/736/2911 3739/658/2910 3524/660/2912
f 4041/736/2911 3524/660/2912 4025/623/2913
f 3740/658/2910 3555/658/2914 3362/623/2915
f 3740/658/2910 3362/623/2915 3525/660/2916
f 3562/659/2909 3352/659/2917 3555/658/2918
f 3562/659/2909 3555/658/2918 3739/658/2910
f 4029/737/2919 3531/737/2920 3741/737/2921
f 4029/737/2919 3741/737/2921 4043/737/2922
f 4043/737/2922 3741/737/2921 3520/737/2923
f 4043/737/2922 3520/737/2923 4024/737/2924
f 3741/737/2921 3538/737/2925 3348/737/2926
f 3741/737/2921 3348/737/2926 3520/737/2923
f 3531/737/2920 3351/737/2927 3538/737/2925
f 3531/737/2920 3538/737/2925 3741/737/2921
f 4025/623/2913 3524/660/2912 3743/739/2928
f 4025/623/2913 3743/739/2928 4044/738/2929
f 4044/738/2929 3743/739/2928 3527/741/2930
f 4044/738/2929 3527/741/2930 4026/740/2931
f 3742/739/2932 3544/743/2933 3359/742/2934
f 3742/739/2932 3359/742/2934 3526/741/2930
f 3523/660/2935 3361/623/2936 3545/743/2937
f 3523/660/2935 3545/743/2937 3743/739/2938
f 4026/740/2931 3527/741/2930 3744/745/2939
f 4026/740/2931 3744/745/2939 4045/744/2940
f 4046/744/2940 3744/745/2941 3530/648/2942
f 4046/744/2940 3530/648/2942 4027/649/2919
f 3744/745/2943 3550/746/2944 3349/649/2927
f 3744/745/2943 3349/649/2927 3529/648/2942
f 3528/741/2930 3359/742/2945 3548/746/2946
f 3528/741/2930 3548/746/2946 3744/745/2947
f 4134/696/2850 3533/697/2849 3745/748/2948
f 4134/696/2850 3745/748/2948 4147/747/2949
f 4146/747/2949 3746/748/2950 3498/659/2859
f 4146/747/2949 3498/659/2859 4150/656/2858
f 4017/749/2951 3510/750/2952 3337/659/2869
f 4017/749/2951 3337/659/2869 3996/711/2868
f 3995/699/2854 3339/700/2853 3511/750/2953
f 3995/699/2854 3511/750/2953 4019/749/2954
f 2948/604/1920 2257/604/1923 3748/752/2955
f 2948/604/1920 3748/752/2955 4149/751/2956
f 4148/751/2956 3747/752/2955 3534/695/2957
f 4148/751/2956 3534/695/2957 4159/692/2843
f 4023/753/2958 3468/754/2959 3318/703/2856
f 4023/753/2958 3318/703/2856 4003/702/2855
f 2776/601/2960 2016/601/2961 3467/754/2962
f 2776/601/2960 3467/754/2962 4021/753/2958
f 3354/755/2963 3592/758/2964 3750/757/2965
f 3354/755/2963 3750/757/2965 3540/756/2966
f 3542/756/2967 3749/757/2968 3552/759/2969
f 3542/756/2967 3552/759/2969 3353/659/2970
f 4339/760/2971 3573/762/2972 3371/761/2973
f 4339/760/2971 3371/761/2973 4328/656/2974
f 4325/763/2975 3375/764/2976 3576/762/2977
f 4325/763/2975 3576/762/2977 4338/760/2978
f 3344/765/2979 3594/768/2980 3751/767/2981
f 3344/765/2979 3751/767/2981 3546/766/2982
f 3547/766/2982 3752/767/2983 3593/758/2984
f 3547/766/2982 3593/758/2984 3357/755/2985
f 4343/769/2986 3579/770/2987 3373/764/2988
f 4343/769/2986 3373/764/2988 4327/763/2989
f 4333/771/2990 3363/772/2991 3579/770/2992
f 4333/771/2990 3579/770/2992 4344/769/2993
f 3352/659/2917 3553/759/2994 3753/658/2995
f 3352/659/2917 3753/658/2995 3555/658/2918
f 3555/658/2918 3754/658/2996 3557/773/2997
f 3555/658/2918 3557/773/2997 3360/623/2998
f 4347/774/2999 3586/658/3000 3378/773/3001
f 4347/774/2999 3378/773/3001 4322/660/3002
f 4328/656/2974 3371/761/2973 3586/658/3000
f 4328/656/2974 3586/658/3000 4347/774/2999
f 3351/737/2927 3560/737/3003 3755/737/3004
f 3351/737/2927 3755/737/3004 3538/737/2925
f 3538/737/2925 3755/737/3004 3561/737/3005
f 3538/737/2925 3561/737/3005 3348/737/2926
f 4348/737/3006 3572/737/3007 3367/737/3008
f 4348/737/3006 3367/737/3008 4323/737/3009
f 4331/737/3010 3368/737/3011 3572/737/3007
f 4331/737/3010 3572/737/3007 4348/737/3006
f 4036/601/3012 3565/604/3013 3756/776/3014
f 4036/601/3012 3756/776/3014 4047/775/3015
f 4047/775/3015 3756/776/3014 3563/778/3016
f 4047/775/3015 3563/778/3016 4034/777/3017
f 3756/776/3014 3536/779/3018 3344/765/2979
f 3756/776/3014 3344/765/2979 3563/778/3016
f 3566/604/3019 3346/601/3020 3537/779/3021
f 3566/604/3019 3537/779/3021 3757/776/3014
f 4035/777/3017 3564/778/3022 3759/781/3023
f 4035/777/3017 3759/781/3023 4050/780/3024
f 4050/780/3024 3759/781/3023 3568/783/3025
f 4050/780/3024 3568/783/3025 4039/782/3026
f 3758/781/3023 3546/766/2982 3356/755/2985
f 3758/781/3023 3356/755/2985 3569/783/3027
f 3563/778/3016 3344/765/2979 3546/766/2982
f 3563/778/3016 3546/766/2982 3758/781/3023
f 4039/782/3026 3568/783/3025 3761/785/3028
f 4039/782/3026 3761/785/3028 4052/784/3029
f 4052/784/3029 3762/785/3030 3562/659/3031
f 4052/784/3029 3562/659/3031 4031/659/3032
f 3760/785/3030 3539/756/2967 3353/659/2917
f 3760/785/3030 3353/659/2917 3562/659/3031
f 3568/783/3025 3355/755/2963 3541/756/2966
f 3568/783/3025 3541/756/2966 3761/785/3028
f 4024/737/2924 3520/737/2923 3763/737/3033
f 4024/737/2924 3763/737/3033 4053/737/3034
f 4053/737/3034 3763/737/3033 3567/737/3035
f 4053/737/3034 3567/737/3035 4038/737/3012
f 3763/737/3033 3554/737/3036 3347/737/3037
f 3763/737/3033 3347/737/3037 3567/737/3035
f 3520/737/2923 3348/737/2926 3554/737/3036
f 3520/737/2923 3554/737/3036 3763/737/3033
f 3414/737/3038 3588/737/3039 3764/737/3040
f 3414/737/3038 3764/737/3040 3679/737/3041
f 3679/737/3041 3764/737/3040 3658/737/3042
f 3679/737/3041 3658/737/3042 3415/737/3043
f 3764/737/3040 3602/737/3044 3386/737/3045
f 3764/737/3040 3386/737/3045 3658/737/3042
f 3588/737/3039 3388/737/3046 3602/737/3044
f 3588/737/3039 3602/737/3044 3764/737/3040
f 3418/773/3047 3663/788/3048 3765/787/3049
f 3418/773/3047 3765/787/3049 3677/786/3050
f 3677/786/3050 3765/787/3049 3652/789/3051
f 3677/786/3050 3652/789/3051 3398/742/3052
f 3766/787/3053 3604/790/3054 3392/742/3055
f 3766/787/3053 3392/742/3055 3651/789/3051
f 3662/788/3048 3394/791/3056 3604/790/3054
f 3662/788/3048 3604/790/3054 3766/787/3053
f 3399/742/3057 3653/789/3058 3767/792/3059
f 3399/742/3057 3767/792/3059 3676/746/3060
f 3676/746/3060 3767/792/3059 3587/648/3061
f 3676/746/3060 3587/648/3061 3413/647/3062
f 3767/792/3059 3608/746/3063 3387/649/3064
f 3767/792/3059 3387/649/3064 3587/648/3061
f 3654/789/3058 3391/742/3065 3609/746/3066
f 3654/789/3058 3609/746/3066 3767/792/3067
f 3415/737/3043 3658/737/3042 3768/737/3068
f 3415/737/3043 3768/737/3068 3675/737/3069
f 3675/737/3069 3768/737/3068 3591/737/3070
f 3675/737/3069 3591/737/3070 3417/737/3071
f 3768/737/3068 3613/737/3072 3385/737/3073
f 3768/737/3068 3385/737/3073 3591/737/3070
f 3658/737/3042 3386/737/3045 3613/737/3072
f 3658/737/3042 3613/737/3072 3768/737/3068
f 3345/601/3037 3595/604/3074 3769/793/3075
f 3345/601/3037 3769/793/3075 3536/779/3018
f 3536/779/3018 3769/793/3075 3594/768/2980
f 3536/779/3018 3594/768/2980 3344/765/2979
f 4352/794/3076 3571/795/3077 3363/772/2991
f 4352/794/3076 3363/772/2991 4333/771/2990
f 4334/796/3078 3365/601/3079 3571/795/3077
f 4334/796/3078 3571/795/3077 4351/794/3080
f 3348/737/2926 3561/737/3005 3771/737/3081
f 3348/737/2926 3771/737/3081 3554/737/3036
f 3554/737/3036 3771/737/3081 3597/737/3082
f 3554/737/3036 3597/737/3082 3347/737/3037
f 4353/737/3083 3585/737/3084 3366/737/3085
f 4353/737/3083 3366/737/3085 4336/737/3078
f 4323/737/3009 3367/737/3008 3585/737/3084
f 4323/737/3009 3585/737/3084 4353/737/3083
f 3358/742/3086 3598/797/3087 3773/792/3088
f 3358/742/3086 3773/792/3088 3549/746/2946
f 3551/746/3089 3773/792/3090 3559/648/3091
f 3551/746/3089 3559/648/3091 3350/649/2927
f 4355/798/3092 3582/792/3093 3369/647/3094
f 4355/798/3092 3369/647/3094 4329/647/3095
f 4337/789/3096 3377/797/3097 3582/792/3093
f 4337/789/3096 3582/792/3093 4355/798/3092
f 3360/623/2998 3557/773/2997 3774/786/3098
f 3360/623/2998 3774/786/3098 3543/743/2937
f 3543/743/2937 3774/786/3098 3598/797/3087
f 3543/743/2937 3598/797/3087 3358/742/3086
f 4357/743/3099 3577/786/3100 3377/797/3097
f 4357/743/3099 3377/797/3097 4337/789/3096
f 4322/660/3002 3378/773/3001 3577/786/3100
f 4322/660/3002 3577/786/3100 4357/743/3099
f 4493/799/3101 3698/802/3102 3775/801/3103
f 4493/799/3101 3775/801/3103 4500/800/3104
f 4500/800/3104 3775/801/3103 3697/804/3105
f 4500/800/3104 3697/804/3105 4492/803/3106
f 3775/801/3103 3685/806/3107 3428/805/3108
f 3775/801/3103 3428/805/3108 3697/804/3105
f 3698/802/3102 3433/807/3109 3685/806/3107
f 3698/802/3102 3685/806/3107 3775/801/3103
f 4483/737/3110 3647/737/3111 3776/737/3112
f 4483/737/3110 3776/737/3112 4464/737/3113
f 4464/737/3113 3776/737/3112 3612/737/3114
f 4464/737/3113 3612/737/3114 4481/737/3115
f 3776/737/3112 3642/737/3116 3402/737/3117
f 3776/737/3112 3402/737/3117 3612/737/3114
f 3647/737/3111 3404/737/3118 3642/737/3116
f 3647/737/3111 3642/737/3116 3776/737/3112
f 4480/808/3119 3611/604/3120 3777/795/3121
f 4480/808/3119 3777/795/3121 4467/809/3122
f 4467/809/3122 3777/795/3121 3618/811/3123
f 4467/809/3122 3618/811/3123 4457/810/3124
f 3777/795/3121 3631/812/3125 3380/810/3126
f 3777/795/3121 3380/810/3126 3618/811/3123
f 3610/604/3127 3401/808/3117 3632/812/3125
f 3610/604/3127 3632/812/3125 3778/795/3128
f 4482/813/3129 3619/816/3130 3779/815/3131
f 4482/813/3129 3779/815/3131 4468/814/3132
f 4468/814/3132 3779/815/3131 3621/818/3133
f 4468/814/3132 3621/818/3133 4459/817/3134
f 3779/815/3131 3635/820/3135 3407/819/3136
f 3779/815/3131 3407/819/3136 3621/818/3133
f 3619/816/3130 3408/821/3137 3635/820/3135
f 3619/816/3130 3635/820/3135 3779/815/3131
f 3419/659/3138 3664/659/3139 3781/822/3140
f 3419/659/3138 3781/822/3140 3674/658/3141
f 3674/658/3141 3781/822/3140 3663/788/3048
f 3674/658/3141 3663/788/3048 3418/773/3047
f 3780/822/3142 3615/823/3143 3396/791/3056
f 3780/822/3142 3396/791/3056 3661/788/3048
f 3665/659/3144 3389/659/3145 3614/823/3146
f 3665/659/3144 3614/823/3146 3780/822/3140
f 3421/810/3147 3669/811/3148 3782/824/3149
f 3421/810/3147 3782/824/3149 3672/824/3150
f 3672/824/3150 3782/824/3149 3627/825/3151
f 3672/824/3150 3627/825/3151 3420/825/3152
f 3782/824/3149 3607/824/3153 3390/825/3154
f 3782/824/3149 3390/825/3154 3627/825/3151
f 3668/811/3148 3383/810/3155 3606/824/3156
f 3668/811/3148 3606/824/3156 3782/824/3149
f 3420/825/3152 3627/825/3151 3783/826/3157
f 3420/825/3152 3783/826/3157 3671/762/3158
f 3671/762/3158 3783/826/3157 3664/659/3139
f 3671/762/3158 3664/659/3139 3419/659/3138
f 3783/826/3157 3603/826/3159 3389/659/3160
f 3783/826/3157 3389/659/3160 3664/659/3139
f 3627/825/3151 3390/825/3154 3603/826/3159
f 3627/825/3151 3603/826/3159 3783/826/3157
f 3416/601/3161 3590/604/3162 3784/795/3163
f 3416/601/3161 3784/795/3163 3670/812/3164
f 3670/812/3164 3784/795/3163 3669/811/3148
f 3670/812/3164 3669/811/3148 3421/810/3147
f 3784/795/3165 3601/812/3166 3383/810/3155
f 3784/795/3165 3383/810/3155 3668/811/3148
f 3590/604/3162 3384/808/3167 3600/812/3168
f 3590/604/3162 3600/812/3168 3784/795/3163
f 3412/827/3169 3640/830/2146 3785/829/3170
f 3412/827/3169 3785/829/3170 3646/828/3171
f 3646/828/3171 3785/829/3170 3643/831/3172
f 3646/828/3171 3643/831/3172 3407/819/3136
f 3785/829/3170 3636/833/3173 3411/832/3174
f 3785/829/3170 3411/832/3174 3643/831/3172
f 3640/830/2146 3410/834/3175 3636/833/3173
f 3640/830/2146 3636/833/3173 3785/829/3170
f 3403/835/3118 3633/838/3176 3786/837/3177
f 3403/835/3118 3786/837/3177 3645/836/3178
f 3645/836/3178 3786/837/3177 3640/830/2146
f 3645/836/3178 3640/830/2146 3412/827/3169
f 3786/837/3177 3639/839/3179 3410/834/3175
f 3786/837/3177 3410/834/3175 3640/830/2146
f 3633/838/3176 3405/840/3180 3639/839/3179
f 3633/838/3176 3639/839/3179 3786/837/3177
f 3400/841/3181 3641/844/3182 3787/843/3183
f 3400/841/3181 3787/843/3183 3630/842/3184
f 3630/842/3184 3787/843/3183 3644/846/3185
f 3630/842/3184 3644/846/3185 3379/845/3186
f 3787/843/3183 3645/836/3178 3412/827/3169
f 3787/843/3183 3412/827/3169 3644/846/3185
f 3641/844/3182 3403/835/3118 3645/836/3178
f 3641/844/3182 3645/836/3178 3787/843/3183
f 3379/845/3186 3644/846/3185 3788/848/3187
f 3379/845/3186 3788/848/3187 3637/847/3188
f 3637/847/3188 3788/848/3187 3635/820/3135
f 3637/847/3188 3635/820/3135 3408/821/3137
f 3788/848/3187 3646/828/3171 3407/819/3136
f 3788/848/3187 3407/819/3136 3635/820/3135
f 3644/846/3185 3412/827/3169 3646/828/3171
f 3644/846/3185 3646/828/3171 3788/848/3187
f 4491/849/3189 3696/852/3190 3790/851/3191
f 4491/849/3189 3790/851/3191 4501/850/3192
f 4502/850/3193 3789/851/3194 3649/797/3195
f 4502/850/3193 3649/797/3195 4489/853/3196
f 3790/851/3191 3680/854/3197 3423/797/3198
f 3790/851/3191 3423/797/3198 3649/797/3195
f 3696/852/3190 3424/855/3199 3680/854/3197
f 3696/852/3190 3680/854/3197 3790/851/3191
f 4460/737/3200 3648/737/3201 3791/737/3202
f 4460/737/3200 3791/737/3202 4469/737/3203
f 4469/737/3203 3791/737/3202 3647/737/3111
f 4469/737/3203 3647/737/3111 4483/737/3110
f 3791/737/3202 3634/737/3176 3404/737/3118
f 3791/737/3202 3404/737/3118 3647/737/3111
f 3648/737/3201 3406/737/3180 3634/737/3176
f 3648/737/3201 3634/737/3176 3791/737/3202
f 4459/817/3134 3621/818/3133 3792/857/3204
f 4459/817/3134 3792/857/3204 4470/856/3205
f 4470/856/3205 3792/857/3204 3650/859/3206
f 4470/856/3205 3650/859/3206 4484/858/3207
f 3792/857/3204 3643/831/3172 3411/832/3174
f 3792/857/3204 3411/832/3174 3650/859/3206
f 3621/818/3133 3407/819/3136 3643/831/3172
f 3621/818/3133 3643/831/3172 3792/857/3204
f 4458/810/3208 3617/811/3209 3793/824/3210
f 4458/810/3208 3793/824/3210 4472/824/3211
f 4471/824/3212 3793/824/3213 3619/816/3130
f 4471/824/3212 3619/816/3130 4482/813/3129
f 3794/824/3213 3638/824/3214 3409/821/3215
f 3794/824/3213 3409/821/3215 3620/816/3216
f 3618/811/3123 3380/810/3126 3638/824/3188
f 3618/811/3123 3638/824/3188 3793/824/3217
f 4216/601/3218 3659/604/3219 3796/795/3220
f 4216/601/3218 3796/795/3220 4220/860/3221
f 4221/860/3221 3795/795/3222 3628/811/3223
f 4221/860/3221 3628/811/3223 4244/810/3224
f 4203/861/3225 3670/812/3164 3421/810/3147
f 4203/861/3225 3421/810/3147 4197/810/3226
f 4200/601/3227 3416/601/3161 3670/812/3164
f 4200/601/3227 3670/812/3164 4203/861/3225
f 4219/862/3228 3666/864/3229 3797/826/3230
f 4219/862/3228 3797/826/3230 4222/863/3231
f 4223/863/3232 3798/826/3233 3626/759/3234
f 4223/863/3232 3626/759/3234 4243/663/3235
f 4204/865/3236 3671/762/3158 3419/659/3138
f 4204/865/3236 3419/659/3138 4196/866/3237
f 4202/864/3238 3420/825/3152 3671/762/3158
f 4202/864/3238 3671/762/3158 4204/865/3236
f 4244/810/3224 3628/811/3223 3802/824/3239
f 4244/810/3224 3802/824/3239 4224/824/3240
f 4224/824/3241 3799/824/3242 3667/864/3243
f 4224/824/3241 3667/864/3243 4218/862/3228
f 4205/824/3244 3673/824/3245 3420/825/3152
f 4205/824/3244 3420/825/3152 4202/864/3238
f 4197/810/3226 3421/810/3147 3672/824/3150
f 4197/810/3226 3672/824/3150 4205/824/3246
f 4243/663/3235 3626/759/3234 3804/868/3247
f 4243/663/3235 3804/868/3247 4226/867/3248
f 4226/867/3248 3804/868/3247 3622/870/3249
f 4226/867/3248 3622/870/3249 4240/869/3250
f 4207/871/3251 3674/658/3141 3418/773/3047
f 4207/871/3251 3418/773/3047 4195/869/3252
f 4196/866/3237 3419/659/3138 3674/658/3141
f 4196/866/3237 3674/658/3141 4207/871/3251
f 4239/737/3253 3589/737/3254 3805/737/3255
f 4239/737/3253 3805/737/3255 4229/737/3256
f 4229/737/3256 3805/737/3255 3660/737/3257
f 4229/737/3256 3660/737/3257 4217/737/3258
f 4208/737/3259 3675/737/3069 3417/737/3071
f 4208/737/3259 3417/737/3071 4201/737/3260
f 4194/737/3261 3415/737/3043 3675/737/3069
f 4194/737/3261 3675/737/3069 4208/737/3259
f 4238/872/3262 3584/797/3263 3806/792/3264
f 4238/872/3262 3806/792/3264 4231/873/3265
f 4231/873/3265 3806/792/3264 3655/648/3266
f 4231/873/3265 3655/648/3266 4214/647/3267
f 4209/746/3268 3676/746/3060 3413/647/3062
f 4209/746/3268 3413/647/3062 4199/647/3269
f 4193/874/3270 3399/742/3057 3676/746/3060
f 4193/874/3270 3676/746/3060 4209/746/3268
f 4241/869/3271 3623/870/3249 3808/786/3272
f 4241/869/3271 3808/786/3272 4234/875/3273
f 4233/875/3273 3808/786/3272 3584/797/3263
f 4233/875/3273 3584/797/3263 4238/872/3262
f 4211/876/3274 3678/786/3050 3399/742/3057
f 4211/876/3274 3399/742/3057 4193/874/3270
f 4195/869/3252 3418/773/3047 3677/786/3050
f 4195/869/3252 3677/786/3050 4212/876/3274
f 4215/737/3275 3657/737/3276 3809/737/3277
f 4215/737/3275 3809/737/3277 4236/737/3278
f 4236/737/3278 3809/737/3277 3589/737/3254
f 4236/737/3278 3589/737/3254 4239/737/3253
f 4213/737/3279 3679/737/3041 3415/737/3043
f 4213/737/3279 3415/737/3043 4194/737/3261
f 4198/737/3280 3414/737/3038 3679/737/3041
f 4198/737/3280 3679/737/3041 4213/737/3279
f 4485/742/3281 3691/797/3282 3810/792/3283
f 4485/742/3281 3810/792/3283 4475/877/3284
f 4475/877/3284 3810/792/3283 3688/648/3285
f 4475/877/3284 3688/648/3285 4462/878/3286
f 3810/792/3283 3686/746/3287 3434/649/3109
f 3810/792/3283 3434/649/3109 3688/648/3285
f 3693/797/3282 3430/742/3108 3687/746/3287
f 3693/797/3282 3687/746/3287 3811/792/3288
f 4487/879/3289 3694/882/3290 3813/881/3291
f 4487/879/3289 3813/881/3291 4477/880/3292
f 4477/880/3292 3813/881/3291 3690/797/3282
f 4477/880/3292 3690/797/3282 4486/742/3281
f 3812/881/3293 3684/743/3294 3429/742/3108
f 3812/881/3293 3429/742/3108 3692/797/3282
f 3695/882/3295 3432/623/3296 3684/743/3294
f 3695/882/3295 3684/743/3294 3812/881/3293
f 4492/803/3106 3697/804/3105 3814/884/3297
f 4492/803/3106 3814/884/3297 4505/883/3298
f 4505/883/3298 3814/884/3297 3700/886/3299
f 4505/883/3298 3700/886/3299 4496/885/3300
f 3814/884/3297 3683/887/3294 3431/623/3301
f 3814/884/3297 3431/623/3301 3700/886/3299
f 3697/804/3105 3428/805/3108 3683/887/3294
f 3697/804/3105 3683/887/3294 3814/884/3297
f 4496/885/3300 3700/886/3299 3815/889/3302
f 4496/885/3300 3815/889/3302 4506/888/3303
f 4513/890/3304 4455/891/3305 3696/852/3190
f 4513/890/3304 3696/852/3190 4491/849/3189
f 4455/891/3305 4431/892/3306 3424/855/3199
f 4455/891/3305 3424/855/3199 3696/852/3190
f 3701/886/3299 3432/623/3296 3695/882/3295
f 3701/886/3299 3695/882/3295 3816/889/3307
f 4515/737/3308 4479/737/3309 3817/737/3310
f 4515/737/3308 3817/737/3310 4507/737/3311
f 4507/737/3311 3817/737/3310 3699/737/3312
f 4507/737/3311 3699/737/3312 4495/737/3101
f 3817/737/3310 3689/737/3313 3435/737/3314
f 3817/737/3310 3435/737/3314 3699/737/3312
f 4479/737/3309 4463/737/3286 3689/737/3313
f 4479/737/3309 3689/737/3313 3817/737/3310
f 4489/853/3196 3649/797/3195 3818/792/3315
f 4489/853/3196 3818/792/3315 4508/746/3316
f 4509/746/3317 3818/792/3318 3702/648/3319
f 4509/746/3317 3702/648/3319 4497/649/3320
f 3819/792/3318 3682/792/3321 3425/647/3322
f 3819/792/3318 3425/647/3322 3703/648/3319
f 3649/797/3195 3423/797/3198 3682/792/3323
f 3649/797/3195 3682/792/3323 3818/792/3315
f 3841/893/3324 3830/896/3325 3824/895/3326
f 3841/893/3324 3824/895/3326 3834/894/3327
f 3835/897/3328 3821/898/2779 3830/896/3325
f 3835/897/3328 3830/896/3325 3841/893/3324
f 3840/899/3329 3829/902/3330 3823/901/3331
f 3840/899/3329 3823/901/3331 3833/900/3332
f 3834/894/3327 3824/895/3326 3829/902/3330
f 3834/894/3327 3829/902/3330 3840/899/3329
f 3839/903/3333 3828/904/3334 2544/647/1739
f 3839/903/3333 2544/647/1739 2565/647/2316
f 3832/905/3335 3822/906/3336 3828/904/3334
f 3832/905/3335 3828/904/3334 3839/903/3333
f 3838/907/3337 3827/908/3338 3821/898/2779
f 3838/907/3337 3821/898/2779 3835/897/3328
f 3831/909/3339 3820/910/3340 3827/908/3338
f 3831/909/3339 3827/908/3338 3838/907/3337
f 3837/911/3341 3826/912/3342 3822/906/3336
f 3837/911/3341 3822/906/3336 3832/905/3335
f 3833/900/3332 3823/901/3331 3826/912/3342
f 3833/900/3332 3826/912/3342 3837/911/3341
f 3836/913/3343 3825/914/3344 3820/910/3340
f 3836/913/3343 3820/910/3340 3831/909/3339
f 2559/915/2328 2546/601/2328 3825/914/3344
f 2559/915/2328 3825/914/3344 3836/913/3343
f 1974/601/2329 2560/915/2328 3836/913/3343
f 1974/601/2329 3836/913/3343 3439/916/3345
f 3439/916/3345 3836/913/3343 3831/909/3339
f 3439/916/3345 3831/909/3339 3309/917/3346
f 3305/918/3347 3833/900/3332 3837/911/3341
f 3305/918/3347 3837/911/3341 3446/919/3348
f 3446/919/3348 3837/911/3341 3832/905/3335
f 3446/919/3348 3832/905/3335 3312/920/3349
f 3309/917/3346 3831/909/3339 3838/907/3337
f 3309/917/3346 3838/907/3337 3449/921/3350
f 3449/921/3350 3838/907/3337 3835/897/3328
f 3449/921/3350 3835/897/3328 3307/922/3351
f 3312/920/3349 3832/905/3335 3839/903/3333
f 3312/920/3349 3839/903/3333 3452/923/3352
f 3452/923/3352 3839/903/3333 2566/647/1739
f 3452/923/3352 2566/647/1739 1968/647/2338
f 3315/924/3353 3834/894/3327 3840/899/3329
f 3315/924/3353 3840/899/3329 3459/925/3354
f 3459/925/3354 3840/899/3329 3833/900/3332
f 3459/925/3354 3833/900/3332 3305/918/3347
f 3307/922/3351 3835/897/3328 3841/893/3324
f 3307/922/3351 3841/893/3324 3443/926/3355
f 3443/926/3355 3841/893/3324 3834/894/3327
f 3443/926/3355 3834/894/3327 3315/924/3353
f 3863/927/3356 3857/928/2740 3846/586/2740
f 3863/927/3356 3846/586/2740 3852/652/2788
f 3853/929/3357 3863/927/3356 3852/652/2788
f 3853/929/3357 3852/652/2788 3842/585/2739
f 3862/930/3358 3856/931/3359 3845/577/2731
f 3862/930/3358 3845/577/2731 3851/630/2773
f 2588/932/1719 3862/930/3358 3851/630/2773
f 2588/932/1719 3851/630/2773 2575/627/1719
f 3861/933/3360 3855/934/3361 3844/592/2746
f 3861/933/3360 3844/592/2746 3850/625/2770
f 3854/935/3362 3861/933/3360 3850/625/2770
f 3854/935/3362 3850/625/2770 3843/591/2745
f 3860/936/3363 2595/937/1692 2573/600/1692
f 3860/936/3363 2573/600/1692 3849/595/2747
f 3855/934/3361 3860/936/3363 3849/595/2747
f 3855/934/3361 3849/595/2747 3844/592/2746
f 3859/938/3364 3854/935/3362 3843/591/2745
f 3859/938/3364 3843/591/2745 3848/589/2741
f 3857/928/2740 3859/938/3364 3848/589/2741
f 3857/928/2740 3848/589/2741 3846/586/2740
f 3858/939/3365 3853/929/3357 3842/585/2739
f 3858/939/3365 3842/585/2739 3847/580/2732
f 3856/931/3359 3858/939/3365 3847/580/2732
f 3856/931/3359 3847/580/2732 3845/577/2731
f 3309/917/3346 3449/921/3350 3858/939/3365
f 3309/917/3346 3858/939/3365 3856/931/3359
f 3449/921/3350 3307/922/3351 3853/929/3357
f 3449/921/3350 3853/929/3357 3858/939/3365
f 3315/924/3353 3459/925/3354 3859/938/3364
f 3315/924/3353 3859/938/3364 3857/928/2740
f 3459/925/3354 3305/918/3347 3854/935/3362
f 3459/925/3354 3854/935/3362 3859/938/3364
f 3312/920/3349 3452/923/3352 3860/936/3363
f 3312/920/3349 3860/936/3363 3855/934/3361
f 3452/923/3352 1967/647/2338 2595/937/1692
f 3452/923/3352 2595/937/1692 3860/936/3363
f 3305/918/3347 3446/919/3348 3861/933/3360
f 3305/918/3347 3861/933/3360 3854/935/3362
f 3446/919/3348 3312/920/3349 3855/934/3361
f 3446/919/3348 3855/934/3361 3861/933/3360
f 1974/601/2329 3439/916/3345 3862/930/3358
f 1974/601/2329 3862/930/3358 2588/932/1719
f 3439/916/3345 3309/917/3346 3856/931/3359
f 3439/916/3345 3856/931/3359 3862/930/3358
f 3307/922/3351 3443/926/3355 3863/927/3356
f 3307/922/3351 3863/927/3356 3853/929/3357
f 3443/926/3355 3315/924/3353 3857/928/2740
f 3443/926/3355 3857/928/2740 3863/927/3356
f 3830/896/3325 3870/689/2841 3874/684/2834
f 3830/896/3325 3874/684/2834 3824/895/3326
f 3821/898/2779 3864/635/2779 3870/689/2841
f 3821/898/2779 3870/689/2841 3830/896/3325
f 3829/902/3330 3869/685/2837 3873/615/2761
f 3829/902/3330 3873/615/2761 3823/901/3331
f 3824/895/3326 3874/684/2834 3869/685/2837
f 3824/895/3326 3869/685/2837 3829/902/3330
f 3828/904/3334 3868/645/2786 2605/647/1739
f 3828/904/3334 2605/647/1739 2544/647/1739
f 3822/906/3336 3872/619/2766 3868/645/2786
f 3822/906/3336 3868/645/2786 3828/904/3334
f 3827/908/3338 3867/633/2777 3864/635/2779
f 3827/908/3338 3864/635/2779 3821/898/2779
f 3820/910/3340 3871/605/2755 3867/633/2777
f 3820/910/3340 3867/633/2777 3827/908/3338
f 3826/912/3342 3866/616/2764 3872/619/2766
f 3826/912/3342 3872/619/2766 3822/906/3336
f 3823/901/3331 3873/615/2761 3866/616/2764
f 3823/901/3331 3866/616/2764 3826/912/3342
f 3825/914/3344 3865/602/2753 3871/605/2755
f 3825/914/3344 3871/605/2755 3820/910/3340
f 2547/601/2328 2616/601/1693 3865/602/2753
f 2547/601/2328 3865/602/2753 3825/914/3344
f 3920/940/3366 3884/729/2901 3895/734/2906
f 3920/940/3366 3895/734/2906 3914/941/3367
f 3913/941/3368 3895/734/3369 3881/663/2803
f 3913/941/3368 3881/663/2803 3900/659/3370
f 3918/942/3371 3875/669/2814 3893/728/2903
f 3918/942/3371 3893/728/2903 3912/943/3372
f 3912/943/3372 3893/728/2903 3883/729/3373
f 3912/943/3372 3883/729/3373 3920/940/3374
f 3898/944/3375 3879/677/2826 3891/682/2832
f 3898/944/3375 3891/682/2832 3910/945/3376
f 3911/945/3376 3892/682/2832 2621/649/1794
f 3911/945/3376 2621/649/1794 2663/649/2363
f 3896/623/3377 3878/623/2827 3890/676/2823
f 3896/623/3377 3890/676/2823 3907/946/3378
f 3906/946/3379 3888/676/2823 3879/677/2826
f 3906/946/3379 3879/677/2826 3898/944/3375
f 2644/601/2366 2619/601/1772 3887/668/2811
f 2644/601/2366 3887/668/2811 3905/947/3380
f 3905/947/3380 3887/668/2811 3876/669/2814
f 3905/947/3380 3876/669/2814 3915/942/3371
f 3900/659/3370 3880/663/3381 3885/661/2799
f 3900/659/3370 3885/661/2799 3902/948/3382
f 3902/948/3382 3885/661/2799 3877/623/2802
f 3902/948/3382 3877/623/2802 3896/623/3383
f 3719/658/2795 3903/948/3382 3897/623/3383
f 3719/658/2795 3897/623/3383 3484/660/2797
f 3507/659/2794 3901/659/3370 3903/948/3382
f 3507/659/2794 3903/948/3382 3719/658/2795
f 3720/665/2807 3904/947/3380 3916/942/3384
f 3720/665/2807 3916/942/3384 3481/667/2809
f 2184/604/1765 2645/601/2366 3904/947/3380
f 2184/604/1765 3904/947/3380 3720/665/2807
f 3721/673/2820 3906/946/3379 3898/944/3375
f 3721/673/2820 3898/944/3375 3486/675/2821
f 3482/660/2816 3896/623/3385 3906/946/3379
f 3482/660/2816 3906/946/3379 3721/673/2820
f 3722/681/2830 3909/945/3376 2664/649/2363
f 3722/681/2830 2664/649/2363 2188/648/1792
f 3485/675/3386 3899/944/3387 3908/945/3376
f 3485/675/3386 3908/945/3376 3723/681/2830
f 3734/725/2893 3912/943/3372 3919/940/3374
f 3734/725/2893 3919/940/3374 3508/727/3388
f 3481/667/2809 3917/942/3389 3912/943/3372
f 3481/667/2809 3912/943/3372 3734/725/2893
f 3738/733/3390 3913/941/3368 3900/659/3370
f 3738/733/3390 3900/659/3370 3507/659/3391
f 3508/727/3388 3919/940/3374 3913/941/3367
f 3508/727/3388 3913/941/3367 3736/733/3392
f 3471/691/2842 3941/949/3393 3926/656/3394
f 3471/691/2842 3926/656/3394 3320/659/2839
f 3322/637/2781 3927/950/3395 3940/949/3396
f 3322/637/2781 3940/949/3396 3472/691/3397
f 3475/638/3398 3938/951/3399 3927/950/3395
f 3475/638/3398 3927/950/3395 3322/637/2781
f 3319/607/2757 3921/952/3400 3938/951/3401
f 3319/607/2757 3938/951/3401 3476/638/2780
f 3478/650/3402 3936/954/3403 2675/953/1791
f 3478/650/3402 2675/953/1791 1999/649/1741
f 3324/621/2768 3924/955/3404 3936/954/3403
f 3324/621/2768 3936/954/3403 3478/650/3402
f 3474/622/3405 3934/956/3406 3924/955/3404
f 3474/622/3405 3924/955/3404 3324/621/2768
f 3326/623/3407 3922/660/3408 3934/956/3406
f 3326/623/3407 3934/956/3406 3474/622/3405
f 3469/608/2756 3933/957/3409 3921/952/3400
f 3469/608/2756 3921/952/3400 3319/607/2757
f 2004/601/1701 2671/601/3410 3932/957/3409
f 2004/601/1701 3932/957/3409 3470/608/2756
f 3480/688/3411 3931/958/3412 3922/660/3408
f 3480/688/3411 3922/660/3408 3326/623/3407
f 3320/659/2839 3926/656/3394 3929/958/3412
f 3320/659/2839 3929/958/3412 3479/688/2838
f 3941/949/3393 3960/732/2905 3966/656/2793
f 3941/949/3393 3966/656/2793 3926/656/3394
f 3928/950/3413 3944/726/3414 3961/732/3415
f 3928/950/3413 3961/732/3415 3941/949/3393
f 3939/951/3416 3959/724/3417 3944/726/3414
f 3939/951/3416 3944/726/3414 3928/950/3413
f 3921/952/3400 3943/666/3418 3958/724/3419
f 3921/952/3400 3958/724/3419 3938/951/3401
f 3937/954/3403 3955/680/3420 2701/647/1791
f 3937/954/3403 2701/647/1791 2677/953/1791
f 3925/955/3421 3964/674/2822 3955/680/3420
f 3925/955/3421 3955/680/3420 3937/954/3403
f 3935/956/3406 3952/672/2819 3964/674/2822
f 3935/956/3406 3964/674/2822 3925/955/3421
f 3923/660/3422 3962/660/3423 3952/672/2819
f 3923/660/3422 3952/672/2819 3935/956/3406
f 3933/957/3409 3950/664/2808 3943/666/3418
f 3933/957/3409 3943/666/3418 3921/952/3400
f 2673/601/1762 2725/601/1762 3950/664/2808
f 2673/601/1762 3950/664/2808 3933/957/3409
f 3931/958/3412 3946/657/2796 3962/660/3424
f 3931/958/3412 3962/660/3424 3922/660/3408
f 3926/656/3425 3965/656/3426 3947/657/2796
f 3926/656/3425 3947/657/2796 3930/958/3427
f 2868/601/2412 2745/601/2415 3990/960/3428
f 2868/601/2412 3990/960/3428 4106/959/3429
f 4103/959/3430 3993/960/3431 3977/962/3432
f 4103/959/3430 3977/962/3432 4093/961/3433
f 4109/963/3434 3974/966/3435 3988/965/2954
f 4109/963/3434 3988/965/2954 4101/964/2954
f 4101/964/2954 3988/965/2954 3967/656/2868
f 4101/964/2954 3967/656/2868 4088/656/2868
f 4091/967/3436 3972/970/3437 3987/969/3438
f 4091/967/3436 3987/969/3438 4100/968/3439
f 4100/968/3439 3987/969/3438 2737/649/3440
f 4100/968/3439 2737/649/3440 2886/649/2426
f 4089/971/3441 3970/974/3442 3985/973/3443
f 4089/971/3441 3985/973/3443 4098/972/3444
f 4098/972/3444 3985/973/3443 3972/970/3437
f 4098/972/3444 3972/970/3437 4091/967/3436
f 4087/656/3445 3967/656/2868 3983/976/2864
f 4087/656/3445 3983/976/2864 4096/975/2864
f 4096/975/2864 3983/976/2864 3970/974/3442
f 4096/975/2864 3970/974/3442 4089/971/3441
f 4093/961/3433 3977/962/3432 3980/978/3446
f 4093/961/3433 3980/978/3446 4094/977/3447
f 4095/977/3447 3980/978/3448 3973/966/3449
f 4095/977/3447 3973/966/3449 4110/963/3450
f 2746/601/2440 2777/601/3451 4022/753/2958
f 2746/601/2440 4022/753/2958 3991/960/3428
f 3992/960/3428 4023/753/2958 4003/702/2855
f 3992/960/3428 4003/702/2855 3978/962/3432
f 3976/966/3435 3994/699/3452 4020/749/2954
f 3976/966/3435 4020/749/2954 3988/965/2954
f 3989/965/2954 4018/749/2951 3997/711/2868
f 3989/965/2954 3997/711/2868 3968/656/2868
f 3972/970/3437 4002/717/3453 4015/722/2892
f 3972/970/3437 4015/722/2892 3987/969/3438
f 3987/969/3438 4015/722/2892 2763/649/2890
f 3987/969/3438 2763/649/2890 2738/649/3440
f 3969/974/3442 3998/709/3454 4013/716/2883
f 3969/974/3442 4013/716/2883 3986/973/3443
f 3984/973/3443 4012/716/2878 4001/717/2881
f 3984/973/3443 4001/717/2881 3971/970/3455
f 3968/656/2868 3997/711/2868 4010/708/2870
f 3968/656/2868 4010/708/2870 3981/976/2864
f 3982/976/3456 4008/708/2864 3999/709/3457
f 3982/976/3456 3999/709/3457 3969/974/3442
f 3978/962/3432 4003/702/2855 4004/698/2857
f 3978/962/3432 4004/698/2857 3979/978/3446
f 3980/978/3458 4007/698/3459 3994/699/2854
f 3980/978/3458 3994/699/2854 3975/966/3449
f 4086/737/3460 4053/737/3034 4038/737/3012
f 4086/737/3460 4038/737/3012 4063/737/3461
f 4064/737/3462 4024/737/2924 4053/737/3034
f 4064/737/3462 4053/737/3034 4086/737/3460
f 4084/979/3463 4051/784/3464 4033/659/3032
f 4084/979/3463 4033/659/3032 4060/663/3465
f 4071/980/3466 4040/782/3467 4051/784/3464
f 4071/980/3466 4051/784/3464 4084/979/3463
f 4082/981/3468 4049/780/3024 4040/782/3467
f 4082/981/3468 4040/782/3467 4071/980/3466
f 4068/982/3469 4034/777/3017 4049/780/3024
f 4068/982/3469 4049/780/3024 4082/981/3468
f 4080/983/3470 4047/775/3015 4034/777/3017
f 4080/983/3470 4034/777/3017 4068/982/3469
f 4062/601/3461 4037/601/3012 4048/775/3471
f 4062/601/3461 4048/775/3471 4081/983/3470
f 4079/984/3472 4045/744/2940 4028/649/2919
f 4079/984/3472 4028/649/2919 4066/985/3473
f 4057/986/3474 4026/740/2931 4045/744/2940
f 4057/986/3474 4045/744/2940 4079/984/3472
f 4075/987/3475 4044/738/2929 4026/740/2931
f 4075/987/3475 4026/740/2931 4057/986/3474
f 4054/623/3476 4025/623/2913 4044/738/2929
f 4054/623/3476 4044/738/2929 4075/987/3475
f 4074/737/3477 4043/737/2922 4024/737/2924
f 4074/737/3477 4024/737/2924 4064/737/3462
f 4067/737/3473 4029/737/2919 4043/737/2922
f 4067/737/3473 4043/737/2922 4074/737/3477
f 4073/988/3478 4041/736/2911 4025/623/2913
f 4073/988/3478 4025/623/2913 4054/623/3476
f 4061/663/3479 4032/659/3032 4042/736/3480
f 4061/663/3479 4042/736/3480 4072/988/3481
f 3338/659/2869 4059/663/3465 4072/988/3478
f 3338/659/2869 4072/988/3478 3522/710/2865
f 3522/710/2865 4072/988/3478 4055/623/3482
f 3522/710/2865 4055/623/3482 3342/623/2866
f 2033/737/2470 4067/737/3473 4074/737/3477
f 2033/737/2470 4074/737/3477 2228/737/2471
f 2228/737/2471 4074/737/3477 4064/737/3462
f 2228/737/2471 4064/737/3462 2030/737/2472
f 3343/623/2866 4055/623/3476 4076/987/3483
f 3343/623/2866 4076/987/3483 3513/719/2882
f 3514/719/2879 4077/987/3475 4056/986/3474
f 3514/719/2879 4056/986/3474 3341/718/3484
f 3341/718/3484 4056/986/3474 4078/984/3472
f 3341/718/3484 4078/984/3472 3517/723/2891
f 3517/723/2891 4078/984/3472 4065/985/3473
f 3517/723/2891 4065/985/3473 2031/649/1856
f 2016/601/2477 4062/601/3461 4081/983/3470
f 2016/601/2477 4081/983/3470 3468/754/2959
f 3468/754/2959 4081/983/3470 4069/982/3485
f 3468/754/2959 4069/982/3485 3318/703/2856
f 3318/703/2856 4069/982/3485 4083/981/3468
f 3318/703/2856 4083/981/3468 3516/701/2852
f 3516/701/2852 4083/981/3468 4070/980/3466
f 3516/701/2852 4070/980/3466 3339/700/2853
f 3339/700/2853 4070/980/3466 4085/979/3463
f 3339/700/2853 4085/979/3463 3511/750/2953
f 3510/750/2952 4084/979/3486 4058/663/3465
f 3510/750/2952 4058/663/3465 3337/659/2869
f 2030/737/2472 4064/737/3462 4086/737/3460
f 2030/737/2472 4086/737/3460 2240/737/2481
f 2240/737/2481 4086/737/3460 4063/737/3461
f 2240/737/2481 4063/737/3461 2015/737/1929
f 3726/694/3487 4094/977/3447 4108/963/3450
f 3726/694/3487 4108/963/3450 3532/697/3488
f 3534/695/2957 4093/961/3433 4094/977/3447
f 3534/695/2957 4094/977/3447 3726/694/3487
f 3728/705/2860 4097/975/3456 4090/971/3441
f 3728/705/2860 4090/971/3441 3504/707/2862
f 3499/659/3489 4087/656/3445 4096/975/2864
f 3499/659/3489 4096/975/2864 3728/705/3490
f 3730/713/2873 4098/972/3444 4091/967/3436
f 3730/713/2873 4091/967/3436 3506/715/2876
f 3504/707/2862 4089/971/3441 4098/972/3444
f 3504/707/2862 4098/972/3444 3730/713/2873
f 3732/721/2885 4099/968/3491 2888/649/3492
f 3732/721/2885 2888/649/3492 2221/648/2488
f 3505/715/2876 4092/967/3436 4099/968/3491
f 3505/715/2876 4099/968/3491 3732/721/2885
f 3745/748/2948 4102/964/2954 4087/656/2868
f 3745/748/2948 4087/656/2868 3500/659/3493
f 3533/697/2849 4107/963/3434 4102/964/2954
f 3533/697/2849 4102/964/2954 3745/748/2948
f 3747/752/2955 4105/959/3430 4093/961/3433
f 3747/752/2955 4093/961/3433 3534/695/2957
f 2256/604/1923 2869/601/2412 4104/959/3429
f 2256/604/1923 4104/959/3429 3747/752/2955
f 3437/671/3494 4132/990/3495 4120/989/3496
f 3437/671/3494 4120/989/3496 3328/670/2813
f 2020/601/1773 2908/601/2494 4132/990/3495
f 2020/601/1773 4132/990/3495 3437/671/3494
f 3490/735/2907 4131/992/3497 4112/991/3498
f 3490/735/2907 4112/991/3498 3329/659/2804
f 3330/730/2900 4118/993/3499 4130/992/3500
f 3330/730/2900 4130/992/3500 3489/735/3501
f 3495/683/3502 4129/994/3503 2902/649/2499
f 3495/683/3502 2902/649/2499 1995/649/1795
f 3333/678/3504 4117/995/3505 4128/994/3503
f 3333/678/3504 4128/994/3503 3496/683/2833
f 3492/679/3506 4127/996/3507 4117/995/3505
f 3492/679/3506 4117/995/3505 3333/678/3504
f 3336/623/2828 4115/974/3508 4127/996/3507
f 3336/623/2828 4127/996/3507 3492/679/3506
f 3501/662/2800 4124/997/3509 4114/974/3510
f 3501/662/2800 4114/974/3510 3335/623/2801
f 3329/659/2804 4112/991/3498 4125/997/3511
f 3329/659/2804 4125/997/3511 3502/662/2805
f 3493/731/2902 4122/998/3512 4118/993/3499
f 3493/731/2902 4118/993/3499 3330/730/2900
f 3328/670/2813 4120/989/3496 4122/998/3512
f 3328/670/2813 4122/998/3512 3493/731/2902
f 4132/990/3495 4148/751/2956 4159/692/2843
f 4132/990/3495 4159/692/2843 4120/989/3496
f 2907/601/2494 2949/604/1920 4148/751/2956
f 2907/601/2494 4148/751/2956 4132/990/3495
f 4131/992/3497 4147/747/2949 4151/656/3513
f 4131/992/3497 4151/656/3513 4111/991/3498
f 4119/993/3499 4134/696/2850 4147/747/2949
f 4119/993/3499 4147/747/2949 4131/992/3497
f 4128/994/3503 4144/720/3514 2920/649/1852
f 4128/994/3503 2920/649/1852 2901/649/2499
f 4117/995/3505 4157/714/3515 4144/720/3514
f 4117/995/3505 4144/720/3514 4128/994/3503
f 4126/996/3516 4142/712/3517 4158/714/2884
f 4126/996/3516 4158/714/2884 4116/995/3505
f 4115/974/3508 4154/706/2871 4141/712/2874
f 4115/974/3508 4141/712/2874 4127/996/3507
f 4125/997/3511 4140/704/3518 4154/706/2871
f 4125/997/3511 4154/706/2871 4115/974/3508
f 4113/991/3519 4152/656/2858 4140/704/3518
f 4113/991/3519 4140/704/3518 4125/997/3511
f 4122/998/3512 4138/693/2847 4133/696/3520
f 4122/998/3512 4133/696/3520 4118/993/3499
f 4121/989/3496 4160/692/2843 4136/693/2846
f 4121/989/3496 4136/693/2846 4123/998/3521
f 4281/737/3522 4191/737/3523 4163/737/3524
f 4281/737/3522 4163/737/3524 4248/737/3525
f 4259/737/3526 4173/737/3527 4191/737/3523
f 4259/737/3526 4191/737/3523 4281/737/3522
f 4279/876/3528 4190/999/3529 4162/742/3530
f 4279/876/3528 4162/742/3530 4246/742/3531
f 4249/869/3532 4164/1000/3533 4190/999/3529
f 4249/869/3532 4190/999/3529 4279/876/3528
f 4278/1001/3534 4188/873/3535 4174/647/3536
f 4278/1001/3534 4174/647/3536 4257/647/3537
f 4246/742/3538 4161/742/3539 4188/873/3540
f 4246/742/3538 4188/873/3540 4275/1001/3541
f 4274/737/3542 4187/737/3543 4175/737/3544
f 4274/737/3542 4175/737/3544 4260/737/3545
f 4248/737/3525 4163/737/3524 4187/737/3543
f 4248/737/3525 4187/737/3543 4274/737/3542
f 4272/1002/3546 4185/867/3547 4164/1000/3533
f 4272/1002/3546 4164/1000/3533 4249/869/3532
f 4254/656/3548 4169/659/3549 4186/867/3547
f 4254/656/3548 4186/867/3547 4271/1002/3550
f 4269/770/3551 4184/824/3552 4178/764/3553
f 4269/770/3551 4178/764/3553 4262/764/3554
f 4255/810/3555 4170/811/3556 4183/824/3557
f 4255/810/3555 4183/824/3557 4267/770/3558
f 4265/1003/3559 4182/863/3560 4167/659/3561
f 4265/1003/3559 4167/659/3561 4251/656/3562
f 4262/764/3554 4178/764/3553 4182/863/3560
f 4262/764/3554 4182/863/3560 4265/1003/3559
f 4263/860/3563 4179/860/3564 4170/811/3556
f 4263/860/3563 4170/811/3556 4255/810/3555
f 4261/601/3565 4176/601/3566 4179/860/3564
f 4261/601/3565 4179/860/3564 4263/860/3563
f 4388/737/3567 4198/737/3280 4213/737/3279
f 4388/737/3567 4213/737/3279 4385/737/3568
f 4385/737/3568 4213/737/3279 4194/737/3261
f 4385/737/3568 4194/737/3261 4360/737/3569
f 4362/1004/3570 4195/869/3252 4212/876/3274
f 4362/1004/3570 4212/876/3274 4383/1005/3571
f 4383/1005/3571 4212/876/3274 4192/874/3270
f 4383/1005/3571 4192/874/3270 4359/742/3572
f 4359/742/3572 4192/874/3270 4210/746/3268
f 4359/742/3572 4210/746/3268 4382/1006/3573
f 4381/1006/3574 4209/746/3268 4199/647/3269
f 4381/1006/3574 4199/647/3269 4386/647/3575
f 4360/737/3569 4194/737/3261 4208/737/3259
f 4360/737/3569 4208/737/3259 4378/737/3576
f 4378/737/3576 4208/737/3259 4201/737/3260
f 4378/737/3576 4201/737/3260 4390/737/3577
f 4364/663/3578 4196/866/3237 4207/871/3251
f 4364/663/3578 4207/871/3251 4376/867/3579
f 4376/867/3579 4207/871/3251 4195/869/3252
f 4376/867/3579 4195/869/3252 4362/1004/3570
f 4365/810/3580 4197/810/3226 4205/824/3246
f 4365/810/3580 4205/824/3246 4372/1007/3581
f 4371/1007/3582 4206/824/3244 4202/864/3238
f 4371/1007/3582 4202/864/3238 4393/1008/3583
f 4393/1008/3583 4202/864/3238 4204/865/3236
f 4393/1008/3583 4204/865/3236 4370/762/3584
f 4370/762/3584 4204/865/3236 4196/866/3237
f 4370/762/3584 4196/866/3237 4364/663/3578
f 4391/601/3585 4200/601/3227 4203/861/3225
f 4391/601/3585 4203/861/3225 4367/1009/3586
f 4367/1009/3586 4203/861/3225 4197/810/3226
f 4367/1009/3586 4197/810/3226 4365/810/3580
f 4191/737/3523 4236/737/3278 4239/737/3253
f 4191/737/3523 4239/737/3253 4163/737/3524
f 4173/737/3527 4215/737/3275 4236/737/3278
f 4173/737/3527 4236/737/3278 4191/737/3523
f 4190/999/3529 4232/875/3273 4237/872/3587
f 4190/999/3529 4237/872/3587 4162/742/3530
f 4165/1000/3588 4241/869/3271 4235/875/3273
f 4165/1000/3588 4235/875/3273 4189/999/3529
f 4188/873/3535 4231/873/3265 4214/647/3267
f 4188/873/3535 4214/647/3267 4174/647/3536
f 4161/742/3539 4237/872/3262 4230/873/3265
f 4161/742/3539 4230/873/3265 4188/873/3540
f 4187/737/3543 4229/737/3256 4217/737/3258
f 4187/737/3543 4217/737/3258 4175/737/3544
f 4163/737/3524 4239/737/3253 4229/737/3256
f 4163/737/3524 4229/737/3256 4187/737/3543
f 4185/867/3589 4227/867/3590 4241/869/3250
f 4185/867/3589 4241/869/3250 4166/1000/3533
f 4168/659/3561 4242/663/3235 4228/867/3248
f 4168/659/3561 4228/867/3248 4185/867/3547
f 4183/824/3552 4224/824/3241 4219/862/3228
f 4183/824/3552 4219/862/3228 4177/764/3553
f 4172/811/3591 4245/810/3592 4225/824/3240
f 4172/811/3591 4225/824/3240 4183/824/3593
f 4181/863/3594 4222/863/3231 4242/663/3235
f 4181/863/3594 4242/663/3235 4168/659/3561
f 4177/764/3553 4219/862/3228 4222/863/3231
f 4177/764/3553 4222/863/3231 4181/863/3594
f 4180/860/3564 4220/860/3221 4245/810/3224
f 4180/860/3564 4245/810/3224 4171/811/3556
f 4176/601/3566 4216/601/3218 4220/860/3221
f 4176/601/3566 4220/860/3221 4180/860/3564
f 3364/601/3079 4261/601/3565 4263/860/3563
f 3364/601/3079 4263/860/3563 3570/795/3077
f 3571/795/3077 4264/860/3595 4256/810/3555
f 3571/795/3077 4256/810/3555 3363/772/2991
f 3372/764/3596 4262/764/3597 4266/1003/3598
f 3372/764/3596 4266/1003/3598 3574/762/3599
f 3575/762/2972 4265/1003/3559 4252/656/3600
f 3575/762/2972 4252/656/3600 3370/761/3601
f 3363/772/2991 4256/810/3555 4270/770/3602
f 3363/772/2991 4270/770/3602 3578/770/3603
f 3580/770/3604 4268/770/3551 4262/764/3605
f 3580/770/3604 4262/764/3605 3374/764/2988
f 3371/761/2973 4253/656/3548 4273/1002/3550
f 3371/761/2973 4273/1002/3550 3586/658/3000
f 3586/658/3000 4273/1002/3550 4250/869/3532
f 3586/658/3000 4250/869/3532 3378/773/3001
f 3367/737/3008 4248/737/3525 4274/737/3542
f 3367/737/3008 4274/737/3542 3585/737/3084
f 3585/737/3084 4274/737/3542 4260/737/3545
f 3585/737/3084 4260/737/3545 3366/737/3085
f 3376/797/3097 4246/742/3538 4276/1001/3541
f 3376/797/3097 4276/1001/3541 3582/792/3093
f 3581/792/3606 4277/1001/3534 4258/647/3607
f 3581/792/3606 4258/647/3607 3369/647/3608
f 3378/773/3001 4250/869/3532 4280/876/3609
f 3378/773/3001 4280/876/3609 3577/786/3100
f 3577/786/3100 4280/876/3609 4247/742/3538
f 3577/786/3100 4247/742/3538 3377/797/3097
f 3368/737/3011 4259/737/3526 4281/737/3522
f 3368/737/3011 4281/737/3522 3572/737/3007
f 3572/737/3007 4281/737/3522 4248/737/3525
f 3572/737/3007 4248/737/3525 3367/737/3008
f 3556/773/3610 4286/1010/3611 4319/743/3612
f 3556/773/3610 4319/743/3612 3774/786/3098
f 3774/786/3098 4320/743/3612 4304/789/3613
f 3774/786/3098 4304/789/3613 3598/797/3087
f 3599/797/3614 4303/789/3615 4318/1011/3616
f 3599/797/3614 4318/1011/3616 3772/792/3088
f 3772/792/3088 4318/1011/3616 4290/647/3617
f 3772/792/3088 4290/647/3617 3558/648/3618
f 3561/737/3005 4292/737/3619 4317/737/3620
f 3561/737/3005 4317/737/3620 3771/737/3081
f 3771/737/3081 4317/737/3620 4302/737/3621
f 3771/737/3081 4302/737/3621 3597/737/3082
f 3596/604/3074 4301/601/3622 4315/1012/3623
f 3596/604/3074 4315/1012/3623 3770/793/3624
f 3769/793/3075 4316/1012/3625 4297/1013/3626
f 3769/793/3075 4297/1013/3626 3594/768/2980
f 3560/737/3003 4291/737/3627 4314/737/3628
f 3560/737/3003 4314/737/3628 3755/737/3004
f 3755/737/3004 4314/737/3628 4292/737/3619
f 3755/737/3004 4292/737/3619 3561/737/3005
f 3552/759/2994 4282/656/3629 4312/867/3630
f 3552/759/2994 4312/867/3630 3753/658/2995
f 3754/658/2996 4313/867/3631 4287/1010/3632
f 3754/658/2996 4287/1010/3632 3557/773/2997
f 3594/768/2980 4298/1013/3633 4309/1014/3634
f 3594/768/2980 4309/1014/3634 3751/767/2981
f 3751/767/2981 4309/1014/3634 4294/1015/3635
f 3751/767/2981 4294/1015/3635 3592/758/2984
f 3592/758/2964 4293/1015/3635 4306/1016/3636
f 3592/758/2964 4306/1016/3636 3750/757/2965
f 3749/757/2968 4305/1016/3636 4283/656/3637
f 3749/757/2968 4283/656/3637 3552/759/2969
f 4289/1010/3611 4322/660/3002 4357/743/3099
f 4289/1010/3611 4357/743/3099 4320/743/3612
f 4320/743/3612 4357/743/3099 4337/789/3096
f 4320/743/3612 4337/789/3096 4304/789/3613
f 4303/789/3615 4337/789/3638 4354/798/3639
f 4303/789/3615 4354/798/3639 4318/1011/3616
f 4318/1011/3616 4356/798/3092 4330/647/3095
f 4318/1011/3616 4330/647/3095 4290/647/3617
f 4292/737/3619 4323/737/3009 4353/737/3083
f 4292/737/3619 4353/737/3083 4317/737/3620
f 4317/737/3620 4353/737/3083 4336/737/3078
f 4317/737/3620 4336/737/3078 4302/737/3621
f 4301/601/3622 4335/796/3078 4350/794/3640
f 4301/601/3622 4350/794/3640 4315/1012/3623
f 4316/1012/3641 4349/794/3076 4332/771/3642
f 4316/1012/3641 4332/771/3642 4299/1013/3626
f 4291/737/3627 4331/737/3010 4348/737/3006
f 4291/737/3627 4348/737/3006 4314/737/3628
f 4314/737/3628 4348/737/3006 4323/737/3009
f 4314/737/3628 4323/737/3009 4292/737/3619
f 4284/656/3629 4328/656/3643 4345/774/2999
f 4284/656/3629 4345/774/2999 4311/867/3644
f 4311/867/3645 4346/774/3646 4321/660/3647
f 4311/867/3645 4321/660/3647 4288/1010/3632
f 4300/1013/3633 4333/771/3648 4342/769/2993
f 4300/1013/3633 4342/769/2993 4310/1014/3634
f 4309/1014/3649 4341/769/2986 4324/763/3650
f 4309/1014/3649 4324/763/3650 4296/1015/3635
f 4295/1015/3635 4326/763/2975 4340/760/2978
f 4295/1015/3635 4340/760/2978 4308/1016/3651
f 4307/1016/3636 4339/760/2971 4328/656/2974
f 4307/1016/3636 4328/656/2974 4285/656/3637
f 3796/795/3220 4368/1009/3586 4366/810/3580
f 3796/795/3220 4366/810/3580 3629/811/3223
f 3659/604/3219 4389/601/3585 4368/1009/3586
f 3659/604/3219 4368/1009/3586 3796/795/3220
f 3797/826/3230 4369/762/3584 4363/663/3652
f 3797/826/3230 4363/663/3652 3624/759/3653
f 3666/864/3229 4392/1008/3583 4369/762/3584
f 3666/864/3229 4369/762/3584 3797/826/3230
f 3801/824/3242 4374/1007/3654 4392/1008/3583
f 3801/824/3242 4392/1008/3583 3666/864/3229
f 3629/811/3223 4366/810/3580 4373/1007/3581
f 3629/811/3223 4373/1007/3581 3800/824/3239
f 3803/868/3655 4375/867/3579 4361/1004/3656
f 3803/868/3655 4361/1004/3656 3623/870/3249
f 3625/759/3234 4364/663/3578 4377/867/3657
f 3625/759/3234 4377/867/3657 3803/868/3247
f 3805/737/3255 4378/737/3576 4390/737/3577
f 3805/737/3255 4390/737/3577 3660/737/3257
f 3589/737/3254 4360/737/3569 4378/737/3576
f 3589/737/3254 4378/737/3576 3805/737/3255
f 3807/792/3264 4379/1006/3658 4387/647/3575
f 3807/792/3264 4387/647/3575 3656/648/3266
f 3583/797/3263 4359/742/3572 4380/1006/3659
f 3583/797/3263 4380/1006/3659 3807/792/3660
f 3808/786/3272 4384/1005/3571 4358/742/3572
f 3808/786/3272 4358/742/3572 3584/797/3263
f 3623/870/3249 4361/1004/3656 4384/1005/3571
f 3623/870/3249 4384/1005/3571 3808/786/3272
f 3809/737/3277 4385/737/3568 4360/737/3569
f 3809/737/3277 4360/737/3569 3589/737/3254
f 3657/737/3276 4388/737/3567 4385/737/3568
f 3657/737/3276 4385/737/3568 3809/737/3277
f 4456/737/3661 4437/737/3662 4406/737/3663
f 4456/737/3661 4406/737/3663 4422/737/3664
f 4512/737/3665 4456/737/3661 4422/737/3664
f 4512/737/3665 4422/737/3664 4510/737/3666
f 4478/1017/3667 4487/879/3289 4408/1019/3668
f 4478/1017/3667 4408/1019/3668 4421/1018/3669
f 4514/1020/3670 4478/1017/3667 4421/1018/3669
f 4514/1020/3670 4421/1018/3669 4511/1021/3671
f 4454/1022/3672 4419/1025/3673 4407/1024/3674
f 4454/1022/3672 4407/1024/3674 4430/1023/3675
f 4431/892/3306 4408/1019/3668 4420/1025/3673
f 4431/892/3306 4420/1025/3673 4453/1022/3676
f 4450/877/3677 4418/877/3678 4405/648/3679
f 4450/877/3677 4405/648/3679 4436/647/3680
f 4430/1023/3675 4407/1024/3674 4418/877/3678
f 4430/1023/3675 4418/877/3678 4450/877/3677
f 4446/824/3681 4417/824/3682 4399/1027/3683
f 4446/824/3681 4399/1027/3683 4426/1026/3684
f 4432/810/3685 4398/1028/3686 4416/824/3687
f 4432/810/3685 4416/824/3687 4448/824/3688
f 4444/1029/3689 4414/1032/3690 4403/1031/3691
f 4444/1029/3689 4403/1031/3691 4428/1030/3692
f 4433/1033/3693 4400/1034/3694 4414/1032/3690
f 4433/1033/3693 4414/1032/3690 4444/1029/3689
f 4443/737/3695 4413/737/3696 4401/737/3697
f 4443/737/3695 4401/737/3697 4427/737/3698
f 4434/737/3699 4402/737/3700 4413/737/3696
f 4434/737/3699 4413/737/3696 4443/737/3695
f 4442/1035/3701 4412/1036/3702 4400/1034/3694
f 4442/1035/3701 4400/1034/3694 4433/1033/3693
f 4426/1026/3684 4399/1027/3683 4412/1036/3702
f 4426/1026/3684 4412/1036/3702 4442/1035/3701
f 4440/1037/3703 4411/1037/3704 4398/1028/3686
f 4440/1037/3703 4398/1028/3686 4432/810/3685
f 4425/808/3705 4396/808/3706 4411/1037/3704
f 4425/808/3705 4411/1037/3704 4440/1037/3703
f 4438/737/3707 4409/737/3708 4395/737/3709
f 4438/737/3707 4395/737/3709 4424/737/3710
f 4427/737/3698 4401/737/3697 4409/737/3708
f 4427/737/3698 4409/737/3708 4438/737/3707
f 3386/737/3045 4427/737/3698 4438/737/3707
f 3386/737/3045 4438/737/3707 3613/737/3072
f 3613/737/3072 4438/737/3707 4424/737/3710
f 3613/737/3072 4424/737/3710 3385/737/3073
f 3384/808/3167 4423/808/3710 4439/1037/3711
f 3384/808/3167 4439/1037/3711 3600/812/3168
f 3600/812/3166 4441/1037/3703 4432/810/3712
f 3600/812/3166 4432/810/3712 3382/810/3713
f 3390/825/3154 4426/1026/3684 4442/1035/3701
f 3390/825/3154 4442/1035/3701 3603/826/3159
f 3603/826/3159 4442/1035/3701 4433/1033/3693
f 3603/826/3159 4433/1033/3693 3389/659/3160
f 3388/737/3046 4434/737/3699 4443/737/3695
f 3388/737/3046 4443/737/3695 3602/737/3044
f 3602/737/3044 4443/737/3695 4427/737/3698
f 3602/737/3044 4427/737/3698 3386/737/3045
f 3389/659/3160 4433/1033/3693 4444/1029/3689
f 3389/659/3160 4444/1029/3689 3616/823/3146
f 3616/823/3146 4444/1029/3689 4428/1030/3692
f 3616/823/3146 4428/1030/3692 3397/791/3056
f 3381/810/3155 4432/810/3714 4445/824/3688
f 3381/810/3155 4445/824/3688 3605/824/3715
f 3607/824/3153 4447/824/3681 4426/1026/3684
f 3607/824/3153 4426/1026/3684 3390/825/3154
f 3422/797/3198 4429/1023/3675 4449/877/3716
f 3422/797/3198 4449/877/3716 3681/792/3717
f 3681/792/3717 4449/877/3716 4435/647/3680
f 3681/792/3717 4435/647/3680 3427/647/3718
f 3424/855/3199 4431/892/3306 4452/1022/3676
f 3424/855/3199 4452/1022/3676 3680/854/3197
f 3680/854/3197 4451/1022/3672 4429/1023/3675
f 3680/854/3197 4429/1023/3675 3422/797/3198
f 4498/737/3719 3704/737/3720 4456/737/3661
f 4498/737/3719 4456/737/3661 4512/737/3665
f 3704/737/3720 3426/737/3322 4437/737/3662
f 3704/737/3720 4437/737/3662 4456/737/3661
f 4421/1018/3669 4408/1019/3668 4431/892/3306
f 4421/1018/3669 4431/892/3306 4455/891/3305
f 4511/1021/3671 4421/1018/3669 4455/891/3305
f 4511/1021/3671 4455/891/3305 4513/890/3304
f 4506/888/3303 3815/889/3302 4478/1017/3667
f 4506/888/3303 4478/1017/3667 4514/1020/3670
f 3815/889/3302 3694/882/3290 4487/879/3289
f 3815/889/3302 4487/879/3289 4478/1017/3667
f 4422/737/3664 4406/737/3663 4463/737/3286
f 4422/737/3664 4463/737/3286 4479/737/3309
f 4510/737/3666 4422/737/3664 4479/737/3309
f 4510/737/3666 4479/737/3309 4515/737/3308
f 4419/1025/3673 4476/880/3292 4485/742/3281
f 4419/1025/3673 4485/742/3281 4407/1024/3674
f 4408/1019/3668 4487/879/3289 4477/880/3292
f 4408/1019/3668 4477/880/3292 4420/1025/3673
f 4418/877/3678 4474/877/3721 4461/878/3286
f 4418/877/3678 4461/878/3286 4404/648/3679
f 4407/1024/3674 4485/742/3281 4475/877/3284
f 4407/1024/3674 4475/877/3284 4418/877/3678
f 4415/824/3722 4472/824/3212 4482/813/3129
f 4415/824/3722 4482/813/3129 4399/1027/3683
f 4397/1028/3686 4458/810/3723 4473/824/3211
f 4397/1028/3686 4473/824/3211 4415/824/3687
f 4414/1032/3690 4470/856/3205 4484/858/3207
f 4414/1032/3690 4484/858/3207 4403/1031/3691
f 4400/1034/3694 4459/817/3134 4470/856/3205
f 4400/1034/3694 4470/856/3205 4414/1032/3690
f 4413/737/3696 4469/737/3203 4483/737/3110
f 4413/737/3696 4483/737/3110 4401/737/3697
f 4402/737/3700 4460/737/3200 4469/737/3203
f 4402/737/3700 4469/737/3203 4413/737/3696
f 4412/1036/3702 4468/814/3132 4459/817/3134
f 4412/1036/3702 4459/817/3134 4400/1034/3694
f 4399/1027/3683 4482/813/3129 4468/814/3132
f 4399/1027/3683 4468/814/3132 4412/1036/3702
f 4410/1037/3724 4466/809/3122 4458/810/3723
f 4410/1037/3724 4458/810/3723 4397/1028/3686
f 4394/808/3706 4480/808/3119 4465/809/3122
f 4394/808/3706 4465/809/3122 4410/1037/3704
f 4409/737/3708 4464/737/3113 4481/737/3115
f 4409/737/3708 4481/737/3115 4395/737/3709
f 4401/737/3697 4483/737/3110 4464/737/3113
f 4401/737/3697 4464/737/3113 4409/737/3708
f 4402/737/3700 4510/737/3666 4515/737/3308
f 4402/737/3700 4515/737/3308 4460/737/3200
f 3650/859/3206 4506/888/3303 4514/1020/3670
f 3650/859/3206 4514/1020/3670 4484/858/3207
f 4403/1031/3691 4511/1021/3671 4513/890/3304
f 4403/1031/3691 4513/890/3304 4428/1030/3692
f 3388/737/3046 4498/737/3719 4512/737/3665
f 3388/737/3046 4512/737/3665 4434/737/3699
f 4484/858/3207 4514/1020/3670 4511/1021/3671
f 4484/858/3207 4511/1021/3671 4403/1031/3691
f 4434/737/3699 4512/737/3665 4510/737/3666
f 4434/737/3699 4510/737/3666 4402/737/3700
f 3608/746/3063 4508/746/3317 4499/649/3725
f 3608/746/3063 4499/649/3725 3387/649/3064
f 3391/742/3065 4488/853/3196 4508/746/3316
f 3391/742/3065 4508/746/3316 3609/746/3066
f 3648/737/3201 4507/737/3311 4495/737/3101
f 3648/737/3201 4495/737/3101 3406/737/3180
f 4460/737/3200 4515/737/3308 4507/737/3311
f 4460/737/3200 4507/737/3311 3648/737/3201
f 4428/1030/3692 4513/890/3304 4491/849/3189
f 4428/1030/3692 4491/849/3189 3397/791/3056
f 3411/832/3174 4496/885/3300 4506/888/3303
f 3411/832/3174 4506/888/3303 3650/859/3206
f 3636/833/3173 4505/883/3298 4496/885/3300
f 3636/833/3173 4496/885/3300 3411/832/3174
f 3410/834/3175 4492/803/3106 4505/883/3298
f 3410/834/3175 4505/883/3298 3636/833/3173
f 3604/790/3726 4504/850/3193 4489/853/3727
f 3604/790/3726 4489/853/3727 3393/742/3055
f 3395/791/3056 4490/849/3728 4503/850/3192
f 3395/791/3056 4503/850/3192 3604/790/3054
f 3639/839/3179 4500/800/3104 4492/803/3106
f 3639/839/3179 4492/803/3106 3410/834/3175
f 3405/840/3180 4494/799/3729 4500/800/3104
f 3405/840/3180 4500/800/3104 3639/839/3179
o Object_11
v 0.000000 4.224429 0.405105
v 0.000000 4.224429 0.405105
v 0.000000 4.224429 0.405105
v 0.000000 4.224429 0.405105
v 0.000000 4.649651 0.272103
v 0.000000 4.649651 0.272103
v 0.000000 4.649651 0.272103
v 0.000000 4.649651 0.272103
v 0.000000 4.256692 -0.354825
v 0.000000 4.256692 -0.354825
v 0.000000 4.660701 -0.243652
v 0.000000 4.660701 -0.243652
v 0.000000 4.660701 -0.243652
v 0.000000 4.660701 -0.243652
v 0.292413 4.207228 0.267530
v 0.292413 4.207228 0.267530
v 0.292413 4.207228 0.267530
v 0.297295 4.565330 0.198213
v 0.297295 4.565330 0.198213
v 0.304698 4.252349 -0.219490
v 0.304698 4.252349 -0.219490
v 0.286086 4.568181 -0.171579
v 0.000000 4.002604 -0.252549
v 0.000000 4.002604 -0.252549
v 0.000000 4.002604 -0.252549
v 0.000000 4.002604 -0.252549
v 0.000000 3.916425 0.306850
v 0.000000 3.916425 0.306850
v 0.000000 3.916425 0.306850
v 0.000000 3.916425 0.306850
v 0.256048 4.076789 -0.169298
v 0.256048 4.076789 -0.169298
v 0.267826 4.002057 0.195994
v 0.267826 4.002057 0.195994
v 0.161893 4.256868 -0.336228
v 0.161893 4.256868 -0.336228
v 0.163111 4.637002 -0.230845
v 0.163111 4.637002 -0.230845
v 0.168514 4.218637 0.365577
v 0.168514 4.218637 0.365577
v 0.175413 4.627737 0.257336
v 0.175413 4.627737 0.257336
v 0.149707 4.033237 -0.237535
v 0.149707 4.033237 -0.237535
v 0.162133 3.947347 0.271520
v 0.162133 3.947347 0.271520
v 0.000000 4.722296 0.010862
v 0.000000 4.722296 0.010862
v 0.341042 4.239813 0.010779
v 0.309113 4.581426 0.011492
v 0.000000 3.898771 0.015307
v 0.000000 3.898771 0.015307
v 0.275572 4.010381 0.010666
v 0.172923 4.691637 0.010862
v 0.158393 3.933168 0.011291
v 0.308775 4.433145 0.247814
v 0.308775 4.433145 0.247814
v 0.259491 4.200023 0.099379
v 0.259491 4.200023 0.099379
v 0.000000 4.165696 0.441985
v 0.000000 4.165696 0.441985
v 0.000000 4.165696 0.441985
v 0.000000 4.165696 0.441985
v 0.333972 4.315725 0.132561
v 0.333972 4.315725 0.132561
v 0.333972 4.315725 0.132561
v 0.316514 4.200023 0.166182
v 0.316514 4.200023 0.166182
v 0.170433 4.168689 0.395241
v 0.170433 4.168689 0.395241
v 0.341185 4.437950 0.012916
v 0.000000 4.290316 0.391226
v 0.000000 4.290316 0.391226
v 0.162232 4.485363 -0.328304
v 0.174968 4.452431 0.368598
v 0.000000 4.461947 0.394906
v 0.000000 4.461947 0.394906
v 0.171341 4.279458 0.365869
v 0.303633 4.444885 -0.214868
v 0.000000 4.499520 -0.346275
v 0.000000 4.499520 -0.346275
v 0.295436 4.315725 0.087416
v 0.295436 4.315725 0.087416
v 0.295436 4.315725 0.087416
v 0.422160 4.200023 0.076003
v 0.422160 4.200023 0.076003
v 0.405367 4.315725 0.071618
v 0.405367 4.315725 0.071618
v 0.405367 4.315725 0.071618
v 0.365137 4.200023 0.009200
v 0.365137 4.200023 0.009200
v 0.366831 4.315725 0.026473
v 0.366831 4.315725 0.026473
v 0.366831 4.315725 0.026473
v 0.322707 4.101817 0.066589
v 0.322707 4.101817 0.066589
v 0.322707 4.101817 0.066589
v 0.255797 4.101817 0.123703
v 0.255797 4.101817 0.123703
v 0.255797 4.101817 0.123703
v 0.291912 4.101817 0.166012
v 0.291912 4.101817 0.166012
v 0.291912 4.101817 0.166012
v 0.358822 4.101817 0.108898
v 0.358822 4.101817 0.108898
v 0.358822 4.101817 0.108898
v 0.000000 4.039558 0.426820
v 0.000000 4.039558 0.426820
v 0.000000 4.039558 0.426820
v 0.000000 4.039558 0.426820
v 0.167926 4.057427 0.382098
v 0.167926 4.057427 0.382098
v 0.291032 4.088533 0.244681
v 0.284359 4.150279 -0.199587
v 0.284359 4.150279 -0.199587
v 0.000000 4.115874 -0.329522
v 0.000000 4.115874 -0.329522
v 0.000000 4.115874 -0.329522
v 0.000000 4.115874 -0.329522
v 0.154626 4.132399 -0.311221
v 0.154626 4.132399 -0.311221
v 0.319611 4.112544 0.014657
v 0.242173 4.255247 -0.293741
v 0.242173 4.255247 -0.293741
v 0.000000 4.563307 0.354095
v 0.000000 4.563307 0.354095
v 0.000000 4.705379 -0.129359
v 0.000000 4.705379 -0.129359
v 0.240992 4.256733 0.325501
v 0.080373 4.257154 -0.352500
v 0.080373 4.257154 -0.352500
v 0.239002 4.601789 -0.203648
v 0.239002 4.601789 -0.203648
v 0.306153 4.325591 0.250310
v 0.306153 4.325591 0.250310
v 0.335014 4.247921 -0.113232
v 0.308664 4.576059 0.121141
v 0.161643 4.575062 -0.296733
v 0.233203 4.207957 0.328669
v 0.233203 4.207957 0.328669
v 0.089052 4.643785 0.269431
v 0.089052 4.643785 0.269431
v 0.000000 3.890255 0.174675
v 0.000000 3.890255 0.174675
v 0.076207 4.014672 -0.250673
v 0.076207 4.014672 -0.250673
v 0.076207 4.014672 -0.250673
v 0.268394 4.046345 -0.096557
v 0.228873 3.975879 0.233423
v 0.228873 3.975879 0.233423
v 0.228873 3.975879 0.233423
v 0.175275 4.548941 0.332100
v 0.252144 4.441376 0.324004
v 0.000000 3.970587 0.387054
v 0.000000 3.970587 0.387054
v 0.000000 3.970587 0.387054
v 0.000000 3.970587 0.387054
v 0.335626 4.434135 0.138850
v 0.081789 4.654637 -0.242051
v 0.081789 4.654637 -0.242051
v 0.088486 4.223831 0.389478
v 0.252328 4.596103 0.229751
v 0.252328 4.596103 0.229751
v 0.215224 4.059682 -0.205856
v 0.215224 4.059682 -0.205856
v 0.215224 4.059682 -0.205856
v 0.083504 3.928617 0.294174
v 0.083504 3.928617 0.294174
v 0.083504 3.928617 0.294174
v 0.080742 4.496025 -0.344029
v 0.164651 3.995927 0.344849
v 0.175143 4.675857 0.144623
v 0.167480 4.239735 0.362293
v 0.239367 4.171908 0.341150
v 0.239367 4.171908 0.341150
v 0.239367 4.171908 0.341150
v 0.239367 4.171908 0.341150
v 0.160769 3.923966 0.153991
v 0.000000 4.703999 0.151924
v 0.000000 4.703999 0.151924
v 0.331901 4.226069 0.136959
v 0.301392 4.576534 -0.097127
v 0.000000 3.942349 -0.137767
v 0.000000 3.942349 -0.137767
v 0.275955 3.998298 0.118709
v 0.167880 4.677014 -0.122303
v 0.153490 3.976023 -0.129662
v 0.081494 3.912321 0.013153
v 0.251547 4.643509 0.010941
v 0.087543 4.714586 0.010862
v 0.334771 4.516467 0.012614
v 0.281551 4.038683 0.222954
v 0.281551 4.038683 0.222954
v 0.225545 3.966663 0.010145
v 0.298076 4.521425 -0.196028
v 0.296497 4.191012 -0.211031
v 0.296497 4.191012 -0.211031
v 0.000000 4.201507 0.425453
v 0.000000 4.201507 0.425453
v 0.000000 4.174353 -0.344071
v 0.000000 4.174353 -0.344071
v 0.000000 4.174353 -0.344071
v 0.000000 4.174353 -0.344071
v 0.150652 4.085325 -0.290757
v 0.167522 4.199652 0.382655
v 0.167522 4.199652 0.382655
v 0.303926 4.060144 0.013138
v 0.301622 4.200023 0.041764
v 0.000000 4.594245 -0.313031
v 0.000000 4.594245 -0.313031
v 0.274446 4.270524 0.091282
v 0.274446 4.270524 0.091282
v 0.307801 4.324687 0.115881
v 0.307801 4.324687 0.115881
v 0.088474 4.167603 0.425628
v 0.088474 4.167603 0.425628
v 0.326859 4.270524 0.152683
v 0.326859 4.270524 0.152683
v 0.000000 4.247908 0.392250
v 0.000000 4.247908 0.392250
v 0.000000 4.375647 -0.357551
v 0.000000 4.375647 -0.357551
v 0.306288 4.345599 -0.221898
v 0.307685 4.515348 0.227149
v 0.307685 4.515348 0.227149
v 0.174135 4.355248 0.373628
v 0.162760 4.368097 -0.338989
v 0.343223 4.337764 0.011478
v 0.268194 4.200022 0.149689
v 0.241864 4.464243 -0.287168
v 0.000000 4.365200 0.399609
v 0.000000 4.365200 0.399609
v 0.088804 4.288433 0.384902
v 0.089205 4.458882 0.388295
v 0.333809 4.438647 -0.110589
v 0.327408 4.324687 0.052579
v 0.327408 4.324687 0.052579
v 0.371550 4.270524 0.008394
v 0.371550 4.270524 0.008394
v 0.413457 4.200023 0.025693
v 0.393002 4.324687 0.043153
v 0.393002 4.324687 0.043153
v 0.423963 4.270524 0.069796
v 0.423963 4.270524 0.069796
v 0.380029 4.200022 0.133618
v 0.373395 4.324687 0.106454
v 0.373395 4.324687 0.106454
v 0.282768 4.095154 0.093924
v 0.282768 4.095154 0.093924
v 0.264525 4.095155 0.152821
v 0.264525 4.095155 0.152821
v 0.343798 4.095155 0.085153
v 0.343798 4.095155 0.085153
v 0.325556 4.095154 0.144050
v 0.325556 4.095154 0.144050
v 0.394123 4.136941 0.093187
v 0.394123 4.136941 0.093187
v 0.343764 4.136941 0.034191
v 0.343764 4.136941 0.034191
v 0.250465 4.136941 0.113832
v 0.250465 4.136941 0.113832
v 0.300824 4.136941 0.172827
v 0.300824 4.136941 0.172827
v 0.000000 4.108904 0.443576
v 0.000000 4.108904 0.443576
v 0.000000 4.108904 0.443576
v 0.000000 4.108904 0.443576
v 0.170652 4.118783 0.396581
v 0.297400 4.139919 0.250861
v 0.270823 4.112292 -0.186354
v 0.270823 4.112292 -0.186354
v 0.000000 4.060839 -0.308514
v 0.000000 4.060839 -0.308514
v 0.000000 4.060839 -0.308514
v 0.000000 4.060839 -0.308514
v 0.158893 4.182637 -0.325600
v 0.332331 4.167789 0.012865
v 0.312245 4.134515 -0.101436
v 0.077571 4.122385 -0.327235
v 0.077571 4.122385 -0.327235
v 0.239539 4.073199 0.327572
v 0.239539 4.073199 0.327572
v 0.228054 4.146088 -0.269815
v 0.228054 4.146088 -0.269815
v 0.315087 4.099087 0.135569
v 0.086212 4.046764 0.411318
v 0.086212 4.046764 0.411318
v 0.227968 3.956529 0.133246
v 0.080806 4.373867 -0.355231
v 0.239524 4.546877 -0.259843
v 0.089139 4.558975 0.348969
v 0.326613 4.515277 -0.101723
v 0.088829 4.696835 0.150908
v 0.084662 3.980616 0.372073
v 0.084662 3.980616 0.372073
v 0.301859 4.046863 0.124949
v 0.219683 4.105684 -0.251199
v 0.219683 4.105684 -0.251199
v 0.233905 4.018765 0.295625
v 0.233905 4.018765 0.295625
v 0.253594 4.632226 0.130828
v 0.252901 4.530713 0.293294
v 0.331686 4.514060 0.129030
v 0.082843 3.903537 0.167133
v 0.078638 3.955615 -0.136960
v 0.245335 4.632951 -0.108357
v 0.084629 4.698191 -0.128477
v 0.076128 4.070485 -0.306295
v 0.076128 4.070485 -0.306295
v 0.080708 4.589392 -0.310994
v 0.219643 4.007920 -0.112551
v 0.415815 4.271407 0.023680
v 0.221607 4.194674 0.348837
v 0.221607 4.194674 0.348837
v 0.313251 4.271407 0.038419
v 0.282594 4.271407 0.137398
v 0.088385 4.201880 0.408666
v 0.243456 4.356473 -0.296508
v 0.089146 4.362809 0.393652
v 0.336786 4.341297 -0.114545
v 0.221738 4.227834 0.335071
v 0.088325 4.246725 0.381662
v 0.249726 4.339637 0.327561
v 0.335308 4.329419 0.138877
v 0.296043 4.089803 -0.095598
v 0.385158 4.271407 0.122659
v 0.385926 4.136284 0.049193
v 0.350401 4.343497 0.079517
v 0.297556 4.081173 0.124626
v 0.258041 4.136284 0.158355
v 0.356497 4.136284 0.144207
v 0.287470 4.136284 0.063341
v 0.287470 4.136284 0.063341
v 0.287470 4.136284 0.063341
v 0.325840 4.182228 -0.108164
v 0.079193 4.177666 -0.341762
v 0.079193 4.177666 -0.341762
v 0.243442 4.127207 0.337959
v 0.243442 4.127207 0.337959
v 0.236438 4.189279 -0.283572
v 0.325070 4.153650 0.137331
v 0.087690 4.113214 0.427714
v 0.087690 4.113214 0.427714
v -0.292413 4.207228 0.267530
v -0.292413 4.207228 0.267530
v -0.292413 4.207228 0.267530
v -0.297295 4.565330 0.198213
v -0.297295 4.565330 0.198213
v -0.304698 4.252349 -0.219490
v -0.304698 4.252349 -0.219490
v -0.286086 4.568181 -0.171579
v -0.256048 4.076789 -0.169298
v -0.256048 4.076789 -0.169298
v -0.267826 4.002057 0.195994
v -0.267826 4.002057 0.195994
v -0.161893 4.256868 -0.336228
v -0.161893 4.256868 -0.336228
v -0.163111 4.637002 -0.230845
v -0.163111 4.637002 -0.230845
v -0.168514 4.218637 0.365577
v -0.168514 4.218637 0.365577
v -0.175412 4.627737 0.257336
v -0.175412 4.627737 0.257336
v -0.149707 4.033237 -0.237535
v -0.149707 4.033237 -0.237535
v -0.162133 3.947347 0.271520
v -0.162133 3.947347 0.271520
v -0.341042 4.239813 0.010779
v -0.309113 4.581426 0.011492
v -0.275572 4.010381 0.010666
v -0.172923 4.691637 0.010862
v -0.158393 3.933168 0.011291
v -0.308774 4.433145 0.247814
v -0.308774 4.433145 0.247814
v -0.259491 4.200023 0.099379
v -0.259491 4.200023 0.099379
v -0.333972 4.315725 0.132561
v -0.333972 4.315725 0.132561
v -0.333972 4.315725 0.132561
v -0.316514 4.200023 0.166182
v -0.316514 4.200023 0.166182
v -0.170433 4.168689 0.395241
v -0.170433 4.168689 0.395241
v -0.341185 4.437950 0.012916
v -0.162231 4.485363 -0.328304
v -0.174968 4.452431 0.368598
v -0.171341 4.279458 0.365869
v -0.303633 4.444885 -0.214868
v -0.295436 4.315725 0.087416
v -0.295436 4.315725 0.087416
v -0.295436 4.315725 0.087416
v -0.422159 4.200023 0.076003
v -0.422159 4.200023 0.076003
v -0.405366 4.315725 0.071618
v -0.405366 4.315725 0.071618
v -0.405366 4.315725 0.071618
v -0.365136 4.200023 0.009200
v -0.365136 4.200023 0.009200
v -0.366830 4.315725 0.026473
v -0.366830 4.315725 0.026473
v -0.366830 4.315725 0.026473
v -0.322706 4.101817 0.066589
v -0.322706 4.101817 0.066589
v -0.322706 4.101817 0.066589
v -0.255797 4.101817 0.123703
v -0.255797 4.101817 0.123703
v -0.255797 4.101817 0.123703
v -0.291912 4.101817 0.166012
v -0.291912 4.101817 0.166012
v -0.291912 4.101817 0.166012
v -0.358821 4.101817 0.108898
v -0.358821 4.101817 0.108898
v -0.358821 4.101817 0.108898
v -0.167926 4.057427 0.382098
v -0.167926 4.057427 0.382098
v -0.291032 4.088533 0.244681
v -0.284359 4.150279 -0.199587
v -0.284359 4.150279 -0.199587
v -0.154626 4.132399 -0.311221
v -0.154626 4.132399 -0.311221
v -0.319611 4.112544 0.014657
v -0.242173 4.255247 -0.293741
v -0.242173 4.255247 -0.293741
v -0.240992 4.256733 0.325501
v -0.080373 4.257154 -0.352500
v -0.080373 4.257154 -0.352500
v -0.239002 4.601789 -0.203648
v -0.239002 4.601789 -0.203648
v -0.306152 4.325591 0.250310
v -0.306152 4.325591 0.250310
v -0.335013 4.247921 -0.113232
v -0.308663 4.576059 0.121141
v -0.161643 4.575062 -0.296733
v -0.233203 4.207957 0.328669
v -0.233203 4.207957 0.328669
v -0.089052 4.643785 0.269431
v -0.089052 4.643785 0.269431
v -0.076207 4.014672 -0.250673
v -0.076207 4.014672 -0.250673
v -0.076207 4.014672 -0.250673
v -0.268394 4.046345 -0.096557
v -0.228873 3.975879 0.233423
v -0.228873 3.975879 0.233423
v -0.228873 3.975879 0.233423
v -0.175274 4.548941 0.332100
v -0.252144 4.441376 0.324004
v -0.335626 4.434135 0.138850
v -0.081789 4.654637 -0.242051
v -0.081789 4.654637 -0.242051
v -0.088486 4.223831 0.389478
v -0.252328 4.596103 0.229751
v -0.252328 4.596103 0.229751
v -0.215224 4.059682 -0.205856
v -0.215224 4.059682 -0.205856
v -0.215224 4.059682 -0.205856
v -0.083503 3.928617 0.294174
v -0.083503 3.928617 0.294174
v -0.083503 3.928617 0.294174
v -0.080742 4.496025 -0.344029
v -0.164651 3.995927 0.344849
v -0.175142 4.675857 0.144623
v -0.167480 4.239735 0.362293
v -0.239367 4.171908 0.341150
v -0.239367 4.171908 0.341150
v -0.239367 4.171908 0.341150
v -0.239367 4.171908 0.341150
v -0.160769 3.923966 0.153991
v -0.331901 4.226069 0.136959
v -0.301392 4.576534 -0.097127
v -0.275955 3.998298 0.118709
v -0.167879 4.677014 -0.122303
v -0.153490 3.976023 -0.129662
v -0.081494 3.912321 0.013153
v -0.251547 4.643509 0.010941
v -0.087543 4.714586 0.010862
v -0.334770 4.516467 0.012614
v -0.281550 4.038683 0.222954
v -0.281550 4.038683 0.222954
v -0.225545 3.966663 0.010145
v -0.298076 4.521425 -0.196028
v -0.296496 4.191012 -0.211031
v -0.296496 4.191012 -0.211031
v -0.150652 4.085325 -0.290757
v -0.167522 4.199652 0.382655
v -0.167522 4.199652 0.382655
v -0.303926 4.060144 0.013138
v -0.301622 4.200023 0.041764
v -0.274446 4.270524 0.091282
v -0.274446 4.270524 0.091282
v -0.307801 4.324687 0.115881
v -0.307801 4.324687 0.115881
v -0.088474 4.167603 0.425628
v -0.088474 4.167603 0.425628
v -0.326858 4.270524 0.152683
v -0.326858 4.270524 0.152683
v -0.306288 4.345599 -0.221898
v -0.307685 4.515348 0.227149
v -0.307685 4.515348 0.227149
v -0.174135 4.355248 0.373628
v -0.162759 4.368097 -0.338989
v -0.343222 4.337764 0.011478
v -0.268194 4.200022 0.149689
v -0.241864 4.464243 -0.287168
v -0.088803 4.288433 0.384902
v -0.089205 4.458882 0.388295
v -0.333809 4.438647 -0.110589
v -0.327407 4.324687 0.052579
v -0.327407 4.324687 0.052579
v -0.371550 4.270524 0.008394
v -0.371550 4.270524 0.008394
v -0.413456 4.200023 0.025693
v -0.393001 4.324687 0.043153
v -0.393001 4.324687 0.043153
v -0.423962 4.270524 0.069796
v -0.423962 4.270524 0.069796
v -0.380028 4.200022 0.133618
v -0.373395 4.324687 0.106454
v -0.373395 4.324687 0.106454
v -0.282767 4.095155 0.093924
v -0.282767 4.095155 0.093924
v -0.264525 4.095155 0.152821
v -0.264525 4.095155 0.152821
v -0.343798 4.095155 0.085153
v -0.343798 4.095155 0.085153
v -0.325555 4.095154 0.144050
v -0.325555 4.095154 0.144050
v -0.394123 4.136941 0.093187
v -0.394123 4.136941 0.093187
v -0.343764 4.136941 0.034191
v -0.343764 4.136941 0.034191
v -0.250465 4.136941 0.113831
v -0.250465 4.136941 0.113831
v -0.300824 4.136941 0.172827
v -0.300824 4.136941 0.172827
v -0.170651 4.118783 0.396581
v -0.297400 4.139919 0.250861
v -0.270823 4.112292 -0.186354
v -0.270823 4.112292 -0.186354
v -0.158893 4.182637 -0.325600
v -0.332331 4.167789 0.012865
v -0.312244 4.134515 -0.101436
v -0.077570 4.122385 -0.327235
v -0.077570 4.122385 -0.327235
v -0.239539 4.073200 0.327572
v -0.239539 4.073200 0.327572
v -0.228054 4.146088 -0.269815
v -0.228054 4.146088 -0.269815
v -0.315087 4.099087 0.135569
v -0.086212 4.046764 0.411318
v -0.086212 4.046764 0.411318
v -0.227967 3.956529 0.133246
v -0.080806 4.373867 -0.355231
v -0.239524 4.546877 -0.259843
v -0.089139 4.558975 0.348969
v -0.326613 4.515277 -0.101723
v -0.088829 4.696835 0.150908
v -0.084662 3.980616 0.372073
v -0.084662 3.980616 0.372073
v -0.301859 4.046863 0.124949
v -0.219683 4.105684 -0.251199
v -0.219683 4.105684 -0.251199
v -0.233905 4.018765 0.295625
v -0.233905 4.018765 0.295625
v -0.253594 4.632226 0.130828
v -0.252901 4.530713 0.293294
v -0.331686 4.514060 0.129030
v -0.082842 3.903537 0.167133
v -0.078638 3.955615 -0.136960
v -0.245335 4.632951 -0.108357
v -0.084629 4.698191 -0.128477
v -0.076128 4.070485 -0.306295
v -0.076128 4.070485 -0.306295
v -0.080707 4.589392 -0.310994
v -0.219642 4.007920 -0.112551
v -0.415815 4.271407 0.023680
v -0.221607 4.194674 0.348837
v -0.221607 4.194674 0.348837
v -0.313251 4.271407 0.038419
v -0.282594 4.271407 0.137398
v -0.088385 4.201880 0.408666
v -0.243455 4.356473 -0.296508
v -0.089146 4.362809 0.393652
v -0.336786 4.341297 -0.114545
v -0.221738 4.227834 0.335071
v -0.088325 4.246725 0.381662
v -0.249726 4.339637 0.327561
v -0.335308 4.329419 0.138877
v -0.296043 4.089803 -0.095598
v -0.385158 4.271407 0.122659
v -0.385926 4.136284 0.049193
v -0.350401 4.343497 0.079517
v -0.297556 4.081173 0.124626
v -0.258041 4.136284 0.158355
v -0.356497 4.136284 0.144207
v -0.287470 4.136284 0.063341
v -0.287470 4.136284 0.063341
v -0.287470 4.136284 0.063341
v -0.325840 4.182228 -0.108164
v -0.079193 4.177666 -0.341762
v -0.079193 4.177666 -0.341762
v -0.243442 4.127207 0.337959
v -0.243442 4.127207 0.337959
v -0.236438 4.189279 -0.283572
v -0.325070 4.153650 0.137331
v -0.087690 4.113214 0.427714
v -0.087690 4.113214 0.427714
vn 0.3499 -0.9199 -0.1768
vn 0.5463 -0.8176 -0.1816
vn 0.5527 -0.8328 0.0317
vn 0.3599 -0.9312 0.0583
vn 0.7623 -0.6276 -0.1580
vn 0.7790 -0.6267 0.0205
vn 0.7722 -0.6055 0.1926
vn 0.6117 -0.7390 0.2823
vn 0.4137 -0.8438 0.3419
vn -0.0000 -0.0778 -0.9970
vn -0.0000 0.0347 -0.9994
vn 0.1138 0.0341 -0.9929
vn 0.1140 -0.0800 -0.9903
vn -0.0000 0.2161 -0.9764
vn 0.1237 0.2140 -0.9690
vn 0.3502 0.2012 -0.9148
vn 0.3362 0.0312 -0.9413
vn 0.3358 -0.0880 -0.9378
vn 0.3700 0.5026 -0.7813
vn 0.6282 0.4099 -0.6613
vn 0.6325 0.1636 -0.7571
vn 0.3778 0.7807 -0.4977
vn 0.6090 0.6665 -0.4300
vn 0.7859 0.5237 -0.3288
vn 0.8560 0.2955 -0.4243
vn 0.8777 0.1128 -0.4658
vn 0.3698 0.1850 0.9105
vn 0.3577 0.4930 0.7931
vn 0.1504 0.5284 0.8356
vn 0.1524 0.2090 0.9660
vn 0.3551 0.7675 0.5337
vn 0.1516 0.8059 0.5723
vn -0.0000 0.8157 0.5785
vn -0.0000 0.5386 0.8426
vn -0.0000 0.2155 0.9765
vn 0.9572 0.2394 -0.1627
vn 0.9828 0.0724 -0.1699
vn 0.8281 0.5375 -0.1590
vn 0.8418 0.5393 -0.0240
vn 0.9739 0.2263 -0.0192
vn 0.9988 0.0485 -0.0071
vn 0.3847 0.9230 -0.0065
vn 0.1700 0.9854 0.0014
vn 0.1617 0.9508 0.2643
vn 0.3709 0.8987 0.2339
vn -0.0000 1.0000 0.0038
vn -0.0000 0.9627 0.2705
vn -0.0000 0.8157 0.5784
vn 0.1517 0.8060 0.5722
vn 0.3551 0.7676 0.5336
vn 0.4898 -0.3459 0.8003
vn 0.2765 -0.3671 0.8881
vn 0.2759 -0.6623 0.6966
vn 0.4676 -0.6212 0.6289
vn -0.0000 -0.3776 0.9260
vn -0.0000 -0.6825 0.7309
vn 0.0001 -0.9201 0.3917
vn 0.2486 -0.8947 0.3712
vn 0.2486 -0.8946 0.3712
vn 0.4137 -0.8437 0.3420
vn 0.9642 -0.2599 -0.0520
vn 0.9684 -0.2253 0.1066
vn 0.9266 -0.3708 0.0625
vn 0.9128 -0.3956 -0.1011
vn 0.9060 -0.2383 0.3499
vn 0.8644 -0.4120 0.2883
vn 0.3728 -0.3466 -0.8607
vn 0.6233 -0.3756 -0.6858
vn 0.6151 -0.4981 -0.6112
vn 0.3949 -0.5313 -0.7495
vn 0.8168 -0.3725 -0.4405
vn 0.7784 -0.4577 -0.4297
vn 0.7135 -0.5705 -0.4068
vn 0.5863 -0.6490 -0.4849
vn 0.5863 -0.6490 -0.4848
vn 0.3981 -0.7355 -0.5483
vn 0.7338 -0.2922 0.6133
vn 0.6909 -0.5264 0.4955
vn 0.6117 -0.7390 0.2824
vn 0.7722 -0.6055 0.1927
vn 0.6222 0.7826 -0.0175
vn 0.6064 0.7762 0.1728
vn 0.8382 0.5316 0.1215
vn 0.5966 0.6672 0.4459
vn 0.7992 0.5129 0.3135
vn 0.8976 0.0617 0.4364
vn 0.8733 0.2675 0.4072
vn 0.6292 0.3980 0.6676
vn 0.6599 0.1273 0.7405
vn 0.7991 0.5129 0.3135
vn 0.5966 0.6672 0.4460
vn 0.9694 0.2100 0.1269
vn 0.9883 0.0351 0.1481
vn 0.8733 0.2675 0.4071
vn 0.8977 0.0617 0.4363
vn -0.0000 -0.9865 -0.1636
vn 0.2077 -0.9636 -0.1684
vn 0.2162 -0.9740 0.0678
vn -0.0000 -0.9971 0.0756
vn 0.2486 -0.8947 0.3711
vn -0.0000 -0.9201 0.3916
vn -0.0000 -0.8067 -0.5910
vn 0.2101 -0.7837 -0.5846
vn 0.2141 -0.9041 -0.3698
vn -0.0000 -0.9293 -0.3693
vn 0.3981 -0.7355 -0.5482
vn 0.3741 -0.8515 -0.3675
vn 0.6089 0.6666 -0.4299
vn 0.6111 0.7686 -0.1892
vn 0.3778 0.7808 -0.4977
vn 0.3820 0.8964 -0.2250
vn 0.1606 0.8329 -0.5297
vn 0.1685 0.9561 -0.2397
vn -0.0000 0.8457 -0.5337
vn -0.0000 0.9704 -0.2417
vn -0.0000 -0.3103 -0.9506
vn 0.1444 -0.3186 -0.9368
vn 0.1799 -0.5417 -0.8211
vn -0.0000 -0.5527 -0.8334
vn 0.2101 -0.7836 -0.5846
vn -0.0000 -0.5528 -0.8333
vn -0.0000 -0.8066 -0.5911
vn -0.0000 0.5476 -0.8367
vn 0.1445 0.5386 -0.8301
vn -0.0000 0.8456 -0.5338
vn 0.1606 0.8328 -0.5297
vn 0.5573 -0.7536 -0.3486
vn 0.7401 -0.6007 -0.3024
vn -0.0494 -0.1815 -0.9822
vn -0.0418 0.1904 -0.9808
vn 0.7447 0.2033 -0.6357
vn 0.7348 -0.2580 -0.6273
vn -0.0768 0.5885 -0.8049
vn 0.4891 0.7659 -0.4174
vn 0.7828 0.5885 0.2022
vn 0.9621 0.1904 0.1952
vn 0.9622 -0.1815 0.2030
vn 0.8787 -0.0192 0.4769
vn 0.6494 0.2104 0.7308
vn 0.5635 0.4183 0.7124
vn 0.7102 0.1402 0.6899
vn 0.3972 0.3983 0.8268
vn 0.3991 0.4861 0.7774
vn 0.4677 0.1860 0.8641
vn 0.3991 0.4861 0.7775
vn -0.9623 0.1250 -0.2416
vn -0.9300 0.2937 -0.2210
vn -0.6291 0.1969 -0.7520
vn -0.6377 -0.0291 -0.7697
vn -0.7704 0.6021 -0.2096
vn -0.4746 0.6798 -0.5591
vn -0.0495 -0.1815 -0.9822
vn 0.0874 0.1251 0.9883
vn 0.0722 0.2937 0.9532
vn -0.7063 0.3711 0.6029
vn -0.7404 0.2289 0.6319
vn 0.0860 0.6021 0.7938
vn -0.4757 0.7803 0.4060
vn -0.7704 0.6021 -0.2095
vn -0.9300 0.2936 -0.2210
vn -0.9623 0.1251 -0.2415
vn 0.3971 0.3983 0.8268
vn 0.2072 0.4957 0.8434
vn 0.2172 0.5353 0.8163
vn -0.0000 0.5480 0.8365
vn -0.0000 0.5437 0.8393
vn -0.0000 0.2289 0.9735
vn 0.2524 0.2263 0.9408
vn 0.6272 0.0231 -0.7785
vn 0.6252 -0.0981 -0.7743
vn 0.8813 0.0136 -0.4723
vn 0.8764 -0.0977 -0.4715
vn 0.3546 -0.0939 0.9303
vn 0.3670 -0.0292 0.9298
vn 0.1462 -0.0289 0.9888
vn 0.1499 -0.0866 0.9849
vn -0.0000 -0.0297 0.9996
vn -0.0000 -0.0713 0.9975
vn 0.9861 0.0064 -0.1660
vn 0.9819 -0.0838 -0.1697
vn 1.0000 -0.0031 0.0027
vn 0.9974 -0.0717 0.0005
vn 0.8787 -0.0191 0.4769
vn 0.6364 -0.0639 0.7687
vn 0.5420 -0.0133 0.8403
vn 0.6494 0.2103 0.7308
vn 0.3639 0.0385 0.9307
vn 0.1866 0.1306 0.9737
vn -0.0000 0.1971 0.9804
vn 0.8992 -0.0288 0.4367
vn 0.6596 -0.0274 0.7511
vn 0.9870 -0.0220 0.1592
vn 0.9851 -0.0604 0.1611
vn 0.8992 -0.0288 0.4366
vn 0.8788 -0.0192 0.4769
vn 0.9235 -0.3201 -0.2115
vn 0.8724 -0.4214 -0.2475
vn 0.9622 -0.1814 0.2030
vn 0.9621 0.1904 0.1953
vn 0.6439 0.1969 0.7393
vn 0.6601 -0.0291 0.7506
vn 0.4776 0.6798 0.5565
vn 0.0723 0.2936 0.9532
vn 0.0875 0.1251 0.9883
vn 0.5933 -0.6258 -0.5064
vn -0.0791 -0.5025 -0.8610
vn 0.8379 -0.5025 0.2133
vn 0.6194 -0.7545 0.2171
vn 0.3204 -0.9070 -0.2735
vn -0.1172 -0.7545 -0.6458
vn -0.0769 0.5885 -0.8049
vn -0.4746 0.6799 -0.5590
vn -0.0000 1.0000 -0.0000
vn 0.4890 0.7659 -0.4175
vn -0.4756 0.7804 0.4060
vn 0.0860 0.6021 0.7937
vn 0.4776 0.6799 0.5564
vn -0.8348 -0.5270 -0.1594
vn -0.4727 -0.7243 -0.5019
vn -0.0488 -0.9979 0.0417
vn -0.5807 -0.6457 0.4957
vn 0.3203 -0.9070 -0.2734
vn 0.6194 -0.7544 0.2171
vn 0.4215 -0.7243 0.5456
vn 0.0264 -0.5270 0.8495
vn -0.7604 0.0205 0.6491
vn 0.0646 -0.0758 0.9950
vn -0.9726 -0.0758 -0.2200
vn 0.0264 -0.5270 0.8494
vn 0.6235 -0.2647 0.7357
vn 0.8379 -0.5024 0.2133
vn 0.0646 -0.0759 0.9950
vn 0.4215 -0.7243 0.5457
vn 0.6194 -0.7544 0.2172
vn -0.6287 -0.2647 -0.7312
vn -0.0792 -0.5024 -0.8610
vn -0.6286 -0.2647 -0.7313
vn -0.6287 -0.2648 -0.7312
vn -0.1172 -0.7544 -0.6459
vn 0.9581 -0.2182 -0.1855
vn 0.8519 -0.2527 -0.4587
vn 0.9845 -0.1745 -0.0202
vn 0.1240 -0.1982 -0.9723
vn -0.0000 -0.1917 -0.9815
vn 0.3491 -0.2219 -0.9104
vn 0.1240 -0.1983 -0.9723
vn 0.3728 -0.3466 -0.8608
vn 0.7103 0.1401 0.6898
vn 0.7472 -0.0961 0.6577
vn 0.9212 -0.1007 0.3758
vn 0.7102 0.1401 0.6899
vn 0.4678 0.1859 0.8641
vn 0.4932 -0.0984 0.8643
vn 0.7471 -0.0961 0.6577
vn 0.6251 -0.0981 -0.7743
vn 0.6235 -0.2504 -0.7406
vn 0.8764 -0.0977 -0.4716
vn 0.8168 -0.3725 -0.4406
vn 0.6233 -0.3756 -0.6859
vn 0.9820 -0.1287 0.1382
vn 0.2689 -0.1024 0.9577
vn -0.0000 0.2288 0.9735
vn -0.0000 -0.1071 0.9942
vn 0.2689 -0.1025 0.9577
vn 0.0001 -0.1072 0.9942
vn -0.0000 -0.3775 0.9260
vn 0.2765 -0.3670 0.8882
vn -0.3499 -0.9199 -0.1768
vn -0.3599 -0.9312 0.0583
vn -0.5527 -0.8328 0.0317
vn -0.5463 -0.8176 -0.1816
vn -0.7790 -0.6267 0.0205
vn -0.7623 -0.6276 -0.1580
vn -0.6117 -0.7390 0.2824
vn -0.7722 -0.6055 0.1926
vn -0.4137 -0.8438 0.3419
vn -0.1140 -0.0800 -0.9903
vn -0.1137 0.0342 -0.9929
vn -0.1237 0.2140 -0.9690
vn -0.3363 0.0311 -0.9413
vn -0.3502 0.2012 -0.9148
vn -0.3358 -0.0880 -0.9378
vn -0.6326 0.1634 -0.7571
vn -0.6282 0.4099 -0.6613
vn -0.3700 0.5026 -0.7813
vn -0.6090 0.6665 -0.4300
vn -0.3778 0.7807 -0.4977
vn -0.8560 0.2955 -0.4243
vn -0.7858 0.5238 -0.3288
vn -0.8777 0.1127 -0.4658
vn -0.3698 0.1850 0.9105
vn -0.1524 0.2090 0.9660
vn -0.1504 0.5284 0.8356
vn -0.3577 0.4930 0.7931
vn -0.1516 0.8059 0.5723
vn -0.3551 0.7675 0.5337
vn -0.9828 0.0724 -0.1699
vn -0.9572 0.2394 -0.1627
vn -0.8281 0.5375 -0.1590
vn -0.9739 0.2263 -0.0192
vn -0.8418 0.5393 -0.0240
vn -0.9988 0.0486 -0.0071
vn -0.3847 0.9230 -0.0065
vn -0.3709 0.8987 0.2339
vn -0.1617 0.9508 0.2644
vn -0.1700 0.9854 0.0014
vn -0.1516 0.8060 0.5722
vn -0.3551 0.7676 0.5336
vn -0.4898 -0.3459 0.8003
vn -0.4676 -0.6212 0.6288
vn -0.2759 -0.6623 0.6966
vn -0.2765 -0.3671 0.8881
vn -0.0000 -0.6824 0.7309
vn -0.2758 -0.6623 0.6966
vn -0.2486 -0.8947 0.3712
vn -0.0000 -0.9201 0.3917
vn -0.4137 -0.8437 0.3420
vn -0.2486 -0.8946 0.3712
vn -0.9642 -0.2599 -0.0520
vn -0.9128 -0.3956 -0.1011
vn -0.9266 -0.3708 0.0625
vn -0.9684 -0.2253 0.1066
vn -0.8644 -0.4120 0.2883
vn -0.9060 -0.2382 0.3499
vn -0.3728 -0.3466 -0.8607
vn -0.3949 -0.5313 -0.7495
vn -0.6151 -0.4981 -0.6112
vn -0.6233 -0.3756 -0.6858
vn -0.7784 -0.4577 -0.4297
vn -0.8168 -0.3725 -0.4405
vn -0.5863 -0.6490 -0.4848
vn -0.7135 -0.5705 -0.4068
vn -0.3981 -0.7355 -0.5483
vn -0.6909 -0.5264 0.4955
vn -0.7338 -0.2922 0.6133
vn -0.8644 -0.4120 0.2882
vn -0.8382 0.5316 0.1215
vn -0.6064 0.7762 0.1728
vn -0.6222 0.7826 -0.0175
vn -0.5966 0.6672 0.4460
vn -0.7992 0.5129 0.3135
vn -0.8976 0.0617 0.4364
vn -0.6596 0.1269 0.7408
vn -0.6292 0.3980 0.6676
vn -0.8733 0.2675 0.4072
vn -0.7991 0.5129 0.3135
vn -0.9883 0.0350 0.1482
vn -0.9694 0.2099 0.1269
vn -0.8733 0.2675 0.4071
vn -0.8977 0.0617 0.4363
vn -0.2162 -0.9740 0.0678
vn -0.2076 -0.9636 -0.1684
vn -0.2486 -0.8947 0.3711
vn -0.0001 -0.9201 0.3917
vn -0.2140 -0.9041 -0.3698
vn -0.2101 -0.7837 -0.5846
vn -0.3741 -0.8515 -0.3675
vn -0.3981 -0.7355 -0.5482
vn -0.6111 0.7686 -0.1892
vn -0.6089 0.6666 -0.4299
vn -0.3819 0.8965 -0.2247
vn -0.3778 0.7808 -0.4977
vn -0.1690 0.9561 -0.2392
vn -0.1606 0.8329 -0.5297
vn -0.1799 -0.5417 -0.8211
vn -0.1444 -0.3186 -0.9368
vn -0.2101 -0.7836 -0.5846
vn -0.1446 0.5385 -0.8301
vn -0.1606 0.8328 -0.5297
vn -0.5573 -0.7536 -0.3486
vn -0.7401 -0.6007 -0.3024
vn 0.0494 -0.1815 -0.9822
vn -0.7347 -0.2580 -0.6274
vn -0.7447 0.2033 -0.6357
vn 0.0418 0.1904 -0.9808
vn -0.4891 0.7659 -0.4175
vn 0.0768 0.5885 -0.8049
vn -0.9621 0.1904 0.1952
vn -0.7828 0.5885 0.2022
vn -0.9622 -0.1815 0.2030
vn -0.8787 -0.0192 0.4769
vn -0.7102 0.1402 0.6899
vn -0.5635 0.4183 0.7124
vn -0.6494 0.2103 0.7307
vn -0.3972 0.3983 0.8268
vn -0.3991 0.4861 0.7774
vn -0.4678 0.1860 0.8641
vn -0.3991 0.4861 0.7775
vn 0.9623 0.1251 -0.2416
vn 0.6377 -0.0291 -0.7697
vn 0.6291 0.1969 -0.7520
vn 0.9300 0.2937 -0.2210
vn 0.4746 0.6798 -0.5591
vn 0.7704 0.6021 -0.2096
vn 0.0495 -0.1814 -0.9822
vn -0.0874 0.1250 0.9883
vn 0.7404 0.2289 0.6319
vn 0.7063 0.3711 0.6029
vn -0.0722 0.2937 0.9532
vn 0.4757 0.7803 0.4060
vn -0.0860 0.6021 0.7938
vn 0.7704 0.6021 -0.2095
vn 0.9623 0.1251 -0.2415
vn -0.3971 0.3983 0.8268
vn -0.2172 0.5353 0.8163
vn -0.2072 0.4957 0.8434
vn -0.2524 0.2263 0.9408
vn -0.6252 -0.0981 -0.7743
vn -0.6273 0.0231 -0.7784
vn -0.8814 0.0133 -0.4721
vn -0.8764 -0.0977 -0.4715
vn -0.3546 -0.0939 0.9303
vn -0.1499 -0.0866 0.9849
vn -0.1462 -0.0289 0.9888
vn -0.3670 -0.0292 0.9298
vn -0.9819 -0.0838 -0.1697
vn -0.9861 0.0064 -0.1660
vn -1.0000 -0.0035 0.0030
vn -0.9974 -0.0717 0.0005
vn -0.6494 0.2103 0.7308
vn -0.5420 -0.0133 0.8403
vn -0.6364 -0.0639 0.7687
vn -0.3639 0.0384 0.9307
vn -0.1866 0.1306 0.9737
vn -0.6596 -0.0274 0.7511
vn -0.8992 -0.0288 0.4367
vn -0.9851 -0.0604 0.1611
vn -0.9870 -0.0220 0.1592
vn -0.8992 -0.0288 0.4366
vn -0.8788 -0.0191 0.4769
vn -0.8724 -0.4215 -0.2475
vn -0.9235 -0.3200 -0.2115
vn -0.6602 -0.0292 0.7505
vn -0.6439 0.1969 0.7393
vn -0.9621 0.1904 0.1953
vn -0.4777 0.6798 0.5565
vn -0.0723 0.2937 0.9532
vn -0.0875 0.1251 0.9883
vn 0.0791 -0.5025 -0.8610
vn -0.5933 -0.6258 -0.5064
vn -0.8379 -0.5025 0.2133
vn -0.3204 -0.9070 -0.2735
vn -0.6194 -0.7544 0.2171
vn 0.1172 -0.7545 -0.6458
vn -0.4890 0.7659 -0.4175
vn 0.4746 0.6799 -0.5590
vn 0.4756 0.7804 0.4060
vn -0.4776 0.6799 0.5564
vn -0.0860 0.6021 0.7937
vn -0.7828 0.5884 0.2022
vn 0.8348 -0.5270 -0.1594
vn 0.5808 -0.6457 0.4957
vn 0.0488 -0.9979 0.0417
vn 0.4727 -0.7243 -0.5019
vn -0.3203 -0.9070 -0.2734
vn -0.4215 -0.7243 0.5456
vn -0.0264 -0.5270 0.8495
vn -0.0646 -0.0758 0.9950
vn 0.7604 0.0205 0.6491
vn 0.9726 -0.0758 -0.2200
vn -0.0264 -0.5271 0.8494
vn -0.8379 -0.5024 0.2133
vn -0.6235 -0.2647 0.7357
vn -0.4215 -0.7243 0.5457
vn 0.6287 -0.2647 -0.7312
vn 0.6286 -0.2647 -0.7313
vn 0.0792 -0.5024 -0.8610
vn 0.6287 -0.2648 -0.7312
vn 0.1173 -0.7544 -0.6458
vn 0.8347 -0.5270 -0.1594
vn -0.8519 -0.2527 -0.4587
vn -0.9581 -0.2183 -0.1854
vn -0.9845 -0.1745 -0.0202
vn -0.1240 -0.1982 -0.9723
vn -0.3491 -0.2219 -0.9104
vn -0.1240 -0.1983 -0.9723
vn -0.3728 -0.3466 -0.8608
vn -0.9212 -0.1007 0.3758
vn -0.7472 -0.0961 0.6577
vn -0.7103 0.1401 0.6898
vn -0.7471 -0.0961 0.6577
vn -0.4933 -0.0984 0.8643
vn -0.4678 0.1859 0.8641
vn -0.6235 -0.2504 -0.7406
vn -0.6251 -0.0981 -0.7743
vn -0.8764 -0.0977 -0.4716
vn -0.6233 -0.3756 -0.6859
vn -0.8168 -0.3725 -0.4406
vn -0.9820 -0.1287 0.1382
vn -0.2689 -0.1024 0.9577
vn -0.2689 -0.1025 0.9577
vn -0.2765 -0.3670 0.8882
vn -0.0001 -0.1071 0.9942
vt 0.250000 0.375000
vt 0.309896 0.374883
vt 0.310330 0.312251
vt 0.250000 0.312500
vt 0.354167 0.374061
vt 0.355903 0.310153
vt 0.375000 0.250000
vt 0.312500 0.250000
vt 0.250000 0.250000
vt 0.375000 0.750000
vt 0.437500 0.750000
vt 0.437500 0.687500
vt 0.375000 0.687500
vt 0.500000 0.750000
vt 0.500000 0.687500
vt 0.500000 0.625000
vt 0.437500 0.625000
vt 0.375000 0.625000
vt 0.562500 0.625000
vt 0.562500 0.562500
vt 0.500000 0.562500
vt 0.625000 0.625000
vt 0.625000 0.562500
vt 0.625000 0.500000
vt 0.562500 0.500000
vt 0.500000 0.500000
vt 0.510417 0.125000
vt 0.567708 0.125000
vt 0.567708 0.062500
vt 0.510417 0.062500
vt 0.625000 0.125000
vt 0.625000 0.062500
vt 0.625000 -0.000000
vt 0.567708 -0.000000
vt 0.510417 0.000000
vt 0.562500 0.437500
vt 0.500000 0.437500
vt 0.625000 0.437500
vt 0.625000 0.375000
vt 0.562500 0.375000
vt 0.500000 0.375000
vt 0.750000 0.375000
vt 0.812500 0.375000
vt 0.812500 0.312500
vt 0.750000 0.312500
vt 0.875000 0.375000
vt 0.875000 0.312500
vt 0.875000 0.250000
vt 0.812500 0.250000
vt 0.750000 0.250000
vt 0.375000 0.125000
vt 0.375000 0.062500
vt 0.375000 0.062265
vt 0.375000 0.122653
vt 0.375000 -0.000000
vt 0.375000 -0.000000
vt 0.375000 0.062500
vt 0.375000 0.125000
vt 0.375000 0.371245
vt 0.375000 0.299945
vt 0.372830 0.304418
vt 0.372396 0.372301
vt 0.375000 0.216206
vt 0.374566 0.237855
vt 0.375000 0.625000
vt 0.375000 0.562500
vt 0.375000 0.562500
vt 0.375000 0.500000
vt 0.374566 0.500000
vt 0.375000 0.500000
vt 0.375000 0.562500
vt 0.375000 0.170603
vt 0.375000 0.179286
vt 0.375000 0.187500
vt 0.687500 0.375000
vt 0.687500 0.312500
vt 0.625000 0.312500
vt 0.687500 0.250000
vt 0.625000 0.250000
vt 0.510417 0.250000
vt 0.567708 0.250000
vt 0.567708 0.187500
vt 0.510417 0.187500
vt 0.625000 0.187500
vt 0.562500 0.312500
vt 0.500000 0.312500
vt 0.562500 0.250000
vt 0.500000 0.250000
vt 0.125000 0.375000
vt 0.187500 0.375000
vt 0.187500 0.312500
vt 0.125000 0.312500
vt 0.187500 0.250000
vt 0.125000 0.250000
vt 0.125000 0.500000
vt 0.187500 0.500000
vt 0.187500 0.437500
vt 0.125000 0.437500
vt 0.250000 0.500000
vt 0.250000 0.437500
vt 0.687500 0.500000
vt 0.687500 0.437500
vt 0.750000 0.500000
vt 0.750000 0.437500
vt 0.812500 0.500000
vt 0.812500 0.437500
vt 0.875000 0.500000
vt 0.875000 0.437500
vt 0.375000 0.687500
vt 0.375000 0.687500
vt 0.375000 0.750000
vt 0.562500 0.750000
vt 0.562500 0.687500
vt 0.625000 0.750000
vt 0.625000 0.687500
vt 0.312500 0.500000
vt 0.310330 0.437485
vt 0.355903 0.437383
vt 0.375000 1.000000
vt 0.500000 1.000000
vt 0.503472 0.875000
vt 0.409722 0.875000
vt 0.625000 1.000000
vt 0.625000 0.875000
vt 0.500000 0.750000
vt 0.375000 0.750000
vt 0.375000 0.250000
vt 0.375000 0.165799
vt 0.375072 0.120370
vt 0.503472 0.625000
vt 0.409722 0.625000
vt 0.625000 0.625000
vt 0.625000 0.500000
vt 0.503472 0.375000
vt 0.409722 0.375000
vt 0.625000 0.375000
vt 0.625000 0.250000
vt 0.500000 0.250000
vt 0.377918 0.062211
vt 0.375289 0.061921
vt 0.375000 0.000000
vt 0.437500 0.562500
vt 0.437934 0.500000
vt 0.411844 0.122685
vt 0.455126 0.124711
vt 0.454759 0.062464
vt 0.410204 0.062211
vt 0.453125 -0.000000
vt 0.395833 0.000000
vt 0.439670 0.437485
vt 0.394097 0.437383
vt 0.440104 0.374883
vt 0.395833 0.374061
vt 0.395833 0.250000
vt 0.410976 0.180845
vt 0.391629 0.164876
vt 0.385417 0.187500
vt 0.388551 0.120081
vt 0.387436 0.061885
vt 0.385417 -0.000000
vt 0.453125 0.250000
vt 0.454855 0.186885
vt 0.439670 0.312251
vt 0.394097 0.310036
vt 0.437500 0.250000
vt 0.375000 0.437031
vt 0.372830 0.437163
vt 0.503472 0.125000
vt 0.409722 0.125000
vt 0.625000 0.125000
vt 0.500000 -0.000000
vt 0.378472 0.875000
vt 0.375000 1.000000
vt 0.375000 0.875000
vt 0.375000 1.000000
vt 0.750000 0.500000
vt 0.875000 0.375000
vt 0.750000 0.250000
vt 0.250000 0.500000
vt 0.125000 0.375000
vt 0.375000 0.500000
vt 0.375000 0.375000
vt 0.250000 0.250000
vt 0.378472 0.375000
vt 0.375000 0.500000
vt 0.375000 0.250000
vt 0.378472 0.125000
vt 0.378472 0.625000
vt 0.375000 0.625000
vt 0.377170 0.437163
vt 0.377604 0.372301
vt 0.375000 0.178817
vt 0.375000 0.233103
vt 0.377170 0.303949
vt 0.375000 0.062265
s 1
usemtl Scene_-_Root
f 4570/1038/3730 4709/1039/3731 4803/1040/3732
f 4570/1038/3730 4803/1040/3732 4693/1041/3733
f 4709/1039/3731 4568/1042/3734 4700/1043/3735
f 4709/1039/3731 4700/1043/3735 4803/1040/3732
f 4803/1040/3732 4700/1043/3735 4549/1044/3736
f 4803/1040/3732 4549/1044/3736 4666/1045/3737
f 4693/1041/3733 4803/1040/3732 4666/1045/3737
f 4693/1041/3733 4666/1045/3737 4561/1046/3738
f 4525/1047/3739 4736/1048/3740 4804/1049/3741
f 4525/1047/3739 4804/1049/3741 4646/1050/3742
f 4736/1048/3740 4595/1051/3743 4685/1052/3744
f 4736/1048/3740 4685/1052/3744 4804/1049/3741
f 4804/1049/3741 4685/1052/3744 4589/1053/3745
f 4804/1049/3741 4589/1053/3745 4742/1054/3746
f 4646/1050/3742 4804/1049/3741 4742/1054/3746
f 4646/1050/3742 4742/1054/3746 4551/1055/3747
f 4589/1053/3745 4653/1056/3748 4805/1057/3749
f 4589/1053/3745 4805/1057/3749 4745/1058/3750
f 4653/1056/3748 4553/1059/3751 4648/1060/3752
f 4653/1056/3748 4648/1060/3752 4805/1057/3749
f 4805/1057/3749 4648/1060/3752 4537/1061/3753
f 4805/1057/3749 4537/1061/3753 4710/1062/3754
f 4745/1058/3750 4805/1057/3749 4710/1062/3754
f 4745/1058/3750 4710/1062/3754 4594/1063/3755
f 4590/1064/3756 4667/1065/3757 4806/1066/3758
f 4590/1064/3756 4806/1066/3758 4749/1067/3759
f 4667/1065/3757 4557/1068/3760 4657/1069/3761
f 4667/1065/3757 4657/1069/3761 4806/1066/3758
f 4806/1066/3758 4657/1069/3761 4521/1070/3762
f 4806/1066/3758 4521/1070/3762 4640/1071/3763
f 4749/1067/3759 4806/1066/3758 4640/1071/3763
f 4749/1067/3759 4640/1071/3763 4591/1072/3764
f 4594/1063/3755 4710/1062/3754 4807/1073/3765
f 4594/1063/3755 4807/1073/3765 4750/1074/3766
f 4710/1062/3754 4537/1061/3753 4697/1075/3767
f 4710/1062/3754 4697/1075/3767 4807/1073/3765
f 4807/1073/3765 4697/1075/3767 4565/1076/3768
f 4807/1073/3765 4565/1076/3768 4706/1077/3769
f 4750/1074/3766 4807/1073/3765 4706/1077/3769
f 4750/1074/3766 4706/1077/3769 4586/1078/3770
f 4569/1079/3771 4705/1080/3772 4808/1081/3773
f 4569/1079/3771 4808/1081/3773 4687/1082/3774
f 4705/1080/3772 4562/1083/3775 4694/1084/3776
f 4705/1080/3772 4694/1084/3776 4808/1081/3773
f 4808/1081/3773 4694/1084/3776 4520/1085/3777
f 4808/1081/3773 4520/1085/3777 4656/1086/3778
f 4687/1082/3774 4808/1081/3773 4656/1086/3778
f 4687/1082/3774 4656/1086/3778 4556/1087/3779
f 4627/1088/3780 4802/1089/3781 4810/1090/3782
f 4627/1088/3780 4810/1090/3782 4686/1091/3783
f 4802/1089/3781 4624/1092/3784 4672/1093/3785
f 4802/1089/3781 4672/1093/3785 4810/1090/3782
f 4809/1090/3782 4669/1093/3785 4543/1092/3786
f 4809/1090/3782 4543/1092/3786 4682/1094/3787
f 4686/1091/3783 4810/1090/3782 4683/1094/3788
f 4686/1091/3783 4683/1094/3788 4560/1095/3789
f 4637/1096/3790 4800/1097/3791 4811/1098/3792
f 4637/1096/3790 4811/1098/3792 4722/1099/3793
f 4800/1097/3791 4628/1100/3794 4708/1101/3795
f 4800/1097/3791 4708/1101/3795 4811/1098/3792
f 4811/1098/3792 4708/1101/3795 4549/1044/3736
f 4811/1098/3792 4549/1044/3736 4700/1043/3735
f 4722/1099/3793 4811/1098/3792 4700/1043/3735
f 4722/1099/3793 4700/1043/3735 4568/1042/3734
f 4636/1102/3796 4799/1103/3797 4813/1104/3798
f 4636/1102/3796 4813/1104/3798 4719/1102/3799
f 4799/1103/3797 4629/1105/3800 4786/1106/3801
f 4799/1103/3797 4786/1106/3801 4813/1104/3798
f 4812/1104/3798 4785/1106/3801 4546/1107/3802
f 4812/1104/3798 4546/1107/3802 4680/1108/3803
f 4719/1102/3799 4813/1104/3798 4679/1108/3804
f 4719/1102/3799 4679/1108/3804 4558/1055/3805
f 4628/1100/3794 4797/1109/3806 4815/1110/3807
f 4628/1100/3794 4815/1110/3807 4708/1101/3795
f 4797/1109/3806 4627/1088/3780 4686/1091/3783
f 4797/1109/3806 4686/1091/3783 4815/1110/3807
f 4815/1110/3807 4686/1091/3783 4560/1095/3789
f 4815/1110/3807 4560/1095/3789 4665/1111/3808
f 4707/1101/3795 4814/1110/3807 4664/1111/3808
f 4707/1101/3795 4664/1111/3808 4548/1044/3809
f 4565/1076/3768 4704/1112/3810 4816/1113/3811
f 4565/1076/3768 4816/1113/3811 4652/1114/3812
f 4704/1112/3810 4569/1079/3771 4687/1082/3774
f 4704/1112/3810 4687/1082/3774 4816/1113/3811
f 4816/1113/3811 4687/1082/3774 4556/1087/3779
f 4816/1113/3811 4556/1087/3779 4677/1115/3813
f 4652/1114/3812 4816/1113/3811 4677/1115/3813
f 4652/1114/3812 4677/1115/3813 4533/1116/3814
f 4572/1117/3815 4740/1118/3816 4817/1119/3817
f 4572/1117/3815 4817/1119/3817 4668/1120/3818
f 4740/1118/3816 4534/1116/3819 4678/1121/3820
f 4740/1118/3816 4678/1121/3820 4817/1119/3817
f 4817/1119/3817 4678/1121/3820 4557/1068/3760
f 4817/1119/3817 4557/1068/3760 4667/1065/3757
f 4668/1120/3818 4817/1119/3817 4667/1065/3757
f 4668/1120/3818 4667/1065/3757 4590/1064/3756
f 4586/1078/3770 4706/1077/3769 4818/1122/3821
f 4586/1078/3770 4818/1122/3821 4673/1123/3822
f 4706/1077/3769 4565/1076/3768 4652/1114/3812
f 4706/1077/3769 4652/1114/3812 4818/1122/3821
f 4818/1122/3821 4652/1114/3812 4533/1116/3814
f 4818/1122/3821 4533/1116/3814 4739/1124/3823
f 4673/1123/3822 4818/1122/3821 4739/1124/3823
f 4673/1123/3822 4739/1124/3823 4571/1125/3824
f 4567/1126/3825 4703/1127/3826 4819/1128/3827
f 4567/1126/3825 4819/1128/3827 4659/1129/3828
f 4703/1127/3826 4570/1038/3730 4693/1041/3733
f 4703/1127/3826 4693/1041/3733 4819/1128/3827
f 4819/1128/3827 4693/1041/3733 4561/1046/3738
f 4819/1128/3827 4561/1046/3738 4684/1130/3829
f 4659/1129/3828 4819/1128/3827 4684/1130/3829
f 4659/1129/3828 4684/1130/3829 4545/1131/3830
f 4541/1132/3831 4662/1133/3832 4820/1134/3833
f 4541/1132/3831 4820/1134/3833 4699/1135/3834
f 4662/1133/3832 4559/1136/3835 4702/1137/3836
f 4662/1133/3832 4702/1137/3836 4820/1134/3833
f 4820/1134/3833 4702/1137/3836 4570/1038/3730
f 4820/1134/3833 4570/1038/3730 4703/1127/3826
f 4699/1135/3834 4820/1134/3833 4703/1127/3826
f 4699/1135/3834 4703/1127/3826 4567/1126/3825
f 4537/1061/3753 4647/1138/3837 4821/1139/3838
f 4537/1061/3753 4821/1139/3838 4697/1075/3767
f 4647/1138/3837 4552/1140/3839 4701/1141/3840
f 4647/1138/3837 4701/1141/3840 4821/1139/3838
f 4821/1139/3838 4701/1141/3840 4569/1079/3771
f 4821/1139/3838 4569/1079/3771 4704/1112/3810
f 4697/1075/3767 4821/1139/3838 4704/1112/3810
f 4697/1075/3767 4704/1112/3810 4565/1076/3768
f 4552/1140/3839 4674/1142/3841 4822/1143/3842
f 4552/1140/3839 4822/1143/3842 4701/1141/3840
f 4674/1142/3841 4526/1144/3843 4642/1145/3844
f 4674/1142/3841 4642/1145/3844 4822/1143/3842
f 4822/1143/3842 4642/1145/3844 4562/1083/3775
f 4822/1143/3842 4562/1083/3775 4705/1080/3772
f 4701/1141/3840 4822/1143/3842 4705/1080/3772
f 4701/1141/3840 4705/1080/3772 4569/1079/3771
f 4633/1047/3845 4795/1146/3846 4824/1147/3847
f 4633/1047/3845 4824/1147/3847 4790/1148/3848
f 4795/1146/3846 4636/1102/3796 4719/1102/3799
f 4795/1146/3846 4719/1102/3799 4824/1147/3847
f 4824/1147/3847 4719/1102/3799 4558/1055/3805
f 4824/1147/3847 4558/1055/3805 4661/1050/3849
f 4787/1148/3850 4823/1147/3847 4660/1050/3849
f 4787/1148/3850 4660/1050/3849 4540/1047/3851
f 4595/1051/3743 4724/1149/3852 4825/1150/3853
f 4595/1051/3743 4825/1150/3853 4685/1052/3744
f 4724/1149/3852 4528/1151/3854 4675/1152/3855
f 4724/1149/3852 4675/1152/3855 4825/1150/3853
f 4825/1150/3853 4675/1152/3855 4553/1059/3751
f 4825/1150/3853 4553/1059/3751 4653/1056/3748
f 4685/1052/3744 4825/1150/3853 4653/1056/3748
f 4685/1052/3744 4653/1056/3748 4589/1053/3745
f 4559/1136/3835 4681/1153/3804 4826/1154/3856
f 4559/1136/3835 4826/1154/3856 4702/1137/3836
f 4681/1153/3804 4547/1107/3802 4663/1155/3857
f 4681/1153/3804 4663/1155/3857 4826/1154/3856
f 4826/1154/3856 4663/1155/3857 4568/1042/3734
f 4826/1154/3856 4568/1042/3734 4709/1039/3731
f 4702/1137/3836 4826/1154/3856 4709/1039/3731
f 4702/1137/3836 4709/1039/3731 4570/1038/3730
f 4606/1156/3858 4753/1157/3859 4827/1158/3860
f 4606/1156/3858 4827/1158/3860 4755/1159/3861
f 4753/1157/3859 4608/1160/3862 4756/1161/3863
f 4753/1157/3859 4756/1161/3863 4827/1158/3860
f 4827/1158/3860 4756/1161/3863 4602/1151/3864
f 4827/1158/3860 4602/1151/3864 4758/1162/3865
f 4755/1159/3861 4827/1158/3860 4758/1162/3865
f 4755/1159/3861 4758/1162/3865 4601/1163/3866
f 4532/1164/3867 4654/1111/3868 4828/1165/3869
f 4532/1164/3867 4828/1165/3869 4692/1111/3870
f 4554/1095/3871 4721/1166/3872 4828/1165/3869
f 4554/1095/3871 4828/1165/3869 4654/1111/3868
f 4584/1095/3873 4690/1111/3870 4829/1165/3869
f 4584/1095/3873 4829/1165/3869 4720/1166/3874
f 4574/1163/3875 4726/1162/3876 4830/1167/3877
f 4574/1163/3875 4830/1167/3877 4723/1168/3878
f 4726/1162/3876 4598/1151/3879 4752/1169/3880
f 4726/1162/3876 4752/1169/3880 4830/1167/3877
f 4830/1167/3877 4752/1169/3880 4609/1170/3862
f 4830/1167/3877 4609/1170/3862 4754/1063/3859
f 4723/1168/3878 4830/1167/3877 4754/1063/3859
f 4723/1168/3878 4754/1063/3859 4605/1107/3881
f 4582/1107/3882 4733/1063/3883 4831/1171/3884
f 4582/1107/3882 4831/1171/3884 4744/1172/3885
f 4733/1063/3883 4581/1170/3886 4729/1173/3887
f 4733/1063/3883 4729/1173/3887 4831/1171/3884
f 4831/1171/3884 4729/1173/3887 4599/1174/3888
f 4831/1171/3884 4599/1174/3888 4727/1175/3889
f 4744/1172/3885 4831/1171/3884 4727/1175/3889
f 4744/1172/3885 4727/1175/3889 4573/1044/3890
f 4555/1095/3891 4676/1176/3892 4832/1177/3893
f 4555/1095/3891 4832/1177/3893 4720/1166/3874
f 4676/1176/3892 4516/1178/3894 4714/1093/3895
f 4676/1176/3892 4714/1093/3895 4832/1177/3893
f 4832/1177/3893 4714/1093/3895 4578/1092/3896
f 4832/1177/3893 4578/1092/3896 4730/1094/3897
f 4720/1166/3874 4832/1177/3893 4730/1094/3897
f 4720/1166/3874 4730/1094/3897 4584/1095/3873
f 4551/1055/3747 4742/1054/3746 4833/1179/3898
f 4551/1055/3747 4833/1179/3898 4639/1108/3899
f 4742/1054/3746 4589/1053/3745 4745/1058/3750
f 4742/1054/3746 4745/1058/3750 4833/1179/3898
f 4833/1179/3898 4745/1058/3750 4594/1063/3755
f 4833/1179/3898 4594/1063/3755 4738/1180/3900
f 4639/1108/3899 4833/1179/3898 4738/1180/3900
f 4639/1108/3899 4738/1180/3900 4536/1107/3901
f 4593/1181/3902 4741/1182/3903 4834/1183/3904
f 4593/1181/3902 4834/1183/3904 4748/1184/3905
f 4741/1182/3903 4590/1064/3756 4749/1067/3759
f 4741/1182/3903 4749/1067/3759 4834/1183/3904
f 4834/1183/3904 4749/1067/3759 4591/1072/3764
f 4834/1183/3904 4591/1072/3764 4746/1185/3906
f 4748/1184/3905 4834/1183/3904 4746/1185/3906
f 4748/1184/3905 4746/1185/3906 4588/1186/3907
f 4536/1107/3901 4738/1180/3900 4835/1187/3908
f 4536/1107/3901 4835/1187/3908 4651/1188/3909
f 4738/1180/3900 4594/1063/3755 4750/1074/3766
f 4738/1180/3900 4750/1074/3766 4835/1187/3908
f 4835/1187/3908 4750/1074/3766 4586/1078/3770
f 4835/1187/3908 4586/1078/3770 4743/1189/3910
f 4651/1188/3909 4835/1187/3908 4743/1189/3910
f 4651/1188/3909 4743/1189/3910 4564/1190/3911
f 4531/1191/3912 4644/1192/3913 4836/1193/3914
f 4531/1191/3912 4836/1193/3914 4655/1194/3915
f 4593/1181/3902 4688/1195/3916 4836/1193/3914
f 4593/1181/3902 4836/1193/3914 4644/1192/3913
f 4555/1095/3891 4655/1194/3915 4836/1193/3914
f 4555/1095/3891 4836/1193/3914 4688/1195/3916
f 4555/1095/3891 4688/1195/3916 4837/1196/3917
f 4555/1095/3891 4837/1196/3917 4676/1176/3892
f 4688/1195/3916 4593/1181/3902 4748/1184/3905
f 4688/1195/3916 4748/1184/3905 4837/1196/3917
f 4837/1196/3917 4748/1184/3905 4588/1186/3907
f 4837/1196/3917 4588/1186/3907 4735/1197/3918
f 4676/1176/3892 4837/1196/3917 4735/1197/3918
f 4676/1176/3892 4735/1197/3918 4517/1178/3894
f 4531/1191/3912 4649/1198/3919 4838/1199/3920
f 4531/1191/3912 4838/1199/3920 4644/1192/3913
f 4649/1198/3919 4572/1117/3815 4668/1120/3818
f 4649/1198/3919 4668/1120/3818 4838/1199/3920
f 4838/1199/3920 4668/1120/3818 4590/1064/3756
f 4838/1199/3920 4590/1064/3756 4741/1182/3903
f 4644/1192/3913 4838/1199/3920 4741/1182/3903
f 4644/1192/3913 4741/1182/3903 4593/1181/3902
f 4564/1190/3911 4743/1189/3910 4839/1200/3921
f 4564/1190/3911 4839/1200/3921 4696/1201/3922
f 4743/1189/3910 4586/1078/3770 4673/1123/3822
f 4743/1189/3910 4673/1123/3822 4839/1200/3921
f 4839/1200/3921 4673/1123/3822 4571/1125/3824
f 4839/1200/3921 4571/1125/3824 4650/1202/3923
f 4696/1201/3922 4839/1200/3921 4650/1202/3923
f 4696/1201/3922 4650/1202/3923 4530/1164/3924
f 4629/1105/3800 4793/1203/3925 4840/1204/3926
f 4629/1105/3800 4840/1204/3926 4786/1106/3801
f 4793/1203/3925 4637/1096/3790 4722/1099/3793
f 4793/1203/3925 4722/1099/3793 4840/1204/3926
f 4840/1204/3926 4722/1099/3793 4568/1042/3734
f 4840/1204/3926 4568/1042/3734 4663/1155/3857
f 4786/1106/3801 4840/1204/3926 4663/1155/3857
f 4786/1106/3801 4663/1155/3857 4547/1107/3802
f 4600/1044/3927 4759/1175/3928 4841/1205/3929
f 4600/1044/3927 4841/1205/3929 4760/1206/3930
f 4759/1175/3928 4603/1174/3864 4762/1207/3931
f 4759/1175/3928 4762/1207/3931 4841/1205/3929
f 4841/1205/3929 4762/1207/3931 4580/1070/3886
f 4841/1205/3929 4580/1070/3886 4732/1208/3932
f 4760/1206/3930 4841/1205/3929 4732/1208/3932
f 4760/1206/3930 4732/1208/3932 4583/1178/3933
f 4606/1156/3858 4755/1159/3861 4842/1209/3934
f 4606/1156/3858 4842/1209/3934 4774/1210/3935
f 4755/1159/3861 4601/1163/3866 4772/1148/3936
f 4755/1159/3861 4772/1148/3936 4842/1209/3934
f 4842/1209/3934 4772/1148/3936 4620/1047/3937
f 4842/1209/3934 4620/1047/3937 4767/1211/3938
f 4774/1210/3935 4842/1209/3934 4767/1211/3938
f 4774/1210/3935 4767/1211/3938 4610/1212/3939
f 4607/1170/3940 4751/1213/3941 4843/1079/3942
f 4607/1170/3940 4843/1079/3942 4757/1173/3943
f 4751/1213/3941 4597/1144/3879 4728/1214/3944
f 4751/1213/3941 4728/1214/3944 4843/1079/3942
f 4843/1079/3942 4728/1214/3944 4579/1085/3945
f 4843/1079/3942 4579/1085/3945 4761/1215/3946
f 4757/1173/3943 4843/1079/3942 4761/1215/3946
f 4757/1173/3943 4761/1215/3946 4604/1174/3864
f 4613/1132/3947 4764/1216/3948 4844/1038/3949
f 4613/1132/3947 4844/1038/3949 4766/1217/3950
f 4764/1216/3948 4612/1218/3939 4768/1219/3951
f 4764/1216/3948 4768/1219/3951 4844/1038/3949
f 4844/1038/3949 4768/1219/3951 4621/1164/3952
f 4844/1038/3949 4621/1164/3952 4769/1220/3953
f 4766/1217/3950 4844/1038/3949 4769/1220/3953
f 4766/1217/3950 4769/1220/3953 4618/1131/3954
f 4582/1107/3882 4744/1172/3885 4845/1221/3955
f 4582/1107/3882 4845/1221/3955 4777/1222/3956
f 4744/1172/3885 4573/1044/3890 4775/1223/3957
f 4744/1172/3885 4775/1223/3957 4845/1221/3955
f 4845/1221/3955 4775/1223/3957 4614/1164/3947
f 4845/1221/3955 4614/1164/3947 4765/1219/3950
f 4777/1222/3956 4845/1221/3955 4765/1219/3950
f 4777/1222/3956 4765/1219/3950 4617/1218/3958
f 4600/1044/3927 4760/1206/3930 4846/1224/3959
f 4600/1044/3927 4846/1224/3959 4771/1223/3960
f 4760/1206/3930 4583/1178/3933 4778/1093/3961
f 4760/1206/3930 4778/1093/3961 4846/1224/3959
f 4846/1224/3959 4778/1093/3961 4616/1092/3958
f 4846/1224/3959 4616/1092/3958 4770/1088/3962
f 4771/1223/3960 4846/1224/3959 4770/1088/3962
f 4771/1223/3960 4770/1088/3962 4619/1164/3963
f 4574/1163/3875 4723/1168/3878 4848/1225/3964
f 4574/1163/3875 4848/1225/3964 4776/1148/3957
f 4723/1168/3878 4605/1107/3881 4773/1222/3965
f 4723/1168/3878 4773/1222/3965 4849/1225/3966
f 4847/1225/3967 4773/1222/3965 4611/1218/3968
f 4847/1225/3967 4611/1218/3968 4763/1226/3948
f 4776/1148/3957 4847/1225/3967 4763/1226/3948
f 4776/1148/3957 4763/1226/3948 4615/1047/3947
f 4536/1107/3901 4651/1188/3909 4850/1227/3969
f 4536/1107/3901 4850/1227/3969 4711/1222/3970
f 4651/1188/3909 4564/1190/3911 4792/1228/3971
f 4651/1188/3909 4792/1228/3971 4850/1227/3969
f 4850/1227/3969 4792/1228/3971 4637/1096/3790
f 4850/1227/3969 4637/1096/3790 4793/1203/3925
f 4711/1222/3970 4850/1227/3969 4793/1203/3925
f 4711/1222/3970 4793/1203/3925 4629/1105/3800
f 4525/1047/3739 4646/1050/3742 4852/1147/3972
f 4525/1047/3739 4852/1147/3972 4718/1148/3973
f 4645/1050/3742 4550/1055/3747 4791/1102/3974
f 4645/1050/3742 4791/1102/3974 4852/1147/3972
f 4851/1147/3975 4791/1102/3974 4635/1102/3976
f 4851/1147/3975 4635/1102/3976 4794/1146/3846
f 4715/1148/3973 4851/1147/3975 4794/1146/3846
f 4715/1148/3973 4794/1146/3846 4631/1047/3845
f 4530/1164/3924 4689/1111/3977 4853/1229/3978
f 4530/1164/3924 4853/1229/3978 4784/1230/3979
f 4691/1111/3980 4585/1095/3981 4783/1091/3982
f 4691/1111/3980 4783/1091/3982 4854/1229/3983
f 4854/1229/3983 4783/1091/3982 4626/1088/3780
f 4854/1229/3983 4626/1088/3780 4796/1109/3806
f 4784/1230/3979 4853/1229/3978 4797/1109/3806
f 4784/1230/3979 4797/1109/3806 4628/1100/3794
f 4550/1055/3747 4638/1108/3984 4855/1104/3985
f 4550/1055/3747 4855/1104/3985 4791/1102/3974
f 4638/1108/3984 4535/1107/3986 4712/1222/3970
f 4638/1108/3984 4712/1222/3970 4855/1104/3985
f 4855/1104/3985 4712/1222/3970 4630/1105/3987
f 4855/1104/3985 4630/1105/3987 4798/1103/3988
f 4791/1102/3974 4855/1104/3985 4798/1103/3988
f 4791/1102/3974 4798/1103/3988 4635/1102/3976
f 4564/1190/3911 4696/1201/3922 4856/1231/3989
f 4564/1190/3911 4856/1231/3989 4792/1228/3971
f 4696/1201/3922 4530/1164/3924 4784/1230/3979
f 4696/1201/3922 4784/1230/3979 4856/1231/3989
f 4856/1231/3989 4784/1230/3979 4628/1100/3794
f 4856/1231/3989 4628/1100/3794 4800/1097/3791
f 4792/1228/3971 4856/1231/3989 4800/1097/3791
f 4792/1228/3971 4800/1097/3791 4637/1096/3790
f 4585/1095/3981 4731/1094/3897 4858/1232/3990
f 4585/1095/3981 4858/1232/3990 4783/1091/3982
f 4730/1094/3897 4577/1092/3991 4779/1093/3992
f 4730/1094/3897 4779/1093/3992 4858/1232/3990
f 4857/1232/3993 4781/1093/3994 4622/1092/3995
f 4857/1232/3993 4622/1092/3995 4801/1089/3996
f 4783/1091/3982 4857/1232/3993 4801/1089/3996
f 4783/1091/3982 4801/1089/3996 4626/1088/3780
f 4887/1038/3997 4982/1041/3998 5066/1040/3999
f 4887/1038/3997 5066/1040/3999 4994/1039/4000
f 4994/1039/4000 5066/1040/3999 4985/1043/4001
f 4994/1039/4000 4985/1043/4001 4885/1042/4002
f 5066/1040/3999 4957/1045/4003 4869/1044/4004
f 5066/1040/3999 4869/1044/4004 4985/1043/4001
f 4982/1041/3998 4881/1046/4005 4957/1045/4003
f 4982/1041/3998 4957/1045/4003 5066/1040/3999
f 4524/1047/3739 4940/1050/4006 5067/1049/4007
f 4524/1047/3739 5067/1049/4007 4737/1048/3740
f 4737/1048/3740 5067/1049/4007 4974/1052/4008
f 4737/1048/3740 4974/1052/4008 4596/1051/3743
f 5067/1049/4007 5015/1054/4009 4900/1053/4010
f 5067/1049/4007 4900/1053/4010 4974/1052/4008
f 4940/1050/4006 4871/1055/4011 5015/1054/4009
f 4940/1050/4006 5015/1054/4009 5067/1049/4007
f 4900/1053/4010 5018/1058/4012 5068/1057/4013
f 4900/1053/4010 5068/1057/4013 4948/1056/4014
f 4948/1056/4014 5068/1057/4013 4942/1060/4015
f 4948/1056/4014 4942/1060/4015 4873/1059/4016
f 5068/1057/4013 4995/1062/4017 4866/1061/4018
f 5068/1057/4013 4866/1061/4018 4942/1060/4015
f 5018/1058/4012 4903/1063/4019 4995/1062/4017
f 5018/1058/4012 4995/1062/4017 5068/1057/4013
f 4901/1064/4020 5020/1067/4021 5069/1066/4022
f 4901/1064/4020 5069/1066/4022 4960/1065/4023
f 4960/1065/4023 5069/1066/4022 4951/1069/4024
f 4960/1065/4023 4951/1069/4024 4877/1068/4025
f 5069/1066/4022 4641/1071/3763 4522/1070/3762
f 5069/1066/4022 4522/1070/3762 4951/1069/4024
f 5020/1067/4021 4592/1072/3764 4641/1071/3763
f 5020/1067/4021 4641/1071/3763 5069/1066/4022
f 4903/1063/4019 5021/1074/4026 5070/1073/4027
f 4903/1063/4019 5070/1073/4027 4995/1062/4017
f 4995/1062/4017 5070/1073/4027 4984/1075/4028
f 4995/1062/4017 4984/1075/4028 4866/1061/4018
f 5070/1073/4027 4991/1077/4029 4884/1076/4030
f 5070/1073/4027 4884/1076/4030 4984/1075/4028
f 5021/1074/4026 4899/1078/4031 4991/1077/4029
f 5021/1074/4026 4991/1077/4029 5070/1073/4027
f 4886/1079/4032 4976/1082/4033 5071/1081/4034
f 4886/1079/4032 5071/1081/4034 4990/1080/4035
f 4990/1080/4035 5071/1081/4034 4695/1084/3776
f 4990/1080/4035 4695/1084/3776 4563/1083/3775
f 5071/1081/4034 4952/1086/4036 4523/1085/3777
f 5071/1081/4034 4523/1085/3777 4695/1084/3776
f 4976/1082/4033 4878/1087/4037 4952/1086/4036
f 4976/1082/4033 4952/1086/4036 5071/1081/4034
f 4929/1088/4038 4975/1091/4039 5072/1090/4040
f 4929/1088/4038 5072/1090/4040 5064/1089/4041
f 5064/1089/4041 5072/1090/4040 4671/1093/4042
f 5064/1089/4041 4671/1093/4042 4623/1092/3784
f 5073/1090/4043 4973/1094/4044 4544/1092/4045
f 5073/1090/4043 4544/1092/4045 4670/1093/3785
f 4975/1091/4039 4882/1095/4046 4972/1094/4047
f 4975/1091/4039 4972/1094/4047 5072/1090/4040
f 4936/1096/4048 5001/1099/4049 5074/1098/4050
f 4936/1096/4048 5074/1098/4050 5063/1097/4051
f 5063/1097/4051 5074/1098/4050 4992/1101/4052
f 5063/1097/4051 4992/1101/4052 4931/1100/4053
f 5074/1098/4050 4985/1043/4001 4869/1044/4004
f 5074/1098/4050 4869/1044/4004 4992/1101/4052
f 5001/1099/4049 4885/1042/4002 4985/1043/4001
f 5001/1099/4049 4985/1043/4001 5074/1098/4050
f 4934/1102/4054 4998/1102/4055 5075/1104/4056
f 4934/1102/4054 5075/1104/4056 5061/1103/4057
f 5061/1103/4057 5075/1104/4056 5052/1106/4058
f 5061/1103/4057 5052/1106/4058 4933/1105/4059
f 5076/1104/4056 4969/1108/4060 4868/1107/4061
f 5076/1104/4056 4868/1107/4061 5053/1106/4058
f 4998/1102/4055 4880/1055/4062 4970/1108/4060
f 4998/1102/4055 4970/1108/4060 5075/1104/4056
f 4931/1100/4053 4992/1101/4052 5077/1110/4063
f 4931/1100/4053 5077/1110/4063 5059/1109/4064
f 5059/1109/4064 5077/1110/4063 4975/1091/4039
f 5059/1109/4064 4975/1091/4039 4929/1088/4038
f 5077/1110/4063 4958/1111/4003 4882/1095/4046
f 5077/1110/4063 4882/1095/4046 4975/1091/4039
f 4993/1101/4065 4870/1044/4004 4959/1111/4003
f 4993/1101/4065 4959/1111/4003 5078/1110/4063
f 4884/1076/4030 4947/1114/4066 5079/1113/4067
f 4884/1076/4030 5079/1113/4067 4989/1112/4068
f 4989/1112/4068 5079/1113/4067 4976/1082/4033
f 4989/1112/4068 4976/1082/4033 4886/1079/4032
f 5079/1113/4067 4967/1115/4069 4878/1087/4037
f 5079/1113/4067 4878/1087/4037 4976/1082/4033
f 4947/1114/4066 4863/1116/4070 4967/1115/4069
f 4947/1114/4066 4967/1115/4069 5079/1113/4067
f 4888/1117/4071 4961/1120/4072 5080/1119/4073
f 4888/1117/4071 5080/1119/4073 5012/1118/4074
f 5012/1118/4074 5080/1119/4073 4966/1121/4069
f 5012/1118/4074 4966/1121/4069 4862/1116/4075
f 5080/1119/4073 4960/1065/4023 4877/1068/4025
f 5080/1119/4073 4877/1068/4025 4966/1121/4069
f 4961/1120/4072 4901/1064/4020 4960/1065/4023
f 4961/1120/4072 4960/1065/4023 5080/1119/4073
f 4899/1078/4031 4962/1123/4076 5081/1122/4077
f 4899/1078/4031 5081/1122/4077 4991/1077/4029
f 4991/1077/4029 5081/1122/4077 4947/1114/4066
f 4991/1077/4029 4947/1114/4066 4884/1076/4030
f 5081/1122/4077 5013/1124/4078 4863/1116/4070
f 5081/1122/4077 4863/1116/4070 4947/1114/4066
f 4962/1123/4076 4889/1125/4079 5013/1124/4078
f 4962/1123/4076 5013/1124/4078 5081/1122/4077
f 4566/1126/3825 4658/1129/3828 5082/1128/4080
f 4566/1126/3825 5082/1128/4080 4988/1127/4081
f 4988/1127/4081 5082/1128/4080 4982/1041/3998
f 4988/1127/4081 4982/1041/3998 4887/1038/3997
f 5082/1128/4080 4971/1130/4082 4881/1046/4005
f 5082/1128/4080 4881/1046/4005 4982/1041/3998
f 4658/1129/3828 4542/1131/4083 4971/1130/4082
f 4658/1129/3828 4971/1130/4082 5082/1128/4080
f 4538/1132/3831 4698/1135/3834 5083/1134/4084
f 4538/1132/3831 5083/1134/4084 4953/1133/4085
f 4953/1133/4085 5083/1134/4084 4987/1137/4086
f 4953/1133/4085 4987/1137/4086 4879/1136/4087
f 5083/1134/4084 4988/1127/4081 4887/1038/3997
f 5083/1134/4084 4887/1038/3997 4987/1137/4086
f 4698/1135/3834 4566/1126/3825 4988/1127/4081
f 4698/1135/3834 4988/1127/4081 5083/1134/4084
f 4866/1061/4018 4984/1075/4028 5084/1139/4088
f 4866/1061/4018 5084/1139/4088 4943/1138/4089
f 4943/1138/4089 5084/1139/4088 4986/1141/4090
f 4943/1138/4089 4986/1141/4090 4874/1140/4091
f 5084/1139/4088 4989/1112/4068 4886/1079/4032
f 5084/1139/4088 4886/1079/4032 4986/1141/4090
f 4984/1075/4028 4884/1076/4030 4989/1112/4068
f 4984/1075/4028 4989/1112/4068 5084/1139/4088
f 4874/1140/4091 4986/1141/4090 5085/1143/4092
f 4874/1140/4091 5085/1143/4092 4964/1142/4093
f 4964/1142/4093 5085/1143/4092 4643/1145/3844
f 4964/1142/4093 4643/1145/3844 4529/1144/3843
f 5085/1143/4092 4990/1080/4035 4563/1083/3775
f 5085/1143/4092 4563/1083/3775 4643/1145/3844
f 4986/1141/4090 4886/1079/4032 4990/1080/4035
f 4986/1141/4090 4990/1080/4035 5085/1143/4092
f 4632/1047/3845 4789/1148/3848 5086/1147/4094
f 4632/1047/3845 5086/1147/4094 5057/1146/4095
f 5057/1146/4095 5086/1147/4094 4998/1102/4055
f 5057/1146/4095 4998/1102/4055 4934/1102/4054
f 5086/1147/4094 4954/1050/4096 4880/1055/4062
f 5086/1147/4094 4880/1055/4062 4998/1102/4055
f 4788/1148/3850 4539/1047/3851 4955/1050/4096
f 4788/1148/3850 4955/1050/4096 5087/1147/4094
f 4596/1051/3743 4974/1052/4008 5088/1150/4097
f 4596/1051/3743 5088/1150/4097 4725/1149/3852
f 4725/1149/3852 5088/1150/4097 4963/1152/4098
f 4725/1149/3852 4963/1152/4098 4527/1151/3854
f 5088/1150/4097 4948/1056/4014 4873/1059/4016
f 5088/1150/4097 4873/1059/4016 4963/1152/4098
f 4974/1052/4008 4900/1053/4010 4948/1056/4014
f 4974/1052/4008 4948/1056/4014 5088/1150/4097
f 4879/1136/4087 4987/1137/4086 5089/1154/4099
f 4879/1136/4087 5089/1154/4099 4968/1153/4060
f 4968/1153/4060 5089/1154/4099 4956/1155/4100
f 4968/1153/4060 4956/1155/4100 4867/1107/4061
f 5089/1154/4099 4994/1039/4000 4885/1042/4002
f 5089/1154/4099 4885/1042/4002 4956/1155/4100
f 4987/1137/4086 4887/1038/3997 4994/1039/4000
f 4987/1137/4086 4994/1039/4000 5089/1154/4099
f 4912/1156/4101 5026/1159/4102 5090/1158/4103
f 4912/1156/4101 5090/1158/4103 5025/1157/4104
f 5025/1157/4104 5090/1158/4103 5028/1161/4105
f 5025/1157/4104 5028/1161/4105 4915/1160/4106
f 5090/1158/4103 5030/1162/4107 4911/1151/4108
f 5090/1158/4103 4911/1151/4108 5028/1161/4105
f 5026/1159/4102 4907/1163/4109 5030/1162/4107
f 5026/1159/4102 5030/1162/4107 5090/1158/4103
f 4861/1164/4110 4981/1111/4111 5092/1165/4112
f 4861/1164/4110 5092/1165/4112 4950/1111/4113
f 4876/1095/4114 4950/1111/4113 5092/1165/4112
f 4876/1095/4114 5092/1165/4112 4999/1166/4115
f 4898/1095/4116 5000/1166/4117 5091/1165/4112
f 4898/1095/4116 5091/1165/4112 4979/1111/4111
f 4890/1163/4118 5002/1168/4119 5093/1167/4120
f 4890/1163/4118 5093/1167/4120 5004/1162/4121
f 5004/1162/4121 5093/1167/4120 5022/1169/4122
f 5004/1162/4121 5022/1169/4122 4905/1151/4123
f 5093/1167/4120 5024/1063/4104 4914/1170/4106
f 5093/1167/4120 4914/1170/4106 5022/1169/4122
f 5002/1168/4119 4913/1107/4124 5024/1063/4104
f 5002/1168/4119 5024/1063/4104 5093/1167/4120
f 4896/1107/4125 5017/1172/4126 5094/1171/4127
f 4896/1107/4125 5094/1171/4127 5009/1063/4128
f 5009/1063/4128 5094/1171/4127 5005/1173/4129
f 5009/1063/4128 5005/1173/4129 4892/1170/4130
f 5094/1171/4127 5003/1175/4121 4904/1174/4131
f 5094/1171/4127 4904/1174/4131 5005/1173/4129
f 5017/1172/4126 4891/1044/4132 5003/1175/4121
f 5017/1172/4126 5003/1175/4121 5094/1171/4127
f 4875/1095/4133 5000/1166/4117 5095/1177/4134
f 4875/1095/4133 5095/1177/4134 4965/1176/4135
f 4965/1176/4135 5095/1177/4134 4713/1093/3895
f 4965/1176/4135 4713/1093/3895 4519/1178/3894
f 5095/1177/4134 5008/1094/4136 4575/1092/3896
f 5095/1177/4134 4575/1092/3896 4713/1093/3895
f 5000/1166/4117 4898/1095/4116 5008/1094/4136
f 5000/1166/4117 5008/1094/4136 5095/1177/4134
f 4871/1055/4011 4937/1108/4137 5096/1179/4138
f 4871/1055/4011 5096/1179/4138 5015/1054/4009
f 5015/1054/4009 5096/1179/4138 5018/1058/4012
f 5015/1054/4009 5018/1058/4012 4900/1053/4010
f 5096/1179/4138 5011/1180/4139 4903/1063/4019
f 5096/1179/4138 4903/1063/4019 5018/1058/4012
f 4937/1108/4137 4864/1107/4140 5011/1180/4139
f 4937/1108/4137 5011/1180/4139 5096/1179/4138
f 4902/1181/4141 5019/1184/4142 5097/1183/4143
f 4902/1181/4141 5097/1183/4143 5014/1182/4144
f 5014/1182/4144 5097/1183/4143 5020/1067/4021
f 5014/1182/4144 5020/1067/4021 4901/1064/4020
f 5097/1183/4143 4747/1185/3906 4592/1072/3764
f 5097/1183/4143 4592/1072/3764 5020/1067/4021
f 5019/1184/4142 4587/1186/3907 4747/1185/3906
f 5019/1184/4142 4747/1185/3906 5097/1183/4143
f 4864/1107/4140 4946/1188/4145 5098/1187/4146
f 4864/1107/4140 5098/1187/4146 5011/1180/4139
f 5011/1180/4139 5098/1187/4146 5021/1074/4026
f 5011/1180/4139 5021/1074/4026 4903/1063/4019
f 5098/1187/4146 5016/1189/4147 4899/1078/4031
f 5098/1187/4146 4899/1078/4031 5021/1074/4026
f 4946/1188/4145 4883/1190/4148 5016/1189/4147
f 4946/1188/4145 5016/1189/4147 5098/1187/4146
f 4859/1191/4110 4949/1194/4149 5099/1193/4150
f 4859/1191/4110 5099/1193/4150 4939/1192/4151
f 4902/1181/4141 4939/1192/4151 5099/1193/4150
f 4902/1181/4141 5099/1193/4150 4977/1195/4152
f 4875/1095/4133 4977/1195/4152 5099/1193/4150
f 4875/1095/4133 5099/1193/4150 4949/1194/4149
f 4875/1095/4133 4965/1176/4135 5100/1196/4153
f 4875/1095/4133 5100/1196/4153 4977/1195/4152
f 4977/1195/4152 5100/1196/4153 5019/1184/4142
f 4977/1195/4152 5019/1184/4142 4902/1181/4141
f 5100/1196/4153 4734/1197/3918 4587/1186/3907
f 5100/1196/4153 4587/1186/3907 5019/1184/4142
f 4965/1176/4135 4518/1178/3894 4734/1197/3918
f 4965/1176/4135 4734/1197/3918 5100/1196/4153
f 4859/1191/4110 4939/1192/4151 5101/1199/4154
f 4859/1191/4110 5101/1199/4154 4945/1198/4155
f 4945/1198/4155 5101/1199/4154 4961/1120/4072
f 4945/1198/4155 4961/1120/4072 4888/1117/4071
f 5101/1199/4154 5014/1182/4144 4901/1064/4020
f 5101/1199/4154 4901/1064/4020 4961/1120/4072
f 4939/1192/4151 4902/1181/4141 5014/1182/4144
f 4939/1192/4151 5014/1182/4144 5101/1199/4154
f 4883/1190/4148 4983/1201/4156 5102/1200/4157
f 4883/1190/4148 5102/1200/4157 5016/1189/4147
f 5016/1189/4147 5102/1200/4157 4962/1123/4076
f 5016/1189/4147 4962/1123/4076 4899/1078/4031
f 5102/1200/4157 4944/1202/4158 4889/1125/4079
f 5102/1200/4157 4889/1125/4079 4962/1123/4076
f 4983/1201/4156 4860/1164/4159 4944/1202/4158
f 4983/1201/4156 4944/1202/4158 5102/1200/4157
f 4933/1105/4059 5052/1106/4058 5103/1204/4160
f 4933/1105/4059 5103/1204/4160 5056/1203/4161
f 5056/1203/4161 5103/1204/4160 5001/1099/4049
f 5056/1203/4161 5001/1099/4049 4936/1096/4048
f 5103/1204/4160 4956/1155/4100 4885/1042/4002
f 5103/1204/4160 4885/1042/4002 5001/1099/4049
f 5052/1106/4058 4867/1107/4061 4956/1155/4100
f 5052/1106/4058 4956/1155/4100 5103/1204/4160
f 4908/1044/4109 5031/1206/4162 5104/1205/4163
f 4908/1044/4109 5104/1205/4163 5029/1175/4164
f 5029/1175/4164 5104/1205/4163 5032/1207/4165
f 5029/1175/4164 5032/1207/4165 4910/1174/4108
f 5104/1205/4163 5010/1208/4166 4893/1070/4130
f 5104/1205/4163 4893/1070/4130 5032/1207/4165
f 5031/1206/4162 4895/1178/4167 5010/1208/4166
f 5031/1206/4162 5010/1208/4166 5104/1205/4163
f 4912/1156/4101 5044/1210/4168 5105/1209/4169
f 4912/1156/4101 5105/1209/4169 5026/1159/4102
f 5026/1159/4102 5105/1209/4169 5042/1148/4170
f 5026/1159/4102 5042/1148/4170 4907/1163/4109
f 5105/1209/4169 5039/1211/4171 4928/1047/4172
f 5105/1209/4169 4928/1047/4172 5042/1148/4170
f 5044/1210/4168 4919/1212/4173 5039/1211/4171
f 5044/1210/4168 5039/1211/4171 5105/1209/4169
f 4916/1170/4106 5027/1173/4174 5106/1079/3942
f 4916/1170/4106 5106/1079/3942 5023/1213/4175
f 5023/1213/4175 5106/1079/3942 5006/1214/4176
f 5023/1213/4175 5006/1214/4176 4906/1144/4123
f 5106/1079/3942 5033/1215/4177 4894/1085/4178
f 5106/1079/3942 4894/1085/4178 5006/1214/4176
f 5027/1173/4174 4909/1174/4179 5033/1215/4177
f 5027/1173/4174 5033/1215/4177 5106/1079/3942
f 4922/1132/4180 5036/1217/4181 5107/1038/4182
f 4922/1132/4180 5107/1038/4182 5034/1216/4183
f 5034/1216/4183 5107/1038/4182 5038/1219/4184
f 5034/1216/4183 5038/1219/4184 4917/1218/4173
f 5107/1038/4182 5041/1220/4185 4926/1164/4172
f 5107/1038/4182 4926/1164/4172 5038/1219/4184
f 5036/1217/4181 4923/1131/4186 5041/1220/4185
f 5036/1217/4181 5041/1220/4185 5107/1038/4182
f 4896/1107/4125 5049/1222/4187 5108/1221/4188
f 4896/1107/4125 5108/1221/4188 5017/1172/4126
f 5017/1172/4126 5108/1221/4188 5047/1223/4189
f 5017/1172/4126 5047/1223/4189 4891/1044/4132
f 5108/1221/4188 5037/1219/4181 4921/1164/4180
f 5108/1221/4188 4921/1164/4180 5047/1223/4189
f 5049/1222/4187 4924/1218/4190 5037/1219/4181
f 5049/1222/4187 5037/1219/4181 5108/1221/4188
f 4908/1044/4109 5043/1223/4191 5109/1224/4192
f 4908/1044/4109 5109/1224/4192 5031/1206/4162
f 5031/1206/4162 5109/1224/4192 5048/1093/4187
f 5031/1206/4162 5048/1093/4187 4895/1178/4167
f 5109/1224/4192 5040/1088/4193 4925/1092/4186
f 5109/1224/4192 4925/1092/4186 5048/1093/4187
f 5043/1223/4191 4927/1164/4172 5040/1088/4193
f 5043/1223/4191 5040/1088/4193 5109/1224/4192
f 4890/1163/4118 5046/1148/4189 5111/1225/4194
f 4890/1163/4118 5111/1225/4194 5002/1168/4119
f 5002/1168/4119 5110/1225/4195 5045/1222/4196
f 5002/1168/4119 5045/1222/4196 4913/1107/4124
f 5112/1225/4197 5035/1226/4183 4918/1218/4198
f 5112/1225/4197 4918/1218/4198 5045/1222/4196
f 5046/1148/4189 4920/1047/4199 5035/1226/4183
f 5046/1148/4189 5035/1226/4183 5112/1225/4197
f 4864/1107/4140 4997/1222/4200 5113/1227/4201
f 4864/1107/4140 5113/1227/4201 4946/1188/4145
f 4946/1188/4145 5113/1227/4201 5055/1228/4202
f 4946/1188/4145 5055/1228/4202 4883/1190/4148
f 5113/1227/4201 5056/1203/4161 4936/1096/4048
f 5113/1227/4201 4936/1096/4048 5055/1228/4202
f 4997/1222/4200 4933/1105/4059 5056/1203/4161
f 4997/1222/4200 5056/1203/4161 5113/1227/4201
f 4524/1047/3739 4717/1148/3973 5114/1147/4203
f 4524/1047/3739 5114/1147/4203 4940/1050/4006
f 4941/1050/4006 5114/1147/4203 5054/1102/4204
f 4941/1050/4006 5054/1102/4204 4872/1055/4011
f 5115/1147/4205 5058/1146/4095 4935/1102/4206
f 5115/1147/4205 4935/1102/4206 5054/1102/4204
f 4716/1148/3973 4634/1047/3845 5058/1146/4095
f 4716/1148/3973 5058/1146/4095 5115/1147/4205
f 4860/1164/4159 5051/1230/4207 5117/1229/4208
f 4860/1164/4159 5117/1229/4208 4980/1111/4209
f 4978/1111/4111 5116/1229/4210 5050/1091/4211
f 4978/1111/4111 5050/1091/4211 4897/1095/4212
f 5116/1229/4210 5060/1109/4064 4930/1088/4038
f 5116/1229/4210 4930/1088/4038 5050/1091/4211
f 5051/1230/4207 4931/1100/4053 5059/1109/4064
f 5051/1230/4207 5059/1109/4064 5117/1229/4208
f 4872/1055/4011 5054/1102/4204 5118/1104/4213
f 4872/1055/4011 5118/1104/4213 4938/1108/4214
f 4938/1108/4214 5118/1104/4213 4996/1222/4200
f 4938/1108/4214 4996/1222/4200 4865/1107/4215
f 5118/1104/4213 5062/1103/4216 4932/1105/4217
f 5118/1104/4213 4932/1105/4217 4996/1222/4200
f 5054/1102/4204 4935/1102/4206 5062/1103/4216
f 5054/1102/4204 5062/1103/4216 5118/1104/4213
f 4883/1190/4148 5055/1228/4202 5119/1231/4218
f 4883/1190/4148 5119/1231/4218 4983/1201/4156
f 4983/1201/4156 5119/1231/4218 5051/1230/4207
f 4983/1201/4156 5051/1230/4207 4860/1164/4159
f 5119/1231/4218 5063/1097/4051 4931/1100/4053
f 5119/1231/4218 4931/1100/4053 5051/1230/4207
f 5055/1228/4202 4936/1096/4048 5063/1097/4051
f 5055/1228/4202 5063/1097/4051 5119/1231/4218
f 4897/1095/4212 5050/1091/4211 5120/1232/4219
f 4897/1095/4212 5120/1232/4219 5007/1094/4136
f 5008/1094/4136 5120/1232/4219 4780/1093/3992
f 5008/1094/4136 4780/1093/3992 4576/1092/3991
f 5121/1232/4220 5065/1089/4221 4625/1092/3995
f 5121/1232/4220 4625/1092/3995 4782/1093/4222
f 5050/1091/4211 4930/1088/4038 5065/1089/4221
f 5050/1091/4211 5065/1089/4221 5121/1232/4220
o Object_13
v 0.000000 3.754472 -0.165164
v 0.000000 3.754472 -0.165164
v 0.000000 3.754472 -0.165164
v 0.000000 4.061395 -0.165164
v 0.000000 4.061395 -0.165164
v 0.000000 4.061395 -0.165164
v 0.082582 3.754472 -0.143036
v 0.082582 3.754472 -0.143036
v 0.082582 4.061395 -0.143036
v 0.082582 4.061395 -0.143036
v 0.143036 3.754472 -0.082582
v 0.143036 3.754472 -0.082582
v 0.143036 4.061395 -0.082582
v 0.143036 4.061395 -0.082582
v 0.165164 3.754472 0.000000
v 0.165164 3.754472 0.000000
v 0.165164 4.061395 0.000000
v 0.165164 4.061395 0.000000
v 0.143036 3.754472 0.082582
v 0.143036 3.754472 0.082582
v 0.143036 4.061395 0.082582
v 0.143036 4.061395 0.082582
v 0.082582 3.754472 0.143036
v 0.082582 3.754472 0.143036
v 0.082582 4.061395 0.143037
v 0.082582 4.061395 0.143037
v 0.000000 3.754472 0.165164
v 0.000000 3.754472 0.165164
v 0.000000 4.061395 0.165164
v 0.000000 4.061395 0.165164
v -0.082582 3.754472 0.143036
v -0.082582 3.754472 0.143036
v -0.082582 4.061395 0.143037
v -0.082582 4.061395 0.143037
v -0.143036 3.754472 0.082582
v -0.143036 3.754472 0.082582
v -0.143036 4.061395 0.082582
v -0.143036 4.061395 0.082582
v -0.165164 3.754472 0.000000
v -0.165164 3.754472 0.000000
v -0.165164 4.061395 0.000000
v -0.165164 4.061395 0.000000
v -0.143036 3.754472 -0.082582
v -0.143036 3.754472 -0.082582
v -0.143036 4.061395 -0.082582
v -0.143036 4.061395 -0.082582
v -0.082582 3.754472 -0.143036
v -0.082582 3.754472 -0.143036
v -0.082582 4.061395 -0.143036
v -0.082582 4.061395 -0.143036
v 0.000000 3.798318 -0.165164
v 0.000000 3.798318 -0.165164
v 0.000000 3.842165 -0.165164
v 0.000000 3.842165 -0.165164
v 0.000000 3.886010 -0.165164
v 0.000000 3.886010 -0.165164
v 0.000000 3.929857 -0.165164
v 0.000000 3.929857 -0.165164
v 0.000000 3.973702 -0.165164
v 0.000000 3.973702 -0.165164
v 0.000000 4.017549 -0.165164
v 0.000000 4.017549 -0.165164
v 0.082582 4.017549 -0.143036
v 0.082582 3.973703 -0.143036
v 0.082582 3.929857 -0.143036
v 0.082582 3.886011 -0.143036
v 0.082582 3.842165 -0.143036
v 0.082582 3.798318 -0.143036
v 0.143036 4.017549 -0.082581
v 0.143036 3.973702 -0.082582
v 0.143036 3.929857 -0.082582
v 0.143036 3.886011 -0.082581
v 0.143036 3.842165 -0.082582
v 0.143036 3.798319 -0.082582
v 0.165164 4.017549 0.000000
v 0.165164 3.973702 0.000001
v 0.165164 3.929856 0.000000
v 0.165164 3.886011 0.000001
v 0.165164 3.842165 0.000000
v 0.165164 3.798318 0.000000
v 0.143036 4.017549 0.082582
v 0.143036 3.973702 0.082583
v 0.143036 3.929857 0.082582
v 0.143036 3.886011 0.082582
v 0.143036 3.842165 0.082582
v 0.143036 3.798318 0.082582
v 0.082582 4.017549 0.143036
v 0.082582 3.973702 0.143036
v 0.082582 3.929857 0.143037
v 0.082582 3.886010 0.143036
v 0.082582 3.842165 0.143037
v 0.082582 3.798319 0.143036
v 0.000000 4.017549 0.165164
v 0.000000 3.973702 0.165164
v 0.000000 3.929856 0.165164
v 0.000000 3.886011 0.165165
v 0.000000 3.842164 0.165164
v 0.000000 3.798318 0.165164
v -0.082582 4.017549 0.143037
v -0.082582 3.973702 0.143037
v -0.082582 3.929857 0.143037
v -0.082582 3.886011 0.143037
v -0.082582 3.842165 0.143037
v -0.082582 3.798319 0.143036
v -0.143036 4.017549 0.082582
v -0.143036 3.973703 0.082582
v -0.143036 3.929857 0.082582
v -0.143036 3.886011 0.082583
v -0.143036 3.842165 0.082582
v -0.143036 3.798318 0.082582
v -0.165164 4.017549 0.000000
v -0.165164 3.973702 0.000000
v -0.165164 3.929857 0.000000
v -0.165164 3.886010 0.000000
v -0.165164 3.842165 0.000000
v -0.165164 3.798318 0.000000
v -0.143036 4.017549 -0.082582
v -0.143036 3.973702 -0.082582
v -0.143036 3.929857 -0.082582
v -0.143036 3.886011 -0.082582
v -0.143036 3.842165 -0.082582
v -0.143036 3.798319 -0.082582
v -0.082582 4.017549 -0.143036
v -0.082582 3.973703 -0.143036
v -0.082582 3.929857 -0.143036
v -0.082582 3.886011 -0.143036
v -0.082582 3.842165 -0.143036
v -0.082582 3.798318 -0.143036
vn 0.0001 -0.0000 -1.0000
vn -0.0000 0.6533 -0.7571
vn 0.3785 0.6533 -0.6557
vn 0.5000 -0.0000 -0.8660
vn 0.6557 0.6533 -0.3786
vn 0.8660 -0.0000 -0.5000
vn 0.7571 0.6533 -0.0000
vn 1.0000 -0.0000 -0.0000
vn 0.6556 0.6533 0.3787
vn 0.8660 -0.0000 0.5000
vn 0.3786 0.6533 0.6557
vn 0.5000 -0.0000 0.8660
vn -0.0000 0.6533 0.7571
vn -0.0000 -0.0000 1.0000
vn -0.3785 0.6533 0.6557
vn -0.5000 -0.0000 0.8660
vn -0.6557 0.6533 0.3786
vn -0.8660 -0.0000 0.5000
vn -0.7571 0.6533 -0.0000
vn -1.0000 -0.0000 -0.0000
vn -0.6557 0.6533 -0.3785
vn -0.8660 -0.0000 -0.5000
vn -0.3786 0.6533 -0.6557
vn -0.5000 -0.0000 -0.8660
vn -0.0001 -0.0000 -1.0000
vn -0.3785 -0.6533 -0.6557
vn -0.0000 -0.6533 -0.7571
vn -0.6558 -0.6533 -0.3785
vn -0.7571 -0.6533 -0.0000
vn -0.6557 -0.6533 0.3785
vn -0.3785 -0.6533 0.6557
vn -0.0000 -0.6533 0.7571
vn 0.3785 -0.6533 0.6557
vn 0.6557 -0.6533 0.3786
vn 0.7571 -0.6533 -0.0000
vn 0.6557 -0.6533 -0.3786
vn 0.3787 -0.6533 -0.6556
vn -0.3786 0.6532 -0.6558
vn 0.3786 0.6532 -0.6557
vn -0.0000 0.6532 -0.7572
vn -0.6557 0.6532 -0.3786
vn 0.6558 0.6532 -0.3786
vn -0.7572 0.6532 -0.0000
vn 0.7572 0.6532 -0.0000
vn -0.6558 0.6532 0.3786
vn 0.6557 0.6532 0.3786
vn -0.3786 0.6532 0.6557
vn 0.3786 0.6532 0.6558
vn -0.0000 0.6532 0.7572
vn 0.3786 -0.6532 -0.6558
vn -0.3786 -0.6532 -0.6557
vn -0.0000 -0.6532 -0.7572
vn 0.6557 -0.6532 -0.3786
vn -0.6558 -0.6532 -0.3786
vn 0.7572 -0.6532 -0.0000
vn -0.7572 -0.6532 -0.0000
vn 0.6558 -0.6532 0.3786
vn -0.6557 -0.6532 0.3786
vn 0.3786 -0.6532 0.6557
vn -0.3786 -0.6532 0.6558
vn -0.0000 -0.6532 0.7572
vt 1.000000 0.071429
vt 1.000000 0.000000
vt 0.916667 0.000000
vt 0.916667 0.071429
vt 0.833333 0.000000
vt 0.833333 0.071429
vt 0.750000 0.000000
vt 0.750000 0.071429
vt 0.666667 0.000000
vt 0.666667 0.071429
vt 0.583333 0.000000
vt 0.583333 0.071429
vt 0.500000 0.000000
vt 0.500000 0.071429
vt 0.416667 0.000000
vt 0.416667 0.071429
vt 0.333333 0.000000
vt 0.333333 0.071429
vt 0.250000 0.000000
vt 0.250000 0.071429
vt 0.166667 0.000000
vt 0.166667 0.071429
vt 0.083333 0.000000
vt 0.083333 0.071429
vt 0.000000 0.000000
vt 0.000000 0.071429
vt 0.083333 0.500000
vt 0.083333 0.428571
vt 0.000000 0.428571
vt 0.000000 0.500000
vt 0.083333 0.357143
vt 0.000000 0.357143
vt 0.083333 0.285714
vt 0.000000 0.285714
vt 0.083333 0.214286
vt 0.000000 0.214286
vt 0.083333 0.142857
vt 0.000000 0.142857
vt 0.166667 0.500000
vt 0.166667 0.428571
vt 0.166667 0.357143
vt 0.166667 0.285714
vt 0.166667 0.214286
vt 0.166667 0.142857
vt 0.250000 0.500000
vt 0.250000 0.428571
vt 0.250000 0.357143
vt 0.250000 0.285714
vt 0.250000 0.214286
vt 0.250000 0.142857
vt 0.333333 0.500000
vt 0.333333 0.428571
vt 0.333333 0.357143
vt 0.333333 0.285714
vt 0.333333 0.214286
vt 0.333333 0.142857
vt 0.416667 0.500000
vt 0.416667 0.428571
vt 0.416667 0.357143
vt 0.416667 0.285714
vt 0.416667 0.214286
vt 0.416667 0.142857
vt 0.500000 0.500000
vt 0.500000 0.428571
vt 0.500000 0.357143
vt 0.500000 0.285714
vt 0.500000 0.214286
vt 0.500000 0.142857
vt 0.583333 0.500000
vt 0.583333 0.428571
vt 0.583333 0.357143
vt 0.583333 0.285714
vt 0.583333 0.214286
vt 0.583333 0.142857
vt 0.666667 0.500000
vt 0.666667 0.428571
vt 0.666667 0.357143
vt 0.666667 0.285714
vt 0.666667 0.214286
vt 0.666667 0.142857
vt 0.750000 0.500000
vt 0.750000 0.428571
vt 0.750000 0.357143
vt 0.750000 0.285714
vt 0.750000 0.214286
vt 0.750000 0.142857
vt 0.833333 0.500000
vt 0.833333 0.428571
vt 0.833333 0.357143
vt 0.833333 0.285714
vt 0.833333 0.214286
vt 0.833333 0.142857
vt 0.916667 0.500000
vt 0.916667 0.428571
vt 0.916667 0.357143
vt 0.916667 0.285714
vt 0.916667 0.214286
vt 0.916667 0.142857
vt 1.000000 0.500000
vt 1.000000 0.428571
vt 1.000000 0.357143
vt 1.000000 0.285714
vt 1.000000 0.214286
vt 1.000000 0.142857
vt 0.130000 0.542154
vt 0.370000 0.542154
vt 0.250000 0.510000
vt 0.042154 0.630000
vt 0.457846 0.630000
vt 0.010000 0.750000
vt 0.490000 0.750000
vt 0.042154 0.870000
vt 0.457846 0.870000
vt 0.130000 0.957846
vt 0.370000 0.957846
vt 0.250000 0.990000
vt 0.870000 0.542154
vt 0.630000 0.542154
vt 0.750000 0.510000
vt 0.957846 0.630000
vt 0.542154 0.630000
vt 0.990000 0.750000
vt 0.510000 0.750000
vt 0.957846 0.870000
vt 0.542154 0.870000
vt 0.870000 0.957846
vt 0.630000 0.957846
vt 0.750000 0.990000
s 1
usemtl Scene_-_Root
f 5183/1233/4223 5127/1234/4224 5131/1235/4225
f 5183/1233/4223 5131/1235/4225 5184/1236/4226
f 5184/1236/4226 5131/1235/4225 5135/1237/4227
f 5184/1236/4226 5135/1237/4227 5190/1238/4228
f 5190/1238/4228 5135/1237/4227 5139/1239/4229
f 5190/1238/4228 5139/1239/4229 5196/1240/4230
f 5196/1240/4230 5139/1239/4229 5143/1241/4231
f 5196/1240/4230 5143/1241/4231 5202/1242/4232
f 5202/1242/4232 5143/1241/4231 5147/1243/4233
f 5202/1242/4232 5147/1243/4233 5208/1244/4234
f 5208/1244/4234 5147/1243/4233 5151/1245/4235
f 5208/1244/4234 5151/1245/4235 5214/1246/4236
f 5214/1246/4236 5151/1245/4235 5155/1247/4237
f 5214/1246/4236 5155/1247/4237 5220/1248/4238
f 5220/1248/4238 5155/1247/4237 5159/1249/4239
f 5220/1248/4238 5159/1249/4239 5226/1250/4240
f 5226/1250/4240 5159/1249/4239 5163/1251/4241
f 5226/1250/4240 5163/1251/4241 5232/1252/4242
f 5232/1252/4242 5163/1251/4241 5167/1253/4243
f 5232/1252/4242 5167/1253/4243 5238/1254/4244
f 5238/1254/4244 5167/1253/4243 5170/1255/4245
f 5238/1254/4244 5170/1255/4245 5244/1256/4246
f 5244/1256/4246 5170/1255/4245 5125/1257/4224
f 5244/1256/4246 5125/1257/4224 5182/1258/4247
f 5168/1259/4248 5249/1260/4246 5172/1261/4247
f 5168/1259/4248 5172/1261/4247 5122/1262/4249
f 5249/1260/4246 5248/1263/4246 5174/1264/4247
f 5249/1260/4246 5174/1264/4247 5172/1261/4247
f 5248/1263/4246 5247/1265/4246 5176/1266/4247
f 5248/1263/4246 5176/1266/4247 5174/1264/4247
f 5247/1265/4246 5246/1267/4246 5178/1268/4247
f 5247/1265/4246 5178/1268/4247 5176/1266/4247
f 5246/1267/4246 5245/1269/4246 5180/1270/4247
f 5246/1267/4246 5180/1270/4247 5178/1268/4247
f 5245/1269/4246 5244/1256/4246 5182/1258/4247
f 5245/1269/4246 5182/1258/4247 5180/1270/4247
f 5164/1271/4250 5243/1272/4244 5249/1260/4246
f 5164/1271/4250 5249/1260/4246 5168/1259/4248
f 5243/1272/4244 5242/1273/4244 5248/1263/4246
f 5243/1272/4244 5248/1263/4246 5249/1260/4246
f 5242/1273/4244 5241/1274/4244 5247/1265/4246
f 5242/1273/4244 5247/1265/4246 5248/1263/4246
f 5241/1274/4244 5240/1275/4244 5246/1267/4246
f 5241/1274/4244 5246/1267/4246 5247/1265/4246
f 5240/1275/4244 5239/1276/4244 5245/1269/4246
f 5240/1275/4244 5245/1269/4246 5246/1267/4246
f 5239/1276/4244 5238/1254/4244 5244/1256/4246
f 5239/1276/4244 5244/1256/4246 5245/1269/4246
f 5160/1277/4251 5237/1278/4242 5243/1272/4244
f 5160/1277/4251 5243/1272/4244 5164/1271/4250
f 5237/1278/4242 5236/1279/4242 5242/1273/4244
f 5237/1278/4242 5242/1273/4244 5243/1272/4244
f 5236/1279/4242 5235/1280/4242 5241/1274/4244
f 5236/1279/4242 5241/1274/4244 5242/1273/4244
f 5235/1280/4242 5234/1281/4242 5240/1275/4244
f 5235/1280/4242 5240/1275/4244 5241/1274/4244
f 5234/1281/4242 5233/1282/4242 5239/1276/4244
f 5234/1281/4242 5239/1276/4244 5240/1275/4244
f 5233/1282/4242 5232/1252/4242 5238/1254/4244
f 5233/1282/4242 5238/1254/4244 5239/1276/4244
f 5156/1283/4252 5231/1284/4240 5237/1278/4242
f 5156/1283/4252 5237/1278/4242 5160/1277/4251
f 5231/1284/4240 5230/1285/4240 5236/1279/4242
f 5231/1284/4240 5236/1279/4242 5237/1278/4242
f 5230/1285/4240 5229/1286/4240 5235/1280/4242
f 5230/1285/4240 5235/1280/4242 5236/1279/4242
f 5229/1286/4240 5228/1287/4240 5234/1281/4242
f 5229/1286/4240 5234/1281/4242 5235/1280/4242
f 5228/1287/4240 5227/1288/4240 5233/1282/4242
f 5228/1287/4240 5233/1282/4242 5234/1281/4242
f 5227/1288/4240 5226/1250/4240 5232/1252/4242
f 5227/1288/4240 5232/1252/4242 5233/1282/4242
f 5152/1289/4253 5225/1290/4238 5231/1284/4240
f 5152/1289/4253 5231/1284/4240 5156/1283/4252
f 5225/1290/4238 5224/1291/4238 5230/1285/4240
f 5225/1290/4238 5230/1285/4240 5231/1284/4240
f 5224/1291/4238 5223/1292/4238 5229/1286/4240
f 5224/1291/4238 5229/1286/4240 5230/1285/4240
f 5223/1292/4238 5222/1293/4238 5228/1287/4240
f 5223/1292/4238 5228/1287/4240 5229/1286/4240
f 5222/1293/4238 5221/1294/4238 5227/1288/4240
f 5222/1293/4238 5227/1288/4240 5228/1287/4240
f 5221/1294/4238 5220/1248/4238 5226/1250/4240
f 5221/1294/4238 5226/1250/4240 5227/1288/4240
f 5148/1295/4254 5219/1296/4236 5225/1290/4238
f 5148/1295/4254 5225/1290/4238 5152/1289/4253
f 5219/1296/4236 5218/1297/4236 5224/1291/4238
f 5219/1296/4236 5224/1291/4238 5225/1290/4238
f 5218/1297/4236 5217/1298/4236 5223/1292/4238
f 5218/1297/4236 5223/1292/4238 5224/1291/4238
f 5217/1298/4236 5216/1299/4236 5222/1293/4238
f 5217/1298/4236 5222/1293/4238 5223/1292/4238
f 5216/1299/4236 5215/1300/4236 5221/1294/4238
f 5216/1299/4236 5221/1294/4238 5222/1293/4238
f 5215/1300/4236 5214/1246/4236 5220/1248/4238
f 5215/1300/4236 5220/1248/4238 5221/1294/4238
f 5144/1301/4255 5213/1302/4234 5219/1296/4236
f 5144/1301/4255 5219/1296/4236 5148/1295/4254
f 5213/1302/4234 5212/1303/4234 5218/1297/4236
f 5213/1302/4234 5218/1297/4236 5219/1296/4236
f 5212/1303/4234 5211/1304/4234 5217/1298/4236
f 5212/1303/4234 5217/1298/4236 5218/1297/4236
f 5211/1304/4234 5210/1305/4234 5216/1299/4236
f 5211/1304/4234 5216/1299/4236 5217/1298/4236
f 5210/1305/4234 5209/1306/4234 5215/1300/4236
f 5210/1305/4234 5215/1300/4236 5216/1299/4236
f 5209/1306/4234 5208/1244/4234 5214/1246/4236
f 5209/1306/4234 5214/1246/4236 5215/1300/4236
f 5140/1307/4256 5207/1308/4232 5213/1302/4234
f 5140/1307/4256 5213/1302/4234 5144/1301/4255
f 5207/1308/4232 5206/1309/4232 5212/1303/4234
f 5207/1308/4232 5212/1303/4234 5213/1302/4234
f 5206/1309/4232 5205/1310/4232 5211/1304/4234
f 5206/1309/4232 5211/1304/4234 5212/1303/4234
f 5205/1310/4232 5204/1311/4232 5210/1305/4234
f 5205/1310/4232 5210/1305/4234 5211/1304/4234
f 5204/1311/4232 5203/1312/4232 5209/1306/4234
f 5204/1311/4232 5209/1306/4234 5210/1305/4234
f 5203/1312/4232 5202/1242/4232 5208/1244/4234
f 5203/1312/4232 5208/1244/4234 5209/1306/4234
f 5136/1313/4257 5201/1314/4230 5207/1308/4232
f 5136/1313/4257 5207/1308/4232 5140/1307/4256
f 5201/1314/4230 5200/1315/4230 5206/1309/4232
f 5201/1314/4230 5206/1309/4232 5207/1308/4232
f 5200/1315/4230 5199/1316/4230 5205/1310/4232
f 5200/1315/4230 5205/1310/4232 5206/1309/4232
f 5199/1316/4230 5198/1317/4230 5204/1311/4232
f 5199/1316/4230 5204/1311/4232 5205/1310/4232
f 5198/1317/4230 5197/1318/4230 5203/1312/4232
f 5198/1317/4230 5203/1312/4232 5204/1311/4232
f 5197/1318/4230 5196/1240/4230 5202/1242/4232
f 5197/1318/4230 5202/1242/4232 5203/1312/4232
f 5132/1319/4258 5195/1320/4228 5201/1314/4230
f 5132/1319/4258 5201/1314/4230 5136/1313/4257
f 5195/1320/4228 5194/1321/4228 5200/1315/4230
f 5195/1320/4228 5200/1315/4230 5201/1314/4230
f 5194/1321/4228 5193/1322/4228 5199/1316/4230
f 5194/1321/4228 5199/1316/4230 5200/1315/4230
f 5193/1322/4228 5192/1323/4228 5198/1317/4230
f 5193/1322/4228 5198/1317/4230 5199/1316/4230
f 5192/1323/4228 5191/1324/4228 5197/1318/4230
f 5192/1323/4228 5197/1318/4230 5198/1317/4230
f 5191/1324/4228 5190/1238/4228 5196/1240/4230
f 5191/1324/4228 5196/1240/4230 5197/1318/4230
f 5129/1325/4259 5189/1326/4226 5195/1320/4228
f 5129/1325/4259 5195/1320/4228 5132/1319/4258
f 5189/1326/4226 5188/1327/4226 5194/1321/4228
f 5189/1326/4226 5194/1321/4228 5195/1320/4228
f 5188/1327/4226 5187/1328/4226 5193/1322/4228
f 5188/1327/4226 5193/1322/4228 5194/1321/4228
f 5187/1328/4226 5186/1329/4226 5192/1323/4228
f 5187/1328/4226 5192/1323/4228 5193/1322/4228
f 5186/1329/4226 5185/1330/4226 5191/1324/4228
f 5186/1329/4226 5191/1324/4228 5192/1323/4228
f 5185/1330/4226 5184/1236/4226 5190/1238/4228
f 5185/1330/4226 5190/1238/4228 5191/1324/4228
f 5124/1331/4249 5173/1332/4223 5189/1326/4226
f 5124/1331/4249 5189/1326/4226 5129/1325/4259
f 5173/1332/4223 5175/1333/4223 5188/1327/4226
f 5173/1332/4223 5188/1327/4226 5189/1326/4226
f 5175/1333/4223 5177/1334/4223 5187/1328/4226
f 5175/1333/4223 5187/1328/4226 5188/1327/4226
f 5177/1334/4223 5179/1335/4223 5186/1329/4226
f 5177/1334/4223 5186/1329/4226 5187/1328/4226
f 5179/1335/4223 5181/1336/4223 5185/1330/4226
f 5179/1335/4223 5185/1330/4226 5186/1329/4226
f 5181/1336/4223 5183/1233/4223 5184/1236/4226
f 5181/1336/4223 5184/1236/4226 5185/1330/4226
f 5171/1337/4260 5130/1338/4261 5126/1339/4262
f 5130/1338/4261 5171/1337/4260 5166/1340/4263
f 5130/1338/4261 5166/1340/4263 5134/1341/4264
f 5134/1341/4264 5166/1340/4263 5162/1342/4265
f 5134/1341/4264 5162/1342/4265 5138/1343/4266
f 5138/1343/4266 5162/1342/4265 5158/1344/4267
f 5138/1343/4266 5158/1344/4267 5142/1345/4268
f 5142/1345/4268 5158/1344/4267 5154/1346/4269
f 5142/1345/4268 5154/1346/4269 5146/1347/4270
f 5146/1347/4270 5154/1346/4269 5150/1348/4271
f 5128/1349/4272 5169/1350/4273 5123/1351/4274
f 5169/1350/4273 5128/1349/4272 5133/1352/4275
f 5169/1350/4273 5133/1352/4275 5165/1353/4276
f 5165/1353/4276 5133/1352/4275 5137/1354/4277
f 5165/1353/4276 5137/1354/4277 5161/1355/4278
f 5161/1355/4278 5137/1354/4277 5141/1356/4279
f 5161/1355/4278 5141/1356/4279 5157/1357/4280
f 5157/1357/4280 5141/1356/4279 5145/1358/4281
f 5157/1357/4280 5145/1358/4281 5153/1359/4282
f 5153/1359/4282 5145/1358/4281 5149/1360/4283
